volume,sentiment,Taker Buy Sell Ratio,MVRV Ratio,Open Interest,Funding Rates,Estimated Leverage Ratio,Exchange Netflow (Total),fng_value,Daily_sentiment,lag_return_1,lag_fng,ma_3,volatility_3,Datetime,Actual_Return,Predicted_Return,Signal
2697385,1,0.99642069,1.32210972,8497083913.267618,0.00789923,0.21555222,-2127.724817400001,47,1,0.0038924473061348,44.0,-0.00022639278542974705,0.00413906650110077,2023-10-14,-0.0001862322241341,0.00041517658329848944,Hold
5539812,1,1.14917138,1.33758929,8700942695.598574,0.005298665,0.21834527,-1696.7572505200003,45,1,-0.0001862322241341,47.0,0.005041458950363153,0.005886905877149793,2023-10-15,0.0114181617690887,0.01636590976267984,Buy
31393411,1,1.05911365,1.40308361,8368627111.678736,0.0060513066666666,0.20116224,-3712.683222790001,47,1,0.0114181617690887,45.0,0.020329795142814987,0.026137251242024276,2023-10-16,0.0497574558834903,0.03633974101207323,Buy
12627516,1,0.96728569,1.39735705,8490178658.0,0.001990965,0.20554291,-6850.697604189998,52,0,0.0497574558834903,47.0,0.019193067379506587,0.02751355604451642,2023-10-17,-0.0035964155140593,-0.007523120094207146,Sell
10939212,1,1.02191238,1.39292537,8237499571.0,-0.00022305,0.20017978,-109.89944688999822,50,0,-0.0035964155140593,52.0,0.014403379574867585,0.030619229346372907,2023-10-18,-0.0029509016448283,0.016467936737929904,Buy
10972213,1,1.01137216,1.41254128,8627207565.279358,-0.00656295,0.20778258,-8207.188399599996,52,1,-0.0029509016448283,50.0,0.002517188579246852,0.010035233155477476,2023-10-19,0.0140988828966281,0.005978788026086808,Buy
23590176,1,1.08691382,1.45820131,8797721881.197485,-4.89983333333e-05,0.20541582,3034.609929120008,53,1,0.0140988828966281,52.0,0.014828072273478285,0.018154555066089147,2023-10-20,0.033336235568635,0.030375817343803936,Buy
9573013,1,1.05394656,1.46959898,9046842741.0,0.0013834233333333,0.20924655,1835.06713358,63,1,0.033336235568635,53.0,0.018474265514994922,0.013228579722896063,2023-10-21,0.0079876780797216,0.019711635954824447,Buy
7390432,1,0.99596058,1.47377427,8932910816.430319,0.0071576966666666,0.20587866,308.7837387100008,53,1,0.0079876780797216,63.0,0.014736486057893154,0.016308615916088308,2023-10-22,0.0028855445253228,0.0037512926280761,Buy
44118216,1,1.08214354,1.62180793,8891804249.538946,0.0076325299999999,0.18578892,4016.540209640007,53,0,0.0028855445253228,53.0,0.03804795891195686,0.05654208981291599,2023-10-23,0.1032706541308261,0.05902076786548733,Buy
43741546,1,1.00125255,1.65818904,8832562127.981163,0.0170455766666666,0.17918239,5057.920286290013,66,1,0.1032706541308261,53.0,0.043805487288578145,0.05269949297414782,2023-10-24,0.0252602632095855,0.018536807617360745,Buy
19844114,1,1.01053803,1.68401912,9387949999.008102,0.012830875,0.18715298,3797.79674428,72,1,0.0252602632095855,66.0,0.04849099199049615,0.04762254371627996,2023-10-25,0.0169420586310768,0.02112243701919051,Buy
13505235,1,0.95040768,1.6646263,9325159856.0,0.0141662066666666,0.1878319,1814.9191513999976,71,1,0.0169420586310768,72.0,0.010777795315573149,0.018357934635491728,2023-10-26,-0.0098689358939429,-0.00830589819718574,Sell
11608539,1,0.94623263,1.65066238,9183458593.532455,0.0123733649999999,0.18640675,-402.7068505400021,70,1,-0.0098689358939429,71.0,-0.00014021650943258553,0.01484127499737159,2023-10-27,-0.0074937722654317,-0.006339431334769705,Sell
6793353,1,1.06213957,1.65882687,9325529483.427773,0.0135560299999999,0.18801117,-206.56425246999788,65,1,-0.0074937722654317,70.0,-0.0038586901714588867,0.008437097372956278,2023-10-28,0.0057866376449979,0.012935948247569619,Buy
8655129,1,1.03451231,1.67972007,9725347221.0,0.02217425,0.19366946,1814.9359689999983,72,0,0.0057866376449979,65.0,0.003797280756472281,0.010439515557033485,2023-10-29,0.0130989768898506,0.011820793761623509,Buy
13042186,1,0.95639549,1.67582625,9528499042.159996,0.0152923516666666,0.1902798,190.5674026400011,68,1,0.0130989768898506,72.0,0.005928571561208181,0.007100502383950768,2023-10-30,-0.001099899851224,-0.00591079320321305,Sell
10198652,1,1.00268322,1.6823578,9673502039.300346,0.01011157,0.1921616,-657.8186313599945,66,0,-0.001099899851224,68.0,0.0056339728281477805,0.007127618115523204,2023-10-31,0.0049028414458167,0.009415756369642706,Buy
20029104,1,1.00911231,1.716338,9839777084.975307,0.0160952533333333,0.19150386,1397.3355258299998,66,-1,0.0049028414458167,66.0,0.00873597169833888,0.01221226569760323,2023-11-01,0.0224049735004239,0.009195684072212114,Buy
15862017,1,0.92332509,1.69204123,9474089659.691902,0.020020815,0.18595215,9901.266941380003,72,1,0.0224049735004239,66.0,0.00438606729866448,0.018282771702124532,2023-11-02,-0.0141496130502472,-0.014626765186701857,Sell
8484767,1,0.9860747,1.692506,9720542161.0,0.0147283166666666,0.19106658,2135.2355407799987,70,0,-0.0141496130502472,72.0,0.0035995410309413466,0.018300170559254765,2023-11-05,0.0025432626426473,0.0007353991929629468,Hold
7815319,1,0.99293297,1.6936217,9744758753.0,0.0151897599999999,0.19104469,4099.196591760003,74,0,0.0025432626426473,70.0,-0.0036785464338539523,0.009121686628845686,2023-11-06,0.000570711106038,0.0008730931772046153,Hold
14844683,1,1.0033671,1.70977843,10005602930.008688,0.0082530216666666,0.19436863,2480.874026379999,68,0,0.000570711106038,74.0,0.004331967977830081,0.004906556864572895,2023-11-07,0.0098819301848049,0.009347570685388863,Buy
12969111,1,1.00704452,1.71886857,10140983472.07156,0.0103231966666666,0.19707814,-5768.111602239995,66,1,0.0098819301848049,68.0,0.005619173733114847,0.0047050718197211554,2023-11-08,0.0064048799085016,0.00934332550777169,Buy
41181848,1,1.06164632,1.76566578,9615329440.005676,0.0183255733333333,0.18231646,-821.3258917099956,69,1,0.0064048799085016,66.0,0.015542871629240382,0.01293363006956892,2023-11-09,0.0303418047944146,0.029104522858346176,Buy
16082565,1,0.94575033,1.7927248,9616925812.058592,0.0338288633333333,0.17599035,29928.05674157001,70,1,0.0303418047944146,69.0,0.017743839334220315,0.0120180246045095,2023-11-10,0.0164848332997447,-0.009051498137525428,Sell
8616138,1,0.95348608,1.78306727,9538164789.552065,0.012497555,0.17523217,1892.103363739996,70,1,0.0164848332997447,70.0,0.014148688977327246,0.017478673454787916,2023-11-11,-0.0043805711621776,-0.007806103759190949,Sell
6182403,1,0.98223672,1.77972713,9627156842.871387,0.02151521,0.17715425,827.2468157600015,73,0,-0.0043805711621776,70.0,0.0035144869514936133,0.011320785698791257,2023-11-12,-0.0015608012830863,-0.001287559834488952,Sell
13006862,1,0.94051442,1.74875206,9545024189.907568,0.0184103666666666,0.17877021,1063.6122536500045,72,0,-0.0015608012830863,73.0,-0.00752547164076682,0.00801411168867331,2023-11-13,-0.0166350424770366,-0.010123366149946356,Sell
22813314,1,0.91403108,1.70485287,9078667684.638788,0.0143842733333333,0.17406592,3845.364596879997,69,0,-0.0166350424770366,72.0,-0.01442757610169632,0.011917375099405537,2023-11-14,-0.0250868845449661,-0.023897391003166943,Sell
28367191,1,1.05222597,1.81514543,9935486880.725506,0.01076773,0.17878075,1579.3080779099982,60,1,-0.0250868845449661,69.0,0.007830171277963115,0.04987386144084784,2023-11-15,0.065212440855892,0.03987085861449958,Buy
25701789,1,0.930383,1.73078008,9466177688.554531,0.0118814849999999,0.17860245,1791.007800579995,70,0,0.065212440855892,60.0,-0.0016852754646816844,0.058799877132155495,2023-11-16,-0.045181382704971,-0.026243391091981073,Sell
19031147,1,0.99773858,1.75254871,9269898306.472668,0.0093636166666666,0.17274622,-2048.071834399998,63,0,-0.045181382704971,70.0,0.010779926523233148,0.05521278819685912,2023-11-17,0.0123087214187784,0.012995449277716243,Buy
5545786,1,0.96146223,1.7503449,9380342586.625566,0.0092623233333333,0.1748974,798.3794518600007,69,-1,0.0123087214187784,63.0,-0.011296139728768086,0.03009223663915869,2023-11-18,-0.0010157579001117,-0.01664681695708496,Sell
7156784,1,1.09227565,1.78723103,9734858603.126225,0.0080134633333333,0.17767933,139.68773201000295,66,1,-0.0010157579001117,69.0,0.01102125489289428,0.01144770701894622,2023-11-19,0.0217708011600161,0.023160040497255313,Buy
17604817,1,0.95000625,1.78935734,9843651362.0,0.01065997,0.17995687,-1279.4324647199974,69,1,0.0217708011600161,66.0,0.0076548836803826785,0.012330656538217508,2023-11-20,0.0022096077812436,-0.008880528316457206,Sell
26196655,1,0.89852922,1.7038699,9308190245.060991,0.0078611616666666,0.1792446,-2307.728772759998,71,1,0.0022096077812436,69.0,-0.007445021950359588,0.03505487340878329,2023-11-21,-0.0463154747923385,-0.025087090971922535,Sell
18934403,1,1.06748125,1.77060911,9608551650.140724,0.0089803633333333,0.17706269,-10619.778048380002,62,1,-0.0463154747923385,71.0,0.0011028672215789431,0.04687477180356622,2023-11-22,0.0474144686758317,0.03309459125988099,Buy
10044470,1,0.98586233,1.77702436,9709192047.077574,0.0118142016666666,0.17971935,-324.8632564899963,66,0,0.0474144686758317,62.0,-0.0007978151332115891,0.04692303618819425,2023-11-23,-0.003492439283128,-0.007817637402063312,Sell
21240094,1,1.01800431,1.79571724,9760608318.0,0.0132325333333333,0.17930893,-652.3438605299962,66,1,-0.003492439283128,66.0,0.018627126110727678,0.02610024442011156,2023-11-24,0.0119593489394793,0.02319070415439201,Buy
3745831,1,0.97152171,1.79801168,9736012508.704197,0.0076486033333333,0.17864093,-3602.425110019998,73,1,0.0119593489394793,66.0,0.0033398933333424804,0.007879390601704409,2023-11-25,0.0015527703436761,-0.00459825558262442,Sell
9342447,1,0.94642717,1.7817409,9598324361.648155,0.0094413616666666,0.17799043,-3246.9308651799984,73,1,0.0015527703436761,73.0,0.0015117862846406802,0.01046811485629111,2023-11-26,-0.0089767604292334,-0.006763641106496519,Sell
13358445,1,0.94644454,1.77110618,9574369256.161585,0.0064774983333333,0.17862087,-6031.745064169998,66,1,-0.0089767604292334,73.0,-0.00434607770793862,0.0053780979029011446,2023-11-27,-0.0056142430382586,-0.007892637370881184,Sell
15943547,1,1.02478783,1.79725497,9895753385.265133,0.00821206,0.18282687,-6637.50494626,68,0,-0.0056142430382586,66.0,0.0002963407685679133,0.013256502123146142,2023-11-28,0.0154800257731957,0.013325267456469298,Buy
13833250,1,1.01025221,1.79763035,10025079201.596214,0.0058851749999999,0.18548051,-5182.94365899,72,1,0.0154800257731957,68.0,0.0034921654658247136,0.01083831709923093,2023-11-29,0.000610713662537,0.009128163891950734,Buy
7931684,1,0.97130406,1.79033141,9998522654.826836,0.0067071516666666,0.18547413,-827.021148620006,74,1,0.000610713662537,72.0,0.004232731702250414,0.00994397991628154,2023-11-30,-0.0033925443289815,-0.0025717159081752486,Sell
17526998,1,1.0818717,1.83320341,11104713065.82116,0.0153788483333333,0.20066169,1481.1100740700058,71,0,-0.0033925443289815,74.0,0.007627141317956414,0.015747461888452722,2023-12-01,0.0256632546203137,0.02558077428331229,Buy
12077527,1,1.07819543,1.86876249,10644187797.122252,0.0106942416666666,0.18904213,-2263.3214775299966,74,1,0.0256632546203137,71.0,0.014136367319971982,0.015429779173937135,2023-12-02,0.0201383916685837,0.02501812183777285,Buy
11665548,1,1.03575274,1.89177189,10664726108.22228,0.0148217166666666,0.18698376,952.3130421800016,73,1,0.0201383916685837,74.0,0.019808631250009614,0.006026274122121757,2023-12-03,0.0136242474611314,0.023101484740829462,Buy
34164520,1,1.05349236,1.98070809,11083225185.818638,0.0252061783333333,0.18437045,5477.933686069999,74,1,0.0136242474611314,73.0,0.027869176676132645,0.019308224423345184,2023-12-04,0.0498448908986828,0.04039417112873855,Buy
32601503,1,1.04663167,2.07464214,11607843923.293615,0.0148591549999999,0.1843485,-9006.866720040001,75,1,0.0498448908986828,74.0,0.03778967159426515,0.020927889251012535,2023-12-05,0.0498998764229812,0.03792990863996419,Buy
21417080,1,0.95556656,2.05255158,11499467731.02004,0.0121154116666666,0.1830292,11129.61674138,72,1,0.0498998764229812,75.0,0.030862432823722644,0.03292621217722913,2023-12-06,-0.0071574688504961,-0.0080224943187307,Sell
21844008,1,0.95035736,2.02636041,11441391225.24348,0.0087675633333333,0.18355737,7478.198203510001,72,1,-0.0071574688504961,72.0,0.01063760552961498,0.03405166012132507,2023-12-07,-0.0108295909836402,-0.008818441496475307,Sell
18695178,1,1.01664931,2.0659048,11289610939.477951,0.022654535,0.17707666,5534.372142100001,72,1,-0.0108295909836402,72.0,0.0008527796231502469,0.017152858505962657,2023-12-08,0.020545398703587,0.018603375763505226,Buy
11862413,1,0.94538974,2.04191357,11082030072.154274,0.0169545449999999,0.17506727,4631.743478329998,73,1,0.020545398703587,72.0,-9.595265087121961e-05,0.01788070405377048,2023-12-09,-0.0100036656725605,-0.012585048640796246,Sell
8177478,1,0.9858393,2.04431933,11289518651.69212,0.0229358749999999,0.17771444,2449.478350639998,74,-1,-0.0100036656725605,73.0,0.003981702357116481,0.01543687682941053,2023-12-10,0.0014033740403229,0.0004908972107289877,Hold
22156450,1,1.00094718,1.93111048,10394848983.281857,0.01261524,0.17101777,-3872.221679219998,67,-1,0.0014033740403229,74.0,-0.02060727223374122,0.02881487905152125,2023-12-12,-0.0532215250689861,0.002702065391586391,Buy
22591625,1,1.00574097,1.99444617,10765215398.29731,0.016987125,0.17138346,4302.839792669998,65,-1,-0.0532215250689861,67.0,-0.006033917839808019,0.043943549907091886,2023-12-13,0.0337163975092391,0.011736224462784061,Buy
24068698,1,0.98366958,1.99919883,10586487896.59206,0.007538335,0.16817966,-1088.5776776099956,72,1,0.0337163975092391,65.0,-0.005294461346296686,0.04414945783901733,2023-12-14,0.0036217435208569,-0.008812899404925129,Sell
17867917,1,0.9563875,1.94565428,10223782723.70817,0.01497665,0.16643563,4881.78697976,70,0,0.0036217435208569,72.0,0.004104813167348248,0.02937302888604098,2023-12-15,-0.0250237015280513,-0.01212912730041526,Sell
9290316,1,0.99430219,1.95976088,10304614139.120668,0.020310875,0.16736617,-8525.10602621,67,1,-0.0250237015280513,70.0,-0.004675195568403718,0.01772203652338155,2023-12-16,0.0073763713019832,0.003658840715660388,Buy
14312496,1,0.93565481,1.91740808,10160736737.259155,0.0303992916666666,0.16801588,6167.770692350001,73,0,0.0073763713019832,67.0,-0.01307152508946452,0.017792529977099292,2023-12-17,-0.0215672450423255,-0.021473299474438275,Sell
22621651,1,1.01839016,1.97488882,10352697059.736897,0.0201407166666666,0.16586787,2460.033434540004,65,1,-0.0215672450423255,73.0,0.00581871148235458,0.02664130092140334,2023-12-18,0.031647008187406,0.024577940530393323,Buy
24664882,1,0.98391524,1.95448699,10463086572.85075,0.0243197833333333,0.16906963,-2178.8173187700013,73,1,0.031647008187406,65.0,0.0033599210483601792,0.02676576150211149,2023-12-19,0.0,-0.0039441605633743545,Sell
28657359,1,1.04517071,2.01462524,10962088579.30398,0.0192082883333333,0.17177948,-849.795051369998,74,1,0.0,73.0,0.018708696467172013,0.016593862928782035,2023-12-20,0.02447908121411,0.03008918305793177,Buy
15296914,1,0.97230421,2.02635772,10738254970.068808,0.0332851766666666,0.16717115,254.7060257699996,74,1,0.02447908121411,74.0,0.010610730204639582,0.012560470701880627,2023-12-22,0.0073531093998087,-0.0033764078444300893,Sell
6950528,1,0.94468327,2.01231961,10651440995.512104,0.0093175499999999,0.16722949,-2672.8851311100007,70,1,0.0073531093998087,74.0,0.008462234151876514,0.015492090433631728,2023-12-23,-0.0064454881582892,-0.005589551503800775,Sell
10958700,1,0.92515742,1.97663057,10497354203.083126,0.0191725733333333,0.16800526,-12992.906017319998,71,1,-0.0064454881582892,70.0,-0.005066208681336185,0.011790341934360127,2023-12-24,-0.0161062472855281,-0.009889818849705356,Sell
10975108,1,1.03404477,2.00252523,10644812912.892746,0.0269730766666666,0.16687544,12644.426918740002,73,1,-0.0161062472855281,71.0,-0.0030123848241653192,0.015105893403984072,2023-12-25,0.0135145809713213,0.01642466984441145,Buy
18971060,1,0.89293967,1.95082499,10718282398.287489,0.0454025666666666,0.17279749,-2325.9298802299963,71,0,0.0135145809713213,73.0,-0.009097869529744519,0.02004903193013314,2023-12-26,-0.0247019422750268,-0.025128055710703204,Sell
14187564,1,1.02931861,1.98837566,10780130558.433784,0.029405155,0.17046893,-312.0519864800008,73,1,-0.0247019422750268,71.0,0.003616568008272447,0.02489200079149294,2023-12-27,0.0220370653285228,0.02009221419109476,Buy
17686502,1,0.97292804,1.94588205,10586605398.511156,0.0461565833333333,0.1710388,-1664.8183451299992,73,0,0.0220370653285228,73.0,-0.007548197890182586,0.02573015163827569,2023-12-28,-0.0199797167240438,-0.00866075138595556,Sell
20747326,1,0.92736342,1.92028716,10436652152.993546,0.03981608,0.17119315,-8305.28360301,65,0,-0.0199797167240438,73.0,-0.003330771436671352,0.022324130329416048,2023-12-29,-0.0120496629144931,-0.013700023404837322,Sell
10761124,1,0.97280027,1.92263143,10496076159.0,0.0368262583333333,0.1697885,9779.298276609996,68,1,-0.0120496629144931,65.0,-0.010107204724942554,0.01097344880949698,2023-12-30,0.0017077654637092,-0.01096240488150265,Sell
9898625,0,0.98090527,1.92799955,10322413109.124924,0.03696715,0.16569478,4199.918900069999,67,1,0.0017077654637092,68.0,-0.00240636605688792,0.008381256522045357,2023-12-31,0.0031227992801201,-0.0019591116752889657,Sell
12547429,1,1.08941972,2.01399217,10915397676.461191,0.0388685416666666,0.16771642,-2719.99339978,65,-1,0.0031227992801201,67.0,0.01687774274453218,0.0250597059093676,2024-01-01,0.0458026634897672,0.027544252795183494,Buy
32889751,1,0.98893694,2.04489729,11233487997.988005,0.0493608516666666,0.16960079,-2705.611152149999,71,1,0.0458026634897672,65.0,0.021957579388080878,0.021776594357718896,2024-01-02,0.0169472753943553,0.003865507121181882,Buy
47974235,0,0.93068555,1.94634973,9868389874.738544,0.0082431533333333,0.15602178,3802.9431912599975,70,-1,0.0169472753943553,71.0,0.005040067249272977,0.04784077315476193,2024-01-03,-0.0476297371363036,-0.021130637318137854,Sell
24313763,0,1.01590959,1.99116868,10209308823.046026,0.0087776033333333,0.15651374,3274.7280986499973,68,-1,-0.0476297371363036,70.0,6.347414738181248e-05,0.04188630381107778,2024-01-04,0.0308728841840937,0.01846288386187439,Buy
27655211,0,0.98775748,1.98832421,9820375035.399014,0.0053826916666666,0.15079975,-586.2914046599981,72,1,0.0308728841840937,68.0,-0.005661833481896687,0.039532328808609,2024-01-05,-0.0002286474934802,-0.009754350393531295,Sell
8745634,0,0.99607342,1.97896733,9921854899.548414,0.0019719666666666,0.15290341,2839.8905039599995,70,1,-0.0002286474934802,72.0,0.008825941587935511,0.019194458980701126,2024-01-06,-0.004166411926807,0.005510713009149754,Buy
10803901,0,0.96937911,1.97617536,10023179372.742338,0.0052929516666666,0.15531865,-5904.152078320003,71,0,-0.004166411926807,70.0,-0.001828832288713854,0.0020698576155879665,2024-01-07,-0.0010914374458544,-0.005073062574156723,Sell
33746388,0,1.04381436,2.10911403,10913579654.166458,0.0025352333333333,0.15779767,12603.4908335,71,0,-0.0010914374458544,71.0,0.02148701626701775,0.041798321631505625,2024-01-08,0.0697188981737146,0.042338233142346755,Buy
40151453,0,0.9930615,2.0664456,10355614055.811289,0.0118200983333333,0.15209661,4449.634689950006,76,0,0.0697188981737146,71.0,0.01673099879568238,0.046700998445880874,2024-01-09,-0.0184344643408131,-0.0002752703497743871,Hold
51257207,0,0.97452147,2.08766046,10274329658.87962,0.0085058883333333,0.14796946,12195.81633642,73,-1,-0.0184344643408131,76.0,0.021036086707315247,0.044792891591914075,2024-01-10,0.0118238262890442,-0.0024562472731507854,Sell
44864426,0,0.98375521,2.06956211,10613297668.130898,0.0171115266666666,0.15390442,7117.179813419993,76,1,0.0118238262890442,73.0,-0.004431119940000386,0.015254288611892373,2024-01-11,-0.0066827217682323,-0.0020550220722056036,Sell
36436504,0,0.91701191,1.91020157,10314334602.384232,0.0193130166666666,0.16113667,3307.064898790006,71,0,-0.0066827217682323,76.0,-0.024215587740205154,0.04730871979504522,2024-01-12,-0.0777878677414274,-0.03705032533650669,Sell
15368634,0,0.96563577,1.91291975,10308166533.930271,0.00295416,0.16097509,-4724.418289180001,64,1,-0.0777878677414274,71.0,-0.02759551743704972,0.043668692283029616,2024-01-13,0.0016840371985105,-0.014320493216908146,Sell
12402889,0,0.9118008,1.8622049,10254327074.287453,0.0096778233333333,0.16454849,-280.82826660000137,60,-1,0.0016840371985105,64.0,-0.034279113571404354,0.04026969104300955,2024-01-14,-0.0267335101712962,-0.035808303187419684,Sell
15463330,0,1.03378644,1.89726149,10050226246.707289,0.0132689133333333,0.1578656,4004.860132470007,52,-1,-0.0267335101712962,60.0,-0.0020064825539321865,0.02310390112063287,2024-01-15,0.0190300253109891,0.014763997560525167,Buy
16608249,0,0.9870942,1.91594055,10072747643.381435,0.0096984,0.15632306,-7996.706327029999,64,-1,0.0190300253109891,52.0,0.00239120222629718,0.025308069245008037,2024-01-16,0.0148770915391986,-0.005268026210953404,Sell
13216114,0,0.98631523,1.89816128,10131465287.060167,0.0049878333333333,0.1585922,-946.3494325700012,60,0,0.0148770915391986,64.0,0.008376292904986713,0.0150006721894547,2024-01-17,-0.0087782381352276,-0.0033167440287201915,Sell
20750366,0,0.90915911,1.83036751,10109215849.249329,0.0146275466666666,0.16350971,-1824.815451679999,63,1,-0.0087782381352276,60.0,-0.009264037739201453,0.02438765825442419,2024-01-18,-0.0338909666215754,-0.025955158233751382,Sell
23537157,0,1.01398298,1.84398136,9906722341.627476,0.0080111783333333,0.15864105,1746.7553906799876,51,0,-0.0338909666215754,63.0,-0.011404115132806552,0.02129568063744471,2024-01-19,0.0084568593583833,0.00715988107313374,Buy
5155929,0,0.98147891,1.84632173,9911270435.530136,0.0067626883333333,0.15842767,1483.828452470003,52,1,0.0084568593583833,51.0,-0.008218602471989852,0.02256197641638055,2024-01-20,0.0007782998472225,-0.010023785481722017,Sell
4058652,0,1.00589431,1.8403267,9912120711.948492,0.0053143066666666,0.15908039,-875.8274934599976,56,-1,0.0007782998472225,52.0,0.0022870901802480802,0.0055707819816911445,2024-01-21,-0.0023738886648616,0.004549039912434261,Buy
27226120,0,0.93445978,1.7506856,9531739190.987415,0.0084067616666666,0.1605141,3604.92905716,55,1,-0.0023738886648616,56.0,-0.017014590641375418,0.028132499235735478,2024-01-22,-0.0494481831064872,-0.030790363733719465,Sell
20701112,0,0.99904494,1.76574344,9480610928.157034,0.0082157499999999,0.15819177,4208.014327109995,50,-1,-0.0494481831064872,55.0,-0.01421975152824625,0.0310492461917026,2024-01-23,0.00916281718661,0.0018930087107652534,Buy
13796032,0,1.01846214,1.77071593,9675558108.735895,0.0086539583333333,0.16032201,3313.665114379997,48,0,0.00916281718661,50.0,-0.011732087573563288,0.032726544013985386,2024-01-24,0.0050891031991873,0.008922417919393525,Buy
10349284,0,0.98652166,1.76387033,9777518936.0,0.0089431333333333,0.16239364,7001.749564190002,52,0,0.0050891031991873,48.0,0.0036493002204994475,0.006356908061619586,2024-01-25,-0.003304019724299,-0.002370580919428303,Sell
20326621,0,1.06071646,1.8446154,10305868433.771645,0.0113660916666666,0.16361205,-5144.416858419994,49,-1,-0.003304019724299,52.0,0.01614418489389948,0.026747878140475707,2024-01-26,0.0466474712068101,0.026092265927968806,Buy
7713472,0,0.97540518,1.85742684,10201712357.092571,0.0070725633333333,0.16086103,-87.90956107000238,55,1,0.0466474712068101,49.0,0.016878258922333248,0.026319571310955952,2024-01-27,0.0072913252844886,-0.007353459830851787,Sell
13462081,0,1.0051696,1.852783,9950632810.597706,0.0065374133333333,0.15731633,-193.7013460199996,54,-1,0.0072913252844886,55.0,0.01737876145787338,0.025752038704729592,2024-01-28,-0.0018025121176786,0.008489261392051901,Buy
14655551,0,1.04034271,1.90711226,10358204438.268637,0.008988685,0.15891406,1103.4394219499954,55,0,-0.0018025121176786,54.0,0.01183864511980838,0.016394816050974075,2024-01-29,0.0300271221926151,0.022117983728483392,Buy
16241632,0,0.97648427,1.88665818,10124063898.970695,0.007405845,0.15697663,-9380.452268320005,61,0,0.0300271221926151,55.0,0.006683428696945714,0.020465727842666308,2024-01-30,-0.0081743239840994,-0.008469396221459766,Sell
17456292,0,1.00252286,1.88898258,10128244229.789265,0.00593735,0.15654982,-4486.425093109996,63,1,-0.0081743239840994,61.0,0.008222780561752581,0.01966637440323563,2024-02-01,0.002815543476742,0.014206639804585015,Buy
11616035,0,0.99358159,1.89240547,10106007808.391096,0.00882199,0.15618758,-6466.68154351,63,1,0.002815543476742,63.0,-0.000985073018767653,0.00622948066689922,2024-02-02,0.0024035614510544,0.0007570693145014836,Hold
4556187,0,0.94627174,1.88432497,10175490573.416534,0.0077381683333333,0.15796152,-749.8055118000011,60,-1,0.0024035614510544,63.0,0.0003751575485959136,0.003875563728022607,2024-02-03,-0.0040936322820087,-0.00793989387974865,Sell
6753723,0,0.94113391,1.86502057,10108884063.318632,0.00530237,0.15840533,2128.279370440003,60,-1,-0.0040936322820087,60.0,-0.003989902552997286,0.006342235373999346,2024-02-04,-0.0102796368280376,-0.010709407576276983,Sell
12399810,0,1.00371652,1.86734412,10415330232.99112,0.01016978,0.16272005,462.1305251500016,60,1,-0.0102796368280376,60.0,-0.003961399485701986,0.006385380710499339,2024-02-05,0.0024890706529403,0.007504724273714198,Buy
10068795,0,0.99170223,1.88415746,10603714178.96485,0.010340455,0.16386301,-785.7285153999983,64,1,0.0024890706529403,60.0,0.0006863121420645138,0.010184940708111304,2024-02-06,0.0098495026012908,-0.0005825728133143555,Hold
14881971,0,1.07539372,1.93684668,11180871013.53896,0.0083464416666666,0.16863091,-4849.735566880001,62,1,0.0098495026012908,64.0,0.013933622981722382,0.01394269510170047,2024-02-07,0.029462295690936,0.0273385786600942,Buy
19205726,0,1.02405916,1.97609296,11728835689.1927,0.0129947666666666,0.17381423,188.61320568999508,66,1,0.029462295690936,62.0,0.02034328235023738,0.009878405752055425,2024-02-08,0.0217180487584853,0.024512316579715046,Buy
32761711,0,1.05050471,2.05336435,11694258315.00625,0.0081208116666666,0.16677704,315.8824544399977,72,1,0.0217180487584853,66.0,0.030590193102423512,0.009486514980243273,2024-02-09,0.0405902348578492,0.03576485197061733,Buy
10343496,0,1.03417263,2.07818948,12079551248.49015,0.00624903,0.17000641,-309.3972450700021,74,1,0.0405902348578492,72.0,0.025153262270645845,0.014038216329497909,2024-02-10,0.013151503195603,0.026187215492148922,Buy
15437081,0,1.01090002,2.10023283,12501360389.885468,0.0140743483333333,0.17346961,4623.119867780002,71,1,0.013151503195603,74.0,0.021938654342409616,0.016161720944402772,2024-02-11,0.0120742249737766,0.021797525469193994,Buy
30741790,0,1.04857043,2.16527399,13312728702.399033,0.0130633316666666,0.17883175,6576.411437300005,70,1,0.0120742249737766,71.0,0.019646429355480447,0.012194394341139697,2024-02-12,0.0337135598970617,0.035100823246487896,Buy
29008611,0,0.96828685,2.15169768,12797178984.506466,0.0132863833333333,0.17351997,-4876.6758632400015,79,1,0.0337135598970617,70.0,0.013745663561069049,0.019186856923243227,2024-02-13,-0.0045507941876312,-0.005761213927787494,Sell
31789648,0,1.04484617,2.23294282,13583535019.54952,0.0126874116666666,0.17640175,-11608.72437345999,74,1,-0.0045507941876312,79.0,0.023921558924782548,0.025055076640059546,2024-02-14,0.0426019110649171,0.037012689739987746,Buy
32680349,0,0.97565167,2.23154657,13286262472.69389,0.0128488366666666,0.17314768,-57.8924215099978,72,1,0.0426019110649171,74.0,0.013391366488452615,0.025516205829887673,2024-02-15,0.0021229825880719,-0.004009056666563746,Sell
19542026,0,0.98878535,2.23751781,13322716410.759676,0.0203032616666666,0.17327309,-6033.705719050005,72,0,0.0021229825880719,72.0,0.016301379808706915,0.02280012089530941,2024-02-16,0.0041792457731317,0.005716902190529289,Buy
16847277,0,0.98888315,2.2143152,13357606393.659485,0.0106307566666666,0.17550868,3037.397516159999,76,1,0.0041792457731317,72.0,-0.001032782032352084,0.007319290753472927,2024-02-17,-0.0094005744582599,0.0023729309055300412,Buy
12421467,0,0.98776386,2.23360999,13194384096.421017,0.0158704766666666,0.17149156,2898.3580904500013,72,0,-0.0094005744582599,76.0,0.0013821976350646492,0.009691837787355564,2024-02-18,0.0093679215903221,0.0020291000533811977,Buy
17101169,0,0.97045739,2.21046179,13346459767.148304,0.0199831683333333,0.1746243,-11698.353461499995,75,0,0.0093679215903221,72.0,-0.0023264975914729508,0.01020170492184063,2024-02-19,-0.0069468399064811,-0.004989306959540523,Sell
33136948,0,0.97241721,2.22820122,13087797529.723248,0.0107790866666666,0.16993558,-2695.470099220001,72,1,-0.0069468399064811,75.0,0.0040143140601240825,0.00949348689638028,2024-02-20,0.0096218604965312,2.1915073772297508e-05,Hold
32735283,0,0.96021887,2.20806859,13076069464.2032,0.0122361133333333,0.17060464,97.6935872200047,78,1,0.0096218604965312,72.0,-0.001797644316005984,0.009905455141809955,2024-02-21,-0.0080679535380681,-0.006261778869861537,Sell
22158061,0,0.96848852,2.1784303,12757006972.629736,0.0193452533333333,0.16846707,7525.46654858,74,1,-0.0080679535380681,78.0,-0.003310200172676084,0.011329027101547151,2024-02-22,-0.0114845074764914,-0.004019887574299923,Sell
18586917,0,0.92102705,2.15254728,12946912208.913568,0.0090982516666666,0.17264555,-6671.61100515,76,1,-0.0114845074764914,74.0,-0.010039904158849216,0.001768270790106726,2024-02-23,-0.0105672514619882,-0.01826328339670531,Sell
8572083,0,1.04068229,2.18628467,13120323008.306046,0.0150045333333333,0.17207713,817.2341924399989,72,0,-0.0105672514619882,76.0,-0.0018565318569355841,0.015888396601131543,2024-02-24,0.0164821633676728,0.01769416202566581,Buy
10359059,0,1.01051308,2.19178319,12956451166.841576,0.0180819433333333,0.16928873,1178.567744439999,74,0,0.0164821633676728,72.0,0.0030628388834587823,0.013525939055864909,2024-02-25,0.0032736047446917,0.013104046008446142,Buy
34645491,0,1.08849773,2.30483681,13791206250.05823,0.0171616016666666,0.17187128,-3718.761324760009,72,-1,0.0032736047446917,74.0,0.024601846910542718,0.026343912990175498,2024-02-26,0.0540497726192636,0.037060379894395985,Buy
40984270,0,1.04238303,2.39957713,13767402338.407764,0.0436301883333333,0.16420379,-5223.924686020007,79,1,0.0540497726192636,72.0,0.03469884739234865,0.027457178695002405,2024-02-27,0.0467731648130906,0.04076984062406559,Buy
95386249,1,1.02708418,2.59183556,14242631319.201824,0.0481849566666666,0.15469268,9155.356053120006,82,1,0.0467731648130906,79.0,0.06530784821583292,0.0260565466223844,2024-02-28,0.0951006072151445,0.049134558950051636,Buy
63577491,1,0.9746355,2.52259136,13912492710.357315,0.064709255,0.15426678,6866.468833410007,80,1,0.0951006072151445,82.0,0.040370340515793045,0.05819644777290431,2024-02-29,-0.020762750480856,0.002784500698533643,Buy
30754794,1,0.98742505,2.55607737,14329230660.87094,0.045899185,0.15604478,-13463.109340980009,80,1,-0.020762750480856,80.0,0.03142351816324585,0.05878017207682378,2024-03-01,0.019932697755449,0.009213943042494566,Buy
17729079,0,0.94697576,2.53736835,14179858028.800856,0.033925295,0.15528255,2281.200597059993,80,-1,0.019932697755449,80.0,-0.002202504156028886,0.020581912140842186,2024-03-02,-0.0057774597426797,-0.015860103721518,Sell
24528327,1,1.01441651,2.57913652,14774048338.734756,0.0397357433333333,0.15892925,1073.7702958500013,83,1,-0.0057774597426797,80.0,0.010555207827590748,0.014196264356258693,2024-03-03,0.0175103854700029,0.024908215974036568,Buy
75639088,1,1.01361314,2.77067786,16602081839.426851,0.0689075183333333,0.16508187,3799.7253358000016,82,1,0.0175103854700029,83.0,0.031180130034204983,0.04536437115761218,2024-03-04,0.0818074643752917,0.03984577278618163,Buy
162443239,1,0.93640244,2.56407831,14918323522.280636,0.0743639,0.15792272,13046.198739760002,90,1,0.0818074643752917,82.0,0.010844947927851276,0.07451914532115826,2024-03-05,-0.0667830060617408,-0.03241606268586506,Sell
73648796,1,0.98878952,2.61854635,15266967989.697245,0.03564234,0.15540959,-8365.644876050006,75,1,-0.0667830060617408,90.0,0.017434933046961677,0.07625721037155507,2024-03-06,0.0372803408273341,0.014763624930631564,Buy
38089058,1,0.99106668,2.62763121,15502315634.202309,0.0289244816666666,0.15633185,1427.4571338800015,82,1,0.0372803408273341,75.0,-0.005679146624529722,0.05435263303185948,2024-03-07,0.0124652253608175,-0.0023050626849021234,Sell
68411980,1,1.02087973,2.66768783,15673631451.362768,0.032571575,0.1550497,-4687.706744419993,81,1,0.0124652253608175,82.0,0.023051908081831347,0.012802118822085037,2024-03-08,0.0194101580573424,0.0352741134336746,Buy
12875921,1,0.92782595,2.66637462,15725036212.83929,0.020884005,0.15541603,1063.697145160004,84,0,0.0194101580573424,81.0,0.011673421035338145,0.008161497146762979,2024-03-09,0.0031448796878545,-0.005206715347732194,Sell
34479630,1,0.98940537,2.6841628,16601530061.996656,0.0537259166666666,0.16238831,2767.3657373199967,79,1,0.0031448796878545,84.0,0.010200919258926846,0.008343681459266561,2024-03-10,0.0080477200315836,0.009204113704833575,Buy
71374114,1,1.01074556,2.77948811,17950314331.58725,0.0822416516666666,0.16774498,11898.761275790006,82,1,0.0080477200315836,79.0,0.01882909628109928,0.023050600084338423,2024-03-11,0.0452946891238597,0.03235655177955706,Buy
72582561,1,0.96737835,2.74012383,17692282373.04003,0.0676072216666666,0.16684974,5743.516574189998,81,1,0.0452946891238597,82.0,0.014696148894595413,0.027875438157671458,2024-03-12,-0.0092539624716571,0.0015045570431101573,Buy
44340949,1,1.01154045,2.75253304,17877259569.872868,0.03768907,0.16557406,68.48099301000184,81,1,-0.0092539624716571,81.0,0.019440969951062276,0.027385091149582045,2024-03-13,0.0222821832009842,0.026669572391976145,Buy
72721674,1,0.97389729,2.67606351,18275465879.680748,0.0434640866666666,0.17432365,-16056.47551553999,88,1,0.0222821832009842,81.0,-0.0034205624472878893,0.02333935073246688,2024-03-14,-0.0232899080711908,-0.0076499128044284215,Sell
84420139,1,0.95163786,2.60117968,16594648857.783075,0.0244563483333333,0.16256701,-7782.057939849998,83,0,-0.0232899080711908,88.0,-0.008994226081276023,0.0271194155590165,2024-03-15,-0.0259749533736215,-0.022095905594711474,Sell
39801830,1,0.90064628,2.44087054,15738830732.645254,0.0198764066666666,0.16384994,7058.545616439995,81,-1,-0.0259749533736215,83.0,-0.036766043410995854,0.021058870760303425,2024-03-16,-0.0610332687881753,-0.03208780469157509,Sell
38327023,1,1.00918719,2.55002698,16367999821.569744,0.0284978616666666,0.16252991,-10606.56800482,79,1,-0.0610332687881753,81.0,-0.013254146662809886,0.05524900371783601,2024-03-17,0.0472457821733671,0.019936470854790715,Buy
42322845,1,0.98273053,2.51636268,16243352946.270218,0.0187060316666666,0.16343639,-2586.905630580004,77,0,0.0472457821733671,79.0,-0.008319782636489722,0.054195839174122774,2024-03-18,-0.011171861294661,-0.009890270617917937,Sell
81871413,1,0.95297702,2.30608923,14891078601.363146,0.0256763616666666,0.16296817,12060.3888153,79,-1,-0.011171861294661,77.0,-0.016012107302448623,0.06581164265801928,2024-03-19,-0.084110242786052,-0.04227644065486991,Sell
75761499,1,1.02559119,2.52384458,16006364277.86964,0.0144632666666666,0.1599435,-7026.425554150002,74,-1,-0.084110242786052,79.0,0.00010016842956257765,0.09037518613822151,2024-03-20,0.0955826093694007,0.0492124909902892,Buy
46959808,1,0.96714219,2.43011812,15304581101.831703,0.0125333716666666,0.15876295,-1038.5083286000008,78,1,0.0955826093694007,74.0,-0.007756991274040122,0.09283629440322834,2024-03-21,-0.0347433404054691,-0.0007011560261799625,Hold
48888135,1,0.93128751,2.36155536,15022491652.211449,0.0120996083333333,0.16007789,-11583.899448069991,75,0,-0.0347433404054691,78.0,0.011809289239770112,0.07269971214717166,2024-03-22,-0.0254114012446213,-0.0044867745520911,Sell
23852160,1,0.98848839,2.3448037,15081830667.163822,0.0131175983333333,0.16032674,-4955.383525329999,73,1,-0.0254114012446213,75.0,-0.019117085519298856,0.019548780884636508,2024-03-23,0.0028034850921938,-0.005411548165422,Sell
28522574,1,1.10339281,2.4605066,15934334542.458012,0.0195637833333333,0.16142931,-3191.37998659,74,1,0.0028034850921938,73.0,0.009351925606625613,0.038457984150327175,2024-03-24,0.0506636929723043,0.04231958315617302,Buy
48379373,1,1.02702814,2.53301436,17064397589.464188,0.023004935,0.16662528,2052.450984609997,75,1,0.0506636929723043,74.0,0.031133032082465845,0.025114043323171638,2024-03-25,0.0399319181828994,0.037471753566915435,Buy
38922371,1,1.00127262,2.53181424,17190987272.47634,0.02986139,0.16704413,1847.3758126999887,81,1,0.0399319181828994,75.0,0.03064928175727104,0.025933192974969682,2024-03-26,0.0013522341166094,0.022282773783129338,Buy
48610374,1,0.98048666,2.50842829,17366441250.89947,0.0388311766666666,0.16979837,4534.216602410001,83,-1,0.0013522341166094,81.0,0.011098158642122678,0.025403879425023382,2024-03-27,-0.0079896763731408,0.0004432373630265978,Hold
31255765,1,1.02000317,2.54597419,17762564906.170322,0.039248445,0.17070497,-12871.531971709992,80,1,-0.0079896763731408,83.0,0.004188145496146478,0.01381582290165045,2024-03-28,0.0192018787449708,0.02271633558956507,Buy
21897609,1,0.92258462,2.5103191,17048452861.164667,0.0300995033333333,0.16580286,3078.2199867699965,79,1,0.0192018787449708,80.0,-0.0004314072258506223,0.017152250315971732,2024-03-29,-0.0125064240493819,-0.013698228901963505,Sell
10603053,1,0.96799978,2.49842389,17038656277.530476,0.0340575716666666,0.16624265,945.4742374000016,75,0,-0.0125064240493819,79.0,0.0008883202568799445,0.01641646022262762,2024-03-30,-0.0040304939249491,-0.0006873583240151974,Hold
15195686,1,1.0698722,2.55722027,17647622532.912277,0.0537624983333333,0.16800645,1191.7077034100002,75,0,-0.0040304939249491,75.0,0.0027420842675145115,0.019536031740302533,2024-03-31,0.0247631707768745,0.02445730925603776,Buy
38898623,1,0.9395929,2.48541071,17449949894.17262,0.0324529816666666,0.17019414,-8679.670175869993,79,1,0.0247631707768745,75.0,-0.0008820723345925886,0.024224966783357914,2024-04-01,-0.0233788938557032,-0.01378661977504555,Sell
64442740,1,0.9081449,2.32913249,16160741791.28197,0.0076335366666666,0.16783252,-377.2057826300006,79,0,-0.0233788938557032,79.0,-0.019744361648993156,0.042806146836152865,2024-04-02,-0.0606173618681508,-0.03467488488603042,Sell
30269471,1,0.97211577,2.34405037,16334102092.461382,0.0070613883333333,0.16893601,1771.6702841200022,71,1,-0.0606173618681508,79.0,-0.025756170343335823,0.033735432813077955,2024-04-03,0.0067277446938465,-0.003408915329323099,Sell
39332045,1,1.04079491,2.43135944,16555229080.120876,0.0063950483333333,0.16539169,-10524.006686410008,70,-1,0.0067277446938465,71.0,-0.005080972993178621,0.05067467577698559,2024-04-04,0.0386466981947684,0.021019545883548152,Buy
39283531,1,0.98016653,2.40632715,15900017867.110603,0.0047829383333333,0.16041183,4685.390446509999,79,0,0.0386466981947684,70.0,0.011948152779565716,0.02450893072956505,2024-04-05,-0.0095299845499178,-0.0005979094010040225,Hold
16887418,1,1.05355826,2.44044788,16320899495.926111,0.0067822199999999,0.16224043,-68.77093097000034,75,-1,-0.0095299845499178,79.0,0.015131219196550147,0.024108768196853165,2024-04-06,0.0162769439447998,0.02680945020854119,Buy
22134730,1,1.04102576,2.4552676,16787099611.139223,0.0110817633333333,0.16553671,2185.1212162599986,78,1,0.0162769439447998,75.0,0.004260205576136214,0.012994546468988953,2024-04-07,0.0060336573335266,0.022396827525488164,Buy
36158254,1,1.05801999,2.5298705,17865700714.40222,0.01635868,0.17041781,2799.7813475000003,76,1,0.0060336573335266,78.0,0.01844496802832708,0.01362530667853339,2024-04-08,0.0330243028066548,0.03370425510941444,Buy
42381850,1,0.92021911,2.43858125,17259620360.60484,0.008941675,0.1702057,7924.10445436,80,-1,0.0330243028066548,76.0,0.0013678226617996475,0.034228740131506515,2024-04-09,-0.0349544921547825,-0.024883209181981485,Sell
43946005,1,0.98819895,2.48994347,17124994070.36184,0.0077820066666666,0.16556129,-7331.978051680002,78,1,-0.0349544921547825,80.0,0.00651151492789268,0.03637276748506347,2024-04-10,0.0214647341318057,0.007984592381349125,Buy
34808035,1,0.9812964,2.46523506,17080717027.793846,0.0091730033333333,0.16674,-1610.8871050300004,76,-1,0.0214647341318057,78.0,-0.0073448586110432855,0.028228747762767757,2024-04-11,-0.0085448178101531,-0.006513530281541843,Sell
59781677,1,0.92890977,2.36097457,16725941155.282513,0.0088730016666666,0.16993425,-1288.971370680003,79,0,-0.0085448178101531,76.0,-0.009462331052932418,0.031395878445410995,2024-04-12,-0.0413069094804499,-0.028021794692549427,Sell
78525044,1,0.92425417,2.25052563,14285961461.180788,0.00902653,0.15225406,268.80620081000234,72,-1,-0.0413069094804499,79.0,-0.03229302950965759,0.02076449039278481,2024-04-13,-0.0470273612383698,-0.03077786947085136,Sell
49424131,1,0.98614654,2.31194058,14679843694.949314,0.0185997533333333,0.1521685,1900.62737753,72,-1,-0.0470273612383698,72.0,-0.020584564714832217,0.04094623067753817,2024-04-14,0.026580576574323,-0.008257994353112972,Sell
49493264,1,0.95663144,2.23029453,14616158719.46499,0.0062507133333333,0.15717969,-4691.927740070001,74,0,0.026580576574323,72.0,-0.018238866625126488,0.039335424386798164,2024-04-15,-0.0342698152113327,-0.03332882125174788,Sell
41938556,1,0.99449061,2.24091735,14137855736.46118,0.012308555,0.1509801,-4436.697683730003,65,-1,-0.0342698152113327,74.0,-0.0004909786340401203,0.030974719734623027,2024-04-16,0.0062163027348893,0.005375791487005604,Buy
47406097,1,0.95880133,2.15261693,14037740429.8557,0.006336405,0.15603336,6223.962841829991,67,0,0.0062163027348893,65.0,-0.022744454750249287,0.02525423209342722,2024-04-17,-0.0401798517743045,-0.02434147307187799,Sell
35588114,1,1.01514218,2.22817769,14278148802.305996,0.0032666716666666,0.15366265,-5556.622465630004,57,-1,-0.0401798517743045,67.0,0.0008056598114183494,0.03856590785347343,2024-04-18,0.0363805284736702,0.019061459654499707,Buy
58378950,1,1.00223523,2.23692844,14116037372.107702,-0.0003920416666666,0.15119289,2344.356786830001,66,-1,0.0363805284736702,57.0,0.0005700526619066825,0.03851845560611994,2024-04-19,0.0055094812863543,0.0059034240748573165,Buy
20139086,1,1.02019768,2.27600024,14561961590.370718,-0.0044504366666666,0.15342478,311.7491552800002,66,1,0.0055094812863543,66.0,0.01973040891219635,0.015578225788114373,2024-04-20,0.0173012169765645,0.02322455336296693,Buy
17360172,1,1.00551516,2.27479097,14545434361.15425,0.0033190166666666,0.1531952,1424.7036220699993,72,1,0.0173012169765645,66.0,0.007632316635055158,0.00880162373109152,2024-04-21,8.62516422466264e-05,0.012719420415512916,Buy
27197678,1,1.02845763,2.33797174,15278142715.142685,0.0043435883333333,0.15681682,-2843.5550274499983,73,1,8.62516422466264e-05,72.0,0.015385870291848189,0.01443754861075623,2024-04-22,0.0287701422567334,0.026999693987949457,Buy
18760532,1,0.96674367,2.32217704,15044169503.07574,-0.000224545,0.15571739,-1490.3787167000046,71,1,0.0287701422567334,73.0,0.007633269024210959,0.018552749977433915,2024-04-23,-0.0059565868263472,-0.003538684867122587,Sell
29256082,1,0.93208535,2.23582385,15075984522.098385,0.0063122233333333,0.16014483,8988.63384889,72,0,-0.0059565868263472,71.0,-0.0032590937683996506,0.03076929942852459,2024-04-24,-0.0325908367355852,-0.01862307181874498,Sell
24022423,0,0.98750802,2.2430153,14779173540.669275,0.0049542433333333,0.15640253,4670.918468759999,72,-1,-0.0325908367355852,72.0,-0.01171948791873665,0.018669352199232308,2024-04-25,0.0033889598057224,-0.005177504775518192,Sell
20231218,0,0.99484636,2.21707623,14647252963.277931,0.0044163816666666,0.15670726,-5110.552444339999,70,0,0.0033889598057224,72.0,-0.013507610233737519,0.01808929350892012,2024-04-26,-0.0113209537713498,-0.005687679075472224,Sell
17939890,0,0.94431532,2.20589668,14882905071.954542,0.004349545,0.1600518,723.4659022600026,67,0,-0.0113209537713498,70.0,-0.004452783518258217,0.007403125877256858,2024-04-27,-0.0054263565891473,-0.008481540613472555,Sell
12546182,0,0.95896947,2.19139454,14488834014.441776,0.0070431883333333,0.15621726,3842.3100046599975,65,-1,-0.0054263565891473,67.0,-0.007244364854798883,0.003537295422010683,2024-04-28,-0.0049857842038996,-0.007942087125925479,Sell
24279722,0,0.98294817,2.21624599,14797725515.518814,0.0024891366666666,0.15729335,4879.2000744499965,67,-1,-0.0049857842038996,65.0,0.0006198269414296823,0.010093154382242092,2024-04-29,0.0122716216173359,-0.0026673714593103606,Sell
42312558,0,0.94268649,2.10401666,14880385880.615686,0.0088553283333333,0.1657873,6919.124837389994,67,1,0.0122716216173359,67.0,-0.014458377168792653,0.0325180757585388,2024-04-30,-0.0506609689198143,-0.027033091937373202,Sell
59046535,0,0.95977858,2.0252465,13948733527.176647,0.01498579,0.16141717,2473.968007000003,54,-1,-0.0506609689198143,67.0,-0.025823642025385552,0.03349563259658587,2024-05-01,-0.0390815787736783,-0.021324437448535828,Sell
28150914,0,1.01048574,2.05208341,13861941255.766323,-0.0024532783333333,0.15810719,1853.711627910001,43,-1,-0.0390815787736783,54.0,-0.02533221223139602,0.03433431746029745,2024-05-02,0.0137459109993045,0.002858336935476203,Buy
34760123,0,1.05291483,2.18320453,14885903391.296774,-0.0061099033333333,0.15983203,1424.5688640000008,48,1,0.0137459109993045,43.0,0.01325904824893325,0.05209890181980275,2024-05-03,0.0651128125211735,0.03587626029238708,Buy
17963598,0,1.04037796,2.21712117,15085952548.202602,0.0065993283333333,0.15954468,-3655.6429340600007,67,0,0.0651128125211735,48.0,0.03158734380283955,0.0290539391463854,2024-05-04,0.0159033078880406,0.031744716115829415,Buy
15209541,0,1.0340954,2.22045703,15034031251.923054,0.0067943166666666,0.15847965,2555.37343831,69,1,0.0159033078880406,67.0,0.027716081046444352,0.033110391554739785,2024-05-05,0.0021321227301189,0.031037230304459148,Buy
28423530,0,0.98775422,2.18921716,14695354414.669716,0.005279525,0.15718087,-2723.929600579999,71,1,0.0021321227301189,69.0,0.0014285953323181142,0.014838989562247582,2024-05-06,-0.0137496446212052,0.0008169955017511107,Hold
21319135,0,0.94240713,2.15857608,14690473174.467972,0.0037299633333333,0.15922696,62.101391039999726,68,1,-0.0137496446212052,71.0,-0.008306850091419687,0.009043173209258031,2024-05-07,-0.0133030283831728,-0.013536484101773064,Sell
22880559,0,0.95044332,2.11793705,14383511698.257065,0.0038501233333333,0.15854791,2538.60823591,64,1,-0.0133030283831728,68.0,-0.015214307277384551,0.0029321668659494224,2024-05-08,-0.0185902488277757,-0.01867961712439111,Sell
25098123,0,1.0263071,2.1822652,14565300717.521795,0.005558165,0.15590868,-3738.624683509999,55,1,-0.0185902488277757,64.0,-0.00029273219123388444,0.027241935193463154,2024-05-09,0.0310150806372468,0.0234954177487797,Buy
29860143,0,0.91467694,2.10330952,14701981280.773493,0.0026447716666666,0.16319756,3732.313192480004,66,0,0.0310150806372468,55.0,-0.007884665079990586,0.03480452922685706,2024-05-10,-0.0360788270494429,-0.028918008385779535,Sell
8639553,0,0.9906444,2.1032536,14562429915.603413,0.0054254583333333,0.1616123,-300.0361125500003,53,-1,-0.0360788270494429,66.0,-0.0015655762124480866,0.033588678178924,2024-05-11,0.0003670177748518,-0.0021529001233476968,Sell
7164798,-1,0.99933662,2.1246916,14537380063.0,0.0038156583333333,0.15963676,143.04659705999984,56,0,0.0003670177748518,53.0,-0.008399078376824553,0.024502440490721537,2024-05-12,0.0105145741441174,0.008601258300085589,Buy
21573539,0,1.03158366,2.1741755,15023917310.248596,0.0075576283333333,0.16106023,-282.2800164900036,57,0,0.0105145741441174,56.0,0.01168247879887558,0.011942321343419713,2024-05-13,0.0241658444776575,0.023363020176903077,Buy
19627853,-1,0.95710732,2.12569097,14352369457.06481,0.0085563733333333,0.1571487,1291.5103772700022,66,1,0.0241658444776575,57.0,0.004239128355065847,0.0236960811541239,2024-05-14,-0.0219630335565774,-0.012507804204161225,Sell
33028940,-1,1.08199914,2.27959794,16205088456.11576,0.00203913,0.16586898,-14404.216124109997,64,1,-0.0219630335565774,66.0,0.02611348484788678,0.04907933060883295,2024-05-15,0.0761376436225802,0.05444563041163632,Buy
26508845,-1,0.9602975,2.24322872,15551208790.044582,0.0069370366666666,0.16171391,4174.802372750004,70,1,0.0761376436225802,64.0,0.01304172004908718,0.05475190488351426,2024-05-16,-0.0150494499187413,-0.008963026160493189,Sell
24965417,-1,1.03001718,2.30172936,16032392417.038168,-0.0002443383333333,0.16264828,-8130.396678129997,74,0,-0.0150494499187413,70.0,0.029671856344510916,0.04561856987715325,2024-05-17,0.0279273753296938,0.035621763590843264,Buy
10211546,-1,0.95373857,2.29694647,16114695868.050358,0.00116757,0.16383707,-1995.99473393,73,1,0.0279273753296938,74.0,0.0036800100530158474,0.022013344505644503,2024-05-18,-0.001837895251905,-0.008691127219286521,Sell
13975469,-1,0.96752164,2.27332131,15898482051.826616,0.0058582983333333,0.1631641,-793.1547057400003,72,1,-0.001837895251905,73.0,0.005335261854256247,0.019995024251977894,2024-05-19,-0.0100836945150201,-0.0018520026143594207,Sell
43282018,0,1.08966875,2.44642039,16522179382.059977,0.0073737916666666,0.15777253,-3384.406246370003,70,1,-0.0100836945150201,72.0,0.02251050384166131,0.04948578436942884,2024-05-20,0.079453101291909,0.052286777309960994,Buy
31998246,0,0.96092297,2.39567465,16758158408.653784,0.0214858899999999,0.16147642,13437.566425410005,76,1,0.079453101291909,70.0,0.016840433582866746,0.05440094985867142,2024-05-21,-0.0188481060282887,-0.009584325461325626,Sell
20865436,0,0.9904965,2.35872746,16604453190.156813,0.0109218733333333,0.16210462,815.0278296999968,76,1,-0.0188481060282887,76.0,0.015547372804020076,0.055397860664497874,2024-05-22,-0.0139628768515601,0.005116739895983266,Buy
42303851,-1,0.97192998,2.31478,15981139962.497875,0.013237525,0.15823958,2814.1189381399963,76,1,-0.0139628768515601,76.0,-0.016732310621367454,0.0025073488706952416,2024-05-23,-0.0173859489842536,-0.01056721387381145,Sell
21112430,-1,0.957873,2.33334224,16055457240.670666,0.0099569333333333,0.15753931,-2154.329698499998,74,1,-0.0173859489842536,76.0,-0.007547270950109754,0.014180291442724204,2024-05-24,0.0087070129854844,-0.006217636456920626,Sell
8273681,-1,1.0532664,2.35744195,16445481998.067322,0.008427925,0.15959859,22.18079897000098,76,1,0.0087070129854844,74.0,0.0006571963629151452,0.015656009400130653,2024-05-25,0.0106505250875146,0.020041787555471455,Buy
8023984,-1,0.92511591,2.32876308,16243993829.815342,0.0131538533333333,0.15940129,1114.5170443499992,75,0,0.0106505250875146,76.0,0.0026005971242961793,0.012298205669072158,2024-05-26,-0.0115557467001105,-0.007831589442511569,Sell
20886696,-1,1.04249973,2.35663154,16700339650.410408,0.0213137399999999,0.16156701,-685.0079421700029,74,0,-0.0115557467001105,75.0,0.004200166080757446,0.013719497984934428,2024-05-27,0.0135057198548682,0.02382619624410556,Buy
27424419,-1,0.92336788,2.28205649,16715973920.984991,0.0165531016666666,0.16397277,-5729.935600880002,72,1,0.0135057198548682,74.0,-0.004354246775765254,0.015563465580274027,2024-05-28,-0.0150127134820535,-0.013238824406235321,Sell
19253720,-1,0.97933346,2.25453039,17024608737.31169,0.0159806566666666,0.16849182,4580.31202872,72,1,-0.0150127134820535,72.0,-0.004346474947373288,0.015558076218080232,2024-05-29,-0.0115324312149346,0.001983035498391049,Buy
23467058,-1,1.0170799,2.27807974,16787292042.641151,0.0081568466666666,0.1655011,-10592.940672040004,73,0,-0.0115324312149346,72.0,-0.005097981445713021,0.014265339128397916,2024-05-30,0.011251200359849,0.015366012482587479,Buy
23426892,-1,0.96125146,2.24898708,17004266732.077429,0.00935044,0.1687936,5829.148705940002,73,1,0.011251200359849,73.0,-0.004236005665087021,0.013419766411051687,2024-05-31,-0.0124267861401755,-0.005602846587004165,Sell
4941084,-1,0.97766546,2.25591355,16906226267.56421,0.0134333366666666,0.16719364,1889.1668221600007,72,-1,-0.0124267861401755,73.0,0.0007558774119409123,0.012065575444880686,2024-06-01,0.0034432180161492,0.00037456832339652357,Hold
12076940,-1,1.01335297,2.25504958,16952582159.873615,0.010220245,0.16756134,1080.6951646400012,73,0,0.0034432180161492,72.0,-0.0029453057982597544,0.008374905554167731,2024-06-02,0.000147650729247,0.014161344604282113,Buy
28319026,-1,1.04837001,2.28559769,17644186019.330917,0.0132475866666666,0.17187858,1494.1109346899975,73,1,0.000147650729247,73.0,0.0064879771615799125,0.008293073279073603,2024-06-03,0.0158730627393435,0.026876990322246518,Buy
24121510,-1,1.02459807,2.34039114,18678499452.746845,0.0085171933333333,0.17783551,-8992.812739469999,73,1,0.0158730627393435,73.0,0.013940406977931011,0.012935170404673915,2024-06-04,0.0258005074652025,0.0239620358606146,Buy
29308050,-1,0.99499443,2.35538737,19183050522.628777,0.017610035,0.18158179,-3657.8882193799946,75,1,0.0258005074652025,73.0,0.01649928209515548,0.009004462044259127,2024-06-05,0.0078242760809204,0.010515454409610946,Buy
16115545,-1,0.95734883,2.33773469,19144490784.70901,0.0211067783333333,0.18220814,-2891.3833034400013,78,0,0.0078242760809204,75.0,0.00958658308022431,0.015408541705552592,2024-06-06,-0.00486503430545,-0.0016312206577969812,Sell
39245187,-1,0.94931362,2.28685466,18739928088.04007,0.0171903433333333,0.18284122,-3880.840792969997,77,-1,-0.00486503430545,78.0,-0.0058790260873488875,0.014237405150945164,2024-06-07,-0.0205963200375171,-0.010376133861975785,Sell
8004858,-1,0.92491297,2.28538663,18656244456.05948,0.0080500466666666,0.18117853,7606.70025247,72,-1,-0.0205963200375171,77.0,-0.00865874588109902,0.010564573393981792,2024-06-08,-0.00051488330033,-0.014303025580436873,Sell
7106363,-1,1.00682599,2.29536957,19006002037.458576,0.007183645,0.18363085,843.5097826000001,75,-1,-0.00051488330033,72.0,-0.005296337086049188,0.013557124223648836,2024-06-09,0.0052221920796995,0.008091849992607997,Buy
12728886,-1,0.983285,2.29049212,19047292669.11337,0.0079415166666666,0.18426691,981.4386124900012,72,0,0.0052221920796995,75.0,0.0009274359128781448,0.0037856050916321234,2024-06-10,-0.0019250010407351,0.002098881154083865,Buy
24067376,-1,0.96847387,2.19147804,18262524553.599056,0.0078666583333333,0.18463128,-6245.889774780004,70,-1,-0.0019250010407351,72.0,-0.012232697150243456,0.024307230424771616,2024-06-13,-0.0399952824896948,-0.014643364629718133,Sell
23162512,-1,0.93415013,2.16724095,17935416407.415016,0.00979355,0.18300527,4148.703096069999,74,-1,-0.0399952824896948,70.0,-0.01774985459068572,0.019830643298430872,2024-06-14,-0.0113292802416273,-0.01966758449614373,Sell
6130469,-1,0.98326653,2.17194143,17941220256.166542,0.0052528566666666,0.18236498,2170.2590647,74,1,-0.0113292802416273,74.0,-0.016264135642910054,0.021688945347797563,2024-06-15,0.0025321558025919,-0.007995096716333416,Sell
6206524,-1,1.03745655,2.18666688,18157090066.548603,0.0056644983333333,0.18334233,-597.6178529299996,71,0,0.0025321558025919,74.0,-0.0005597826111767221,0.009604350001235941,2024-06-16,0.0071177766055052,0.01632649858620245,Buy
21669580,-1,0.99193979,2.18005511,17952034232.454132,0.0058281066666666,0.18149207,2052.5286501599985,71,1,0.0071177766055052,71.0,0.002329145361721278,0.004893295879876386,2024-06-17,-0.0026624963229333,0.0031209283349085833,Buy
33238655,-1,0.94593213,2.13672772,17394874720.012913,0.0074031633333333,0.17946967,94.05056075000176,74,-1,-0.0026624963229333,71.0,-0.005270178814913422,0.013876790044477859,2024-06-18,-0.0202658167273122,-0.011063402852796153,Sell
11354619,-1,0.94873277,2.12921534,17254140803.455345,0.008436955,0.17932433,-7238.857356279997,64,0,-0.0202658167273122,74.0,-0.00859046943054399,0.010111550566923798,2024-06-19,-0.0028430952413865,-0.010657822478958159,Sell
17564806,-1,0.99495033,2.12503082,17153638056.848106,0.0101728183333333,0.17849876,-2489.001230020004,60,1,-0.0028430952413865,64.0,-0.008250310972519588,0.010423047959768695,2024-06-20,-0.0016420209488601,5.160595098960956e-05,Hold
19540122,-1,0.92971433,2.09994583,17367090589.891632,0.0075633366666666,0.18233682,279.84089203999974,63,1,-0.0016420209488601,60.0,-0.005195919515022722,0.0051505024894371,2024-06-21,-0.0111026423548216,-0.010703526576718537,Sell
3805342,-1,0.95118569,2.09744927,17520224800.148697,0.004215915,0.18356158,868.2280119000006,53,1,-0.0111026423548216,63.0,-0.0036022927899085223,0.0067375949148478845,2024-06-22,0.0019377849339561,-0.004992001964170829,Sell
5639527,-1,0.87170996,2.06313807,17330342546.439537,0.0063344233333333,0.18454928,218.63725879999947,55,-1,0.0019377849339561,53.0,-0.008579883178408656,0.009510631558372052,2024-06-23,-0.0165747921143605,-0.015271589437420558,Sell
42958209,-1,0.89348616,1.96887847,16532099801.373526,0.0016651133333333,0.18388757,2952.7680620600004,51,-1,-0.0165747921143605,55.0,-0.02028957809039329,0.02429866659532985,2024-06-24,-0.0462317270907755,-0.03397810524685221,Sell
20409153,-1,0.98858531,2.01905418,16561592328.755404,0.0033775516666666,0.18045545,-4950.331531240001,30,-1,-0.0462317270907755,51.0,-0.012384950430185422,0.03612439202779511,2024-06-25,0.0256516679145797,-0.008476288040153466,Sell
14997155,-1,1.01401395,1.98805763,16361905950.154814,0.006923265,0.18052561,5820.625981060002,46,-1,0.0256516679145797,30.0,-0.012015493268188187,0.036065735735014766,2024-06-26,-0.0154664206283688,0.005038899499001343,Buy
13322401,-1,1.03154526,2.01108103,16484064851.051365,0.0136320066666666,0.17819228,8515.881410990005,40,1,-0.0154664206283688,46.0,0.007886767386031411,0.021120985278268497,2024-06-27,0.0134750548718833,0.025083216542492348,Buy
17884162,-1,0.98175845,1.96799023,16774228196.11439,0.0130862116666666,0.18473948,3644.936333869999,47,-1,0.0134750548718833,40.0,-0.007735680384144655,0.01859260471724232,2024-06-28,-0.0212156753959485,-0.006863815187964355,Sell
10265463,-1,0.99519871,1.98626302,16971421342.010817,0.0093386383333333,0.18496755,2046.6874816100008,30,0,-0.0212156753959485,47.0,0.000638472770745978,0.01902233069155522,2024-06-29,0.0096560388363031,0.00692904371885419,Buy
11918209,-1,1.0900944,2.04509799,17791094279.539856,0.00999257,0.18813187,1116.6623252900008,47,-1,0.0096560388363031,30.0,0.006040978738176945,0.025640971341423454,2024-06-30,0.0296825727741762,0.023332925926188103,Buy
15797090,-1,1.02455825,2.04658952,17367372355.24257,0.0087948166666666,0.1834409,1968.618772380003,53,-1,0.0296825727741762,47.0,0.013791482257731575,0.014279773960329853,2024-07-01,0.0020358351627154,0.015499486387631987,Buy
10806982,-1,0.99238382,2.02220044,17741436592.180912,0.0248914316666666,0.18921914,-1676.89549902,51,1,0.0020358351627154,53.0,0.006228329174389878,0.02166441259382738,2024-07-02,-0.013033420413722,0.002858289627430623,Buy
18869642,-1,0.91855654,1.95727503,17481325257.555344,0.0177777766666666,0.19205834,4579.24740158,50,-1,-0.013033420413722,51.0,-0.013899935423199788,0.01638622033383139,2024-07-03,-0.0307022210185928,-0.02216126589437713,Sell
31187081,-1,0.91800977,1.85537665,16188931390.446735,0.0017300216666666,0.18707686,3995.9616743000006,44,-1,-0.0307022210185928,50.0,-0.03188715626877922,0.019473260729825963,2024-07-04,-0.0519258273740229,-0.03202128409384657,Sell
43183238,-1,0.9557631,1.84248161,15006202703.71579,0.0027605316666666,0.17465262,-46813.133494810005,29,-1,-0.0519258273740229,44.0,-0.029821322349739356,0.02255785791880368,2024-07-05,-0.0068359186566024,-0.028053665980521655,Sell
12546798,-1,1.09924996,1.89455577,15112090355.678324,0.0013594233333333,0.1708686,1298.93713898,26,-1,-0.0068359186566024,29.0,-0.010226268070000988,0.040111988717454625,2024-07-06,0.0280829418206223,0.019609075041312683,Buy
12905975,-1,0.92505565,1.81660377,14707943715.679316,0.0022804466666666,0.17333093,1000.3099884199984,29,-1,0.0280829418206223,26.0,-0.006534916596050523,0.03446834311193325,2024-07-07,-0.0408517729521715,-0.02735390026769909,Sell
31672772,-1,1.02769267,1.84651726,14409980731.65962,0.0048392633333333,0.16671229,7940.37948969,28,-1,-0.0408517729521715,29.0,0.0008425256927863436,0.03666994361961417,2024-07-08,0.0152964082099082,0.017216487079116164,Buy
15970122,-1,1.03026158,1.88844935,15151294612.873102,0.0028240733333333,0.17083897,1267.9127700800018,27,-1,0.0152964082099082,28.0,-0.0007020360829398895,0.035008831197070704,2024-07-09,0.0234492564934436,0.01140542183939115,Buy
15784250,-1,0.99061933,1.87702087,15102181004.114702,0.0035815233333333,0.17122975,-424.2146095700009,28,1,0.0234492564934436,27.0,0.011115059650890179,0.014872446460388102,2024-07-10,-0.0054004857506813,-0.0004363325604337569,Hold
16886843,-1,0.98354854,1.86513972,15367083098.200008,0.0054654083333333,0.1750113,1716.471750290002,29,-1,-0.0054004857506813,28.0,0.003748781466536045,0.01707550574860268,2024-07-11,-0.0068024263431542,-0.0036009051256609076,Sell
11797774,-1,0.98486804,1.88214812,15193584004.43701,0.00452786,0.17135927,2297.3186484599937,25,1,-0.0068024263431542,29.0,-0.0007748746372201552,0.009252500629484777,2024-07-12,0.009878288182175,-0.0008641901785691527,Hold
8343147,-1,1.10545152,1.92416089,15887396468.194883,0.002638555,0.17489326,3218.25554226,25,1,0.009878288182175,25.0,0.008672988476765212,0.014909349358872016,2024-07-13,0.0229431035912748,0.024580630559666052,Buy
15560249,-1,1.06861814,1.97464573,16459514902.190592,0.008209825,0.1764456,364.03206643999874,33,1,0.0229431035912748,25.0,0.019797799505511148,0.008780077630160307,2024-07-14,0.0265720067430836,0.029681552124642366,Buy
25326408,-1,1.0947651,2.098592,17354336484.422115,0.003489205,0.17531748,-1854.3177587500031,52,1,0.0265720067430836,33.0,0.038270744435113746,0.02347575530402274,2024-07-15,0.0652971229709828,0.04454129775586534,Buy
27838097,-1,0.99678018,2.10672447,17376145376.07747,0.0062331116666666,0.16962032,39683.70107698,65,-1,0.0652971229709828,52.0,0.03222270384430741,0.03064235718760869,2024-07-16,0.0047989818188558,-0.0030047381673253596,Sell
18294606,-1,0.97899822,2.07291531,17091250066.19345,0.0058904783333333,0.16923626,-389.1001507700057,69,1,0.0047989818188558,65.0,0.018253685999218342,0.041966158969040934,2024-07-17,-0.0153350467921836,-0.0008222232236911535,Hold
13151621,-1,0.98908621,2.06760002,17128043125.02393,0.0035081766666666,0.16986855,1624.3222855099957,61,1,-0.0153350467921836,69.0,-0.00401262529625889,0.010299170775781115,2024-07-18,-0.0015018109154489,0.0019632462185484147,Buy
21815839,-1,1.04864914,2.14992326,18719783879.61952,0.004887095,0.17880348,-5195.740743989998,60,1,-0.0015018109154489,61.0,0.008463221942487676,0.030046796909660597,2024-07-19,0.0422265235350955,0.029979816963763315,Buy
9783700,-1,1.01139006,2.16327948,18640413152.28281,0.0042628916666666,0.17674017,235.5019858300002,74,1,0.0422265235350955,60.0,0.016033127904905374,0.023114248077765957,2024-07-20,0.0073746710950695,0.012397420315674262,Buy
14936099,-1,1.03760034,2.1952436,18735630563.917564,0.00755242,0.17496224,25.6822096699998,74,1,0.0073746710950695,74.0,0.021641531436764876,0.018264774739809468,2024-07-21,0.0153233996801296,0.030231656881681016,Buy
13835132,-1,0.96689103,2.17267061,18500367850.944862,0.0060649716666666,0.17455225,-2386.890629469999,70,1,0.0153233996801296,74.0,0.004416572814490443,0.012648030815601853,2024-07-22,-0.0094483523317278,-0.00163709558304213,Sell
19405483,-1,0.96583668,2.11420367,18009490190.37039,0.0044126816666666,0.17419436,-20138.10598870999,71,1,-0.0094483523317278,70.0,-0.005988899552497057,0.019810427034787602,2024-07-23,-0.023841746005893,-0.003604308801566035,Sell
14146555,-1,0.9779774,2.09490381,17865596713.764133,0.0046885316666666,0.17443102,-2029.631224749996,69,0,-0.023841746005893,71.0,-0.014024188721858455,0.00850877040541544,2024-07-24,-0.0087824678279546,-0.006362581492996649,Sell
20577752,-1,0.96378255,2.10822625,18126225385.86255,0.008160245,0.17531173,4646.337138539995,68,1,-0.0087824678279546,69.0,-0.008750208376163124,0.015107693186996266,2024-07-25,0.0063735887053582,-0.009034280980137326,Sell
18280732,-1,1.02014826,2.17318195,19049024564.31969,0.0083344683333333,0.17838898,-3146.229570079995,68,1,0.0063735887053582,68.0,0.009993171324045777,0.02082272751175894,2024-07-26,0.0323883930947337,0.023869330251247,Buy
27151432,-1,1.02964876,2.17042713,19365790263.368217,0.0119337516666666,0.18137269,780.0543135200023,72,-1,0.0323883930947337,68.0,0.012772881871428507,0.017326102465836078,2024-07-27,-0.0004433361858064,0.019102720728501464,Buy
8357716,-1,0.97936062,2.18073362,19600259205.17969,0.0067545516666666,0.18249651,1293.396433580001,71,1,-0.0004433361858064,72.0,0.012416098281955376,0.01753354495256015,2024-07-28,0.0053032379369388,0.0016315838580919406,Buy
30528855,-1,0.96762794,2.13087614,19437692037.70283,0.0127474333333333,0.18538923,-8446.673982870001,74,0,0.0053032379369388,71.0,-0.005603286702404624,0.014207550685794632,2024-07-29,-0.0216697618583463,-0.002725146374390701,Sell
17409217,-1,0.94997537,2.11038367,19124816898.42104,0.0081451066666666,0.18434171,-22144.94384169999,67,0,-0.0216697618583463,74.0,-0.008462443252030091,0.013495166026003454,2024-07-30,-0.0090208058346828,-0.01167281936960071,Sell
18356473,-1,0.9574017,2.0607402,18778042292.89898,0.0154628216666666,0.18542338,-28865.9308888,61,1,-0.0090208058346828,67.0,-0.018112030154898557,0.007934965502572921,2024-07-31,-0.0236455227716666,-0.017274189865175836,Sell
25001421,-1,0.94824345,2.08243642,18803323558.14575,0.0105608383333333,0.18432032,-5932.933032449997,52,1,-0.0236455227716666,61.0,-0.007221983592685625,0.017392855665165918,2024-08-01,0.0110003778282925,-0.009794251270677309,Sell
30075578,-1,0.93482164,1.95824024,17778326002.907753,0.0101601133333333,0.18506062,4137.04862899,57,0,0.0110003778282925,52.0,-0.024137445823009588,0.035386349694007155,2024-08-02,-0.0597671925256547,-0.03096985520349941,Sell
21668389,-1,0.95031716,1.93476813,17349613395.921066,0.008948535,0.18279074,624.8946668800018,37,0,-0.0597671925256547,57.0,-0.02021784712531769,0.036111880723296984,2024-08-03,-0.0118867266785909,-0.01686461862652319,Sell
21085276,-1,0.92873979,1.85386411,16736037224.94129,0.0070055449999999,0.18416126,-2112.6814582000006,34,-1,-0.0118867266785909,37.0,-0.037753081597143356,0.02417156573853014,2024-08-04,-0.0416053255871845,-0.03545174684783256,Sell
89484107,-1,0.96375284,1.72756839,13615751469.47504,-0.0067780383333333,0.16144124,5035.985233810003,26,1,-0.0416053255871845,34.0,-0.04145295707440859,0.029490341358290147,2024-08-05,-0.0708668189574504,-0.031366620534894384,Sell
25269974,-1,1.01393567,1.79287408,14342435122.423254,-0.0130794666666666,0.16416116,-860.6270442000023,17,1,-0.0708668189574504,26.0,-0.025221192657297786,0.055676090210852854,2024-08-06,0.0368085665727415,0.013160779367746126,Buy
19750313,-1,0.9806696,1.76409405,14281191991.80023,0.0091149283333333,0.16616976,993.8145721999972,29,0,0.0368085665727415,17.0,-0.016633439141438024,0.05384205481773204,2024-08-07,-0.0158420650396052,-0.025127601029718952,Sell
28466222,-1,1.11650166,1.97200829,15333869910.001251,0.00674233,0.1595047,-3914.340611239997,20,1,-0.0158420650396052,29.0,0.04662068641122614,0.06790261421484547,2024-08-08,0.1188955577005421,0.05944095005847219,Buy
16882272,-1,0.99186862,1.94282493,14834999012.731918,0.0105025833333333,0.15606615,6232.376593909998,48,-1,0.1188955577005421,20.0,0.02987076414636867,0.07710707774576012,2024-08-09,-0.0134412002218309,-0.00608845079244069,Sell
5203058,-1,0.99614285,1.9428544,14994997422.898132,0.0125230166666666,0.15751104,-774.1113376499998,40,-1,-0.0134412002218309,48.0,0.03554264442843271,0.07255466237810658,2024-08-10,0.0011735758065869,0.0055073581852399635,Buy
12095542,-1,0.9378333,1.87230031,14593405726.94599,0.010487215,0.15951605,-3521.1385667899995,39,1,0.0011735758065869,40.0,-0.016240797367088323,0.018969748723460425,2024-08-11,-0.036454767686021,-0.021366386688752934,Sell
23363561,-1,1.00581383,1.89235579,14313384355.878351,0.0188456666666666,0.15449549,3528.94536405,25,-1,-0.036454767686021,39.0,-0.008101662617858824,0.025038905831844892,2024-08-12,0.0109762040258576,0.0076546272090782085,Buy
14213259,-1,1.01609585,1.9325432,15224425850.541147,0.007383725,0.16106296,-1635.3698603600023,31,1,0.0109762040258576,25.0,-0.001489095095756424,0.030694044602411426,2024-08-13,0.0210112783728941,0.014005237884277148,Buy
17165681,-1,0.93788775,1.87193584,15182887511.017368,0.0040206633333333,0.16577442,859.4488722300011,30,0,0.0210112783728941,31.0,6.574980227727623e-05,0.028040656360466612,2024-08-14,-0.0317902329919199,-0.01677559706010531,Sell
26765672,-1,0.95478272,1.8358698,15327673513.583069,0.00669415,0.1710778,-3551.3784402999954,29,-1,-0.0317902329919199,30.0,-0.00998737290529649,0.027575747176302002,2024-08-15,-0.0191831640968637,-0.0176944818099178,Sell
16314032,-1,1.01273626,1.87826127,15471729059.953287,0.0008326283333333,0.16903799,-8273.07645085,27,-1,-0.0191831640968637,29.0,-0.009272314717532289,0.02878286426305321,2024-08-16,0.0231564529361867,0.003341546105717863,Buy
3892589,-1,1.03458142,1.89781309,15710323308.522703,0.0065531416666666,0.1695957,2891.5948137899995,25,1,0.0231564529361867,27.0,0.004799188345024575,0.02172307534909896,2024-08-17,0.0104242761957507,0.015820016040711038,Buy
8298801,-1,0.97906815,1.86376031,15474479735.66192,0.0062213183333333,0.16994386,1777.4014304399989,31,-1,0.0104242761957507,25.0,0.005138493279647674,0.02116188542064247,2024-08-18,-0.0181652492929944,-0.005948567971675843,Sell
12720682,-1,1.00865553,1.89625284,15482326364.84303,0.00057639,0.16720858,1115.3206032800008,28,-1,-0.0181652492929944,31.0,0.0032294541913857762,0.01885650331988303,2024-08-19,0.017429335671401,0.00840115209096028,Buy
19746508,-1,1.00889685,1.88227074,15524571356.146898,0.0024262733333333,0.16892286,1927.22231188,30,0,0.017429335671401,28.0,-0.0026297193322061905,0.018223345708366773,2024-08-20,-0.0071532443750252,0.0073335054688841534,Buy
15855184,-1,1.01237164,1.94985821,16573765293.61574,0.0032334466666666,0.17400485,692.0122083899987,26,1,-0.0071532443750252,30.0,0.015574603901123243,0.021859575817830258,2024-08-21,0.0364477204069939,0.016683409174575448,Buy
13569763,-1,0.97254049,1.92438272,16219344334.043606,0.00353793,0.17237562,-2083.009916820003,39,1,0.0364477204069939,26.0,0.005545995777507309,0.026902766834120077,2024-08-22,-0.0126564886994468,-0.007194615714714956,Sell
25537728,-1,1.06730175,2.03918098,17532889282.312702,0.00331236,0.17627467,-4941.065527710001,34,1,-0.0126564886994468,39.0,0.028379413961888044,0.03765571189340985,2024-08-23,0.061347010178117,0.04523409511545438,Buy
8499200,-1,1.02258845,2.04098261,17673493126.0,0.0069948866666666,0.17716065,1795.193195259999,56,1,0.061347010178117,34.0,0.01670050743010261,0.039299570239475314,2024-08-24,0.0014110008116376,0.021114207225450307,Buy
7072580,-1,1.03412574,2.04283887,17889324239.766914,0.005999825,0.17899043,1270.8228596200006,54,-1,0.0014110008116376,56.0,0.021265355600540076,0.03471223195431764,2024-08-25,0.0010380558118656,0.023439877425393916,Buy
11892182,-1,0.95615158,1.99704023,16993709222.753712,0.00453897,0.17398531,-1881.2665241700013,55,1,0.0010380558118656,54.0,-0.006550457186222925,0.013467960887764667,2024-08-26,-0.022100428182172,-0.007946674601908689,Sell
22458851,-1,0.91688365,1.88939688,15737918944.719637,0.0050419183333333,0.17022701,3206.478179849997,48,0,-0.022100428182172,55.0,-0.025180530261316992,0.0278865058042613,2024-08-27,-0.0544792184136446,-0.028821008055622013,Sell
22744237,-1,0.97352271,1.87823207,15433404484.14127,-0.000110795,0.16784212,4382.671764270002,30,-1,-0.0544792184136446,48.0,-0.02759332330507636,0.02460369587081171,2024-08-28,-0.0062003233194125,-0.014204796175502136,Sell
17674590,-1,0.99869374,1.88568093,15673663926.350592,-0.000702465,0.16989662,-21249.92166345,29,1,-0.0062003233194125,30.0,-0.018451847917618457,0.03172823764405522,2024-08-29,0.0053239979802017,9.871325326196095e-05,Hold
16576137,-1,0.976615,1.8780075,15522818459.43867,0.0026550199999999,0.16872707,3233.8026052200003,34,-1,0.0053239979802017,29.0,-0.0016618483194301573,0.006139602190936064,2024-08-30,-0.0041092196190797,-0.005939110978087452,Sell
3411828,-1,0.97228469,1.87354873,15559663678.104216,-0.001435925,0.16919217,2480.80844873,29,0,-0.0041092196190797,34.0,-0.00042042170478082407,0.005041387132221593,2024-08-31,-0.0024760434754645,-0.0014723265723977695,Sell
11169827,-1,0.94215999,1.82127052,15220094655.01305,0.0015264333333333,0.17029457,281.52546255999914,26,-1,-0.0024760434754645,29.0,-0.011641998873802656,0.014484564899886743,2024-09-01,-0.0283407335268638,-0.01542880589615659,Sell
11195502,-1,1.08563662,1.87938087,15691443083.87786,0.0037427516666666,0.17015299,-613.0944043700001,26,-1,-0.0283407335268638,26.0,0.00040532679969364216,0.030289706547166954,2024-09-02,0.0320327574014092,0.02151734605541532,Buy
10570578,-1,0.95566214,1.82651524,15670746381.53058,0.006839725,0.17516934,-5692.801620710001,26,-1,0.0320327574014092,26.0,-0.008131353889860058,0.03478337373317716,2024-09-03,-0.0280860855441256,-0.025398781523414123,Sell
18089113,-1,0.99452548,1.84234774,15381197626.635712,-0.000678775,0.17064726,-712.3943889100046,27,0,-0.0280860855441256,26.0,0.004189660760449608,0.030303549405271513,2024-09-04,0.0086223104240652,0.0034795324187595743,Buy
14189244,-1,0.93799086,1.78577778,15261618224.354069,0.004095685,0.17427477,4334.220316880004,29,-1,0.0086223104240652,27.0,-0.016852795401473126,0.022113312033667596,2024-09-05,-0.031094611084359,-0.02507465395481189,Sell
27185994,-1,0.92971202,1.71691717,15102224378.422482,0.0016481833333333,0.17903571,2734.844850459994,22,-1,-0.031094611084359,29.0,-0.020677389542603092,0.025724880118808163,2024-09-06,-0.0395598679675155,-0.026421548104566477,Sell
6652411,-1,0.94394511,1.72298224,15027299461.532469,-0.0075574066666666,0.17775851,-1293.938141489998,23,-1,-0.0395598679675155,22.0,-0.02223403349470522,0.023069704724017096,2024-09-07,0.0039523785677588,-0.019624622495279565,Sell
7648671,-1,0.97946062,1.74593094,15293697372.002874,-0.0021633983333333,0.17858502,59.94662371999948,29,1,0.0039523785677588,23.0,-0.007452019220449725,0.028192260655026936,2024-09-08,0.0132514317384075,-0.007424504509298165,Sell
14398096,-1,1.0664079,1.81308706,16188962418.963192,-0.0045681183333333,0.18286751,-9268.583690499996,26,1,0.0132514317384075,29.0,0.018978646442063606,0.01856470782972156,2024-09-09,0.0397321290200245,0.027191837733419953,Buy
12847150,-1,0.99999974,1.83251774,16181119365.11926,0.0006583916666666,0.18356245,-23673.216063190004,33,1,0.0397321290200245,26.0,0.021135595016297776,0.016167034269029348,2024-09-10,0.0104232242904613,0.011037324698304658,Buy
17414302,-1,0.96843038,1.82322302,16028443783.53895,0.00032086,0.18355586,-5569.88687011,37,-1,0.0104232242904613,33.0,0.015007266446539207,0.02278140600196436,2024-09-11,-0.0051335539708682,-0.007204393109319035,Sell
13360467,-1,1.03761057,1.84762353,16364108185.683529,-0.0007186733333333,0.18468097,2795.830990090006,31,-1,-0.0051335539708682,37.0,0.006317947286835407,0.010048810654074444,2024-09-12,0.0136641715409131,0.012733317119767058,Buy
13050494,0,1.06557489,1.92233771,17587979237.03474,-0.002835775,0.19124133,-3002.176565349997,32,1,0.0136641715409131,31.0,0.016631562952500237,0.023390411443752892,2024-09-13,0.0413640712874558,0.027543414165607957,Buy
6407756,0,0.9316724,1.9044314,17140494040.247375,0.0014431566666666,0.18830957,-1634.8763242599998,50,1,0.0413640712874558,32.0,0.015429826756292203,0.02509804063325287,2024-09-14,-0.0087387625594923,-0.009416867888815808,Sell
7817501,0,0.95891233,1.8762374,16696517627.973911,0.0037330249999999,0.18591443,1163.7816253700005,51,0,-0.0087387625594923,50.0,0.005936497877690139,0.030831272438187722,2024-09-15,-0.0148158150948931,-0.004470280255851183,Sell
13157633,0,0.98260111,1.84684422,16192064103.832611,0.0033505066666666,0.18275307,4308.295945530001,39,-1,-0.0148158150948931,51.0,-0.012987931698082858,0.003691830218471796,2024-09-16,-0.0154092174398632,-0.007802559231840019,Sell
17299381,0,1.04267411,1.91222362,16976702665.983822,0.0042488366666666,0.18505925,595.3238681000003,33,1,-0.0154092174398632,39.0,0.002005650643912274,0.029651019321334418,2024-09-17,0.0362419844664931,0.022182957316970352,Buy
17677457,0,1.00554317,1.95698962,17418269248.94646,0.0055023466666666,0.18508173,933.8830327499963,45,0,0.0362419844664931,33.0,0.01500107635779394,0.02701888025117696,2024-09-18,0.0241704620467519,0.010804506302576445,Buy
17389946,0,1.04505406,1.99189092,18224313519.217068,0.00749156,0.19097051,-856.3913398700024,49,1,0.0241704620467519,45.0,0.026587695045920307,0.008701244314321418,2024-09-19,0.0193506386245159,0.02748521136551914,Buy
13823714,0,0.98302884,1.99657948,17826713811.134796,0.0083997116666666,0.18589955,-838.7300623999981,54,0,0.0193506386245159,49.0,0.015794934490393778,0.010610060871376642,2024-09-20,0.0038637027999135,0.0019125017506677004,Buy
4182152,0,1.02950006,2.00084639,17962564873.429493,0.00710843,0.18648477,3281.18299062,54,1,0.0038637027999135,54.0,0.008537843714665443,0.009392741876709328,2024-09-21,0.0023991897195669,0.01789992308254984,Buy
7595684,0,1.0188408,2.00672376,17789530364.62654,0.0049579783333333,0.18387409,1485.73255712,52,1,0.0023991897195669,54.0,0.0032390958527623425,0.0007556222239046198,2024-09-22,0.0034543950388066,0.011864004606448446,Buy
12940858,0,0.97452319,1.99663764,17911545726.82074,0.0044413083333333,0.18523719,4961.489689889997,50,1,0.0034543950388066,52.0,0.0006285268430640424,0.004015524622017127,2024-09-23,-0.0039680042291814,-0.0012493740438190297,Sell
14833038,0,1.00453152,2.02486386,18576641670.99895,0.00455067,0.19033104,-6966.18847537,54,1,-0.0039680042291814,50.0,0.004722998978890376,0.00938979944581077,2024-09-24,0.0146826061270459,0.011952138460941853,Buy
9418919,0,0.95673484,1.98658762,18163108641.624622,0.0056464683333333,0.1894955,-1813.96965508,59,0,0.0146826061270459,54.0,-0.002308892857965991,0.01622568639903191,2024-09-25,-0.0176412804717625,-0.007303883431446989,Sell
17261802,0,1.04927818,2.04796192,18773328959.42121,0.003359325,0.19022122,-3539.0575015299983,50,1,-0.0176412804717625,59.0,0.009850112922956141,0.025421993029654713,2024-09-26,0.032509013113585,0.026502038659517953,Buy
13880490,0,1.03089639,2.0649195,18756668514.0,0.00192535,0.18891344,-4462.853651680001,61,1,0.032509013113585,50.0,0.008036821360768075,0.02509688528511854,2024-09-27,0.0092427314404817,0.019564853688176054,Buy
4520749,0,0.96830946,2.06599335,18671295807.550568,0.0055124816666666,0.18766891,2043.6786517299988,64,1,0.0092427314404817,61.0,0.01436638268830654,0.016200318819093285,2024-09-28,0.0013474035108529,-0.000963395156187374,Hold
3879464,0,1.00592605,2.05705013,18679000965.897057,0.0086287233333333,0.1882147,2758.2009299499987,63,1,0.0013474035108529,64.0,0.0022269788296306755,0.0066199361476459665,2024-09-29,-0.0039091984624426,0.009938227410192145,Buy
17932848,0,0.92470201,1.98473849,18162276476.228622,0.008355925,0.1894234,-1515.2637437000012,61,0,-0.0039091984624426,63.0,-0.012550809958779592,0.01969621151894,2024-09-30,-0.0350906349247491,-0.01931094458406196,Sell
25701728,0,0.89251383,1.90637815,17360598458.42605,0.00719926,0.1878994,8218.962101789999,50,1,-0.0350906349247491,61.0,-0.02626411009407656,0.019502139165756795,2024-10-01,-0.039792496895038,-0.02433485694083604,Sell
16068127,0,1.02423575,1.90172316,16932173614.35136,0.0037581716666666,0.18356086,4318.836166779998,42,-1,-0.039792496895038,50.0,-0.025792080266913025,0.020313995759942204,2024-10-02,-0.002493108980952,0.005767070097747706,Buy
12680319,0,0.98705759,1.90528094,17274527339.037445,0.0071875816666666,0.18670795,754.1785770399947,37,0,-0.002493108980952,42.0,-0.013526045300355257,0.022844169396653513,2024-10-03,0.0017074699749242,-0.006985503214338674,Sell
12858492,0,1.01531318,1.94622509,17551033905.361156,0.0045495449999999,0.18568362,669.6877350399991,41,1,0.0017074699749242,37.0,0.007082822884320509,0.01311742746124662,2024-10-04,0.0220341076589893,0.014910001452489517,Buy
3533734,0,0.95398175,1.9451576,17512782300.758614,0.0074352166666666,0.18542829,-669.9295095199996,49,1,0.0220341076589893,41.0,0.00776775791368861,0.012401517554893476,2024-10-05,-0.0004383038928477,-0.004726223619531346,Sell
4838247,0,1.08643397,1.96822538,18005675981.039284,0.007385155,0.18866828,-2355.0897721700003,50,0,-0.0004383038928477,49.0,0.01127027387076251,0.011265954292604208,2024-10-06,0.0122150178461459,0.025442333340083837,Buy
15957259,0,0.99990754,1.94842082,17562225621.99028,0.009053125,0.18606928,-5112.312695389999,50,1,0.0122150178461459,50.0,0.0007301573393828092,0.010947497807778001,2024-10-07,-0.0095862419351498,0.00891766696625474,Buy
11591914,0,1.0042126,1.92878334,17709759256.0,0.0069337333333333,0.18805097,-760.7940298600006,49,1,-0.0095862419351498,50.0,0.0003922268613579093,0.011017026607189544,2024-10-08,-0.0014520953269224,0.009080937713452563,Buy
11861812,0,0.89318065,1.88073953,17731139342.340923,0.0084380483333333,0.19271244,1363.9404621799986,49,0,-0.0014520953269224,49.0,-0.011957528348041558,0.01187006793568238,2024-10-09,-0.0248342477820525,-0.014505491775124906,Sell
13394309,0,0.92831777,1.87241911,17566616412.331135,0.0048732116666666,0.19169039,2064.315003800002,39,1,-0.0248342477820525,49.0,-0.010471894355213757,0.012573322114096137,2024-10-10,-0.0051293399566664,-0.010802472044492136,Sell
15352491,0,1.07975001,1.93692096,18616756083.28973,0.0026747549999999,0.19622871,-371.6859049100021,32,-1,-0.0051293399566664,39.0,0.0024783160635888763,0.031806244115168025,2024-10-11,0.0373985359294855,0.02069467133854997,Buy
5225457,0,1.05720619,1.95616707,19056311934.40553,0.0083771166666666,0.19899386,-2654.637162859999,49,0,0.0373985359294855,32.0,0.01435982927716601,0.02148498240075866,2024-10-12,0.0108102918586789,0.022585853334967307,Buy
5898843,0,1.00026876,1.94468591,18493309730.76741,0.0084012566666666,0.19423971,740.0175451300001,50,1,0.0108102918586789,49.0,0.01422700910695531,0.021666173097214515,2024-10-13,-0.0055278004672985,0.01369218047504686,Buy
21309938,0,1.11030467,2.04201843,19750642033.00379,0.0151290833333333,0.19739962,2281.091899699997,48,-1,-0.0055278004672985,50.0,0.01898876190226124,0.02946959744525433,2024-10-14,0.0516837943154033,0.034583261244548615,Buy
24970669,0,1.01494541,2.06761374,19419159008.0,0.0116778366666666,0.1914988,-5655.128793329997,65,1,0.0516837943154033,48.0,0.02031349004933001,0.02900377801556501,2024-10-15,0.0147844762998852,0.020167174883424583,Buy
17326226,0,1.04159416,2.08157822,20354027617.596703,0.0081831333333333,0.19854772,4512.00017146,73,0,0.0147844762998852,65.0,0.024796561960102544,0.023536521609787923,2024-10-16,0.0079214152650191,0.03325702833360993,Buy
14305877,0,0.98276877,2.07338711,19691162276.765305,0.007996925,0.19285538,-2224.34678991,71,-1,0.0079214152650191,73.0,0.0065909832283662755,0.008933323222162079,2024-10-17,-0.0029329418798055,0.0010050099410436318,Buy
17596071,0,1.0353901,2.1018429,20831502161.58124,0.0077195416666666,0.20144866,-2448.626380499998,73,1,-0.0029329418798055,71.0,0.006694560363626176,0.009076476413279851,2024-10-18,0.0150952077056649,0.02161977460468977,Buy
4107250,0,0.93947517,2.09872448,20775280151.724136,0.00829138,0.2010573,205.5130764200003,72,1,0.0150952077056649,73.0,0.0038586583623533093,0.009801618425183773,2024-10-19,-0.0005862907387995,-0.00521595587318594,Sell
7315297,0,1.08232644,2.1139375,20891231835.94552,0.0115044916666666,0.20016403,930.9953149699996,73,1,-0.0005862907387995,72.0,0.008110829228290343,0.007979815845235765,2024-10-20,0.0098235707180056,0.023623225981972657,Buy
20878355,0,0.93219069,2.05678821,20493273568.16829,0.0125879033333333,0.20105861,-1776.06714603,72,0,0.0098235707180056,73.0,-0.005104118678475224,0.017626327247630046,2024-10-21,-0.0245496360146318,-0.013335699366537546,Sell
13528530,0,0.96222318,2.05650495,20613168217.44065,0.0091149116666666,0.20220316,126.6666246800014,70,0,-0.0245496360146318,72.0,-0.004734924937691157,0.017779206553922778,2024-10-22,0.0005212904835527,-0.001507079048485741,Sell
9941614,0,0.92914221,2.03214208,20457265769.88231,0.0098893583333333,0.20258213,590.7175861599972,71,1,0.0005212904835527,70.0,-0.015183972517801389,0.013685054997246685,2024-10-23,-0.0215235720223251,-0.017444855111036738,Sell
19633982,0,1.12434633,2.12613052,22081647375.78657,0.0125234616666666,0.20879985,-5583.514479910002,72,1,-0.0215235720223251,71.0,0.01331589553448824,0.04269950404426235,2024-10-28,0.0609499681422371,0.039396035839801564,Buy
27221880,0,1.08646637,2.20439563,23171410773.54479,0.0150247433333333,0.21053388,2585.5906680899934,72,1,0.0609499681422371,72.0,0.026507742641327773,0.042883198516711046,2024-10-29,0.0400968318040713,0.04256433467065845,Buy
16558001,0,0.98351714,2.18954695,22991172546.54348,0.01507937,0.21063056,-7697.389902319992,77,1,0.0400968318040713,72.0,0.03180938349477381,0.034049325427147586,2024-10-30,-0.005618649461987,0.0009967249136511281,Hold
20983004,0,0.91322145,2.12319153,22225320144.053288,0.0088739716666666,0.20890263,5119.201658870006,77,1,-0.005618649461987,77.0,0.0017030377975284737,0.03530698472145177,2024-10-31,-0.0293690689494989,-0.01687190046060629,Sell
27514207,0,0.93975153,2.09922205,20987554120.02356,0.00725305,0.19877455,5325.920061800003,75,1,-0.0293690689494989,77.0,-0.015255761887332693,0.012491911193977807,2024-11-01,-0.0107795672505122,-0.0146164626977347,Sell
4473004,0,0.93043092,2.09495633,21106535602.105324,0.00489529,0.20032213,-610.8400164400009,72,1,-0.0107795672505122,75.0,-0.01398906936517196,0.01405286980828273,2024-11-02,-0.0018185718955048,-0.013975186715992629,Sell
15746803,0,0.95212448,2.07644532,20633914318.97624,0.00569323,0.19729814,916.6735192300002,74,1,-0.0018185718955048,72.0,-0.007065639210634993,0.0046730874661310845,2024-11-03,-0.008598778485888,-0.006298128533176012,Sell
17442248,0,0.9704118,2.04650388,20419596262.30949,0.0069009449999999,0.19724298,7049.82064161,70,1,-0.008598778485888,74.0,-0.008088250355180626,0.006030643393189111,2024-11-04,-0.0138474006841491,-0.004333456488935899,Sell
23106260,0,1.00389454,2.09175505,20696346170.14814,0.0050910533333333,0.19525037,897.1650072299963,70,1,-0.0138474006841491,70.0,0.0001942071951308739,0.019948709382891176,2024-11-05,0.0230288007554297,0.014827671848141504,Buy
66174637,0,1.03930241,2.26825634,24037719808.52992,0.0096898833333333,0.20947958,-15774.521548870003,70,1,0.0230288007554297,70.0,0.033278186573663444,0.052998860457191536,2024-11-06,0.0906531596497097,0.042955162296005704,Buy
25167218,0,0.9903644,2.27056104,23926637742.64332,0.0105815516666666,0.20885545,-10839.973685999998,77,1,0.0906531596497097,70.0,0.03914758361958724,0.04563367536034839,2024-11-07,0.0037607904536223,0.0027085382984198903,Buy
19009748,0,0.98697371,2.28433658,24195462751.694942,0.0081488133333333,0.21092082,-20652.72236925,75,1,0.0037607904536223,77.0,0.03424972390573531,0.04890032748257872,2024-11-08,0.0083352216138739,0.003637830771842241,Buy
9741648,0,1.0115213,2.28747047,23663081054.340378,0.005870505,0.20615118,-50.07196606000071,75,1,0.0083352216138739,75.0,0.004767136426899942,0.0031864142792817486,2024-11-09,0.0022053972132036,0.012161894925688616,Buy
47622170,0,1.05972625,2.39171664,24360739600.47892,0.0260365666666666,0.20222939,793.3656092999954,78,1,0.0022053972132036,75.0,0.019830765602388573,0.02540500620110139,2024-11-10,0.0489516779800882,0.03830040841517496,Buy
70140785,0,1.06688906,2.6222159,26282057808.979607,0.01505546,0.19795469,-401.9934719000012,76,1,0.0489516779800882,78.0,0.05172489440693411,0.050962727701103216,2024-11-11,0.1040176080275105,0.05644059398859037,Buy
79281459,0,0.97119515,2.58159738,25860400790.182472,0.0390632383333333,0.19611808,-1688.8655629400018,80,1,0.1040176080275105,76.0,0.04791920293413978,0.056621703101521266,2024-11-12,-0.0092116772051794,0.0018496962823044956,Buy
79645043,0,1.00476872,2.63509636,26157139145.74964,0.0098487216666666,0.19346312,-5046.395322559998,84,1,-0.0092116772051794,80.0,0.041032230557790546,0.057679949257020566,2024-11-13,0.0282907608510405,0.0317287261952899,Buy
53076293,0,0.92594639,2.52529921,26347244556.14568,0.0128678716666666,0.20208988,-8265.225564549997,88,1,0.0282907608510405,84.0,-0.005308220673368359,0.03182728968164987,2024-11-14,-0.0350037456659662,-0.022785916335730974,Sell
47762244,0,1.00270818,2.62069415,26788969201.44658,0.0133746533333333,0.19723502,-6401.73956586,80,0,-0.0350037456659662,88.0,0.011958372283833507,0.04129387218881263,2024-11-15,0.0425881016664262,0.030063586169739445,Buy
18200354,0,0.96103478,2.60306713,26771837436.19392,0.0134024416666666,0.19795987,1030.974267409998,86,1,0.0425881016664262,80.0,0.0009818191877076427,0.039100102852533375,2024-11-16,-0.0046388984373371,-0.009818668618126913,Sell
20148043,0,0.92154802,2.57974924,26784365836.68054,0.0251031366666666,0.19925324,3447.481270780001,90,1,-0.0046388984373371,86.0,0.010032606343645943,0.028239603803427032,2024-11-17,-0.0078513841981513,-0.009210739935586435,Sell
47201328,0,0.97900948,2.58881267,27273361357.250187,0.0308785333333333,0.20110595,1471.3789060199997,83,0,-0.0078513841981513,90.0,-0.001713529244300224,0.008011650275904987,2024-11-18,0.0073496949025877,0.001923879818591102,Buy
39397238,0,1.02956732,2.62487204,28188985779.85464,0.024900245,0.20455848,-8232.323217569996,90,1,0.0073496949025877,83.0,0.006710072451195609,0.014252413901975909,2024-11-19,0.0206319066491504,0.026713026376814403,Buy
40012664,0,1.01109254,2.66506559,29718479930.59281,0.0097572633333333,0.21296359,-16788.129361760002,83,1,0.0206319066491504,90.0,0.016164990402220473,0.007634499905961626,2024-11-20,0.0205133696549233,0.021734959039054723,Buy
60964356,0,1.06208586,2.73871928,30866552286.29944,0.0153323533333333,0.21239143,-1073.672483270013,82,1,0.0205133696549233,83.0,0.028224082184920538,0.013252822345439976,2024-11-21,0.0435269702506879,0.042410977525794896,Buy
46132430,0,0.97346144,2.73342585,30879514361.68669,0.0165184033333333,0.21268359,-14436.097276090004,94,1,0.0435269702506879,82.0,0.023164529040618276,0.01917481632225335,2024-11-22,0.0054532472162436,0.002606969925843241,Buy
21559542,0,0.93024272,2.68837674,30544091273.692413,0.0117406466666666,0.21316849,-1658.3659734799949,93,0,0.0054532472162436,94.0,0.012342242091908076,0.028374532388201548,2024-11-23,-0.0119534911912073,-0.008469099911110233,Sell
31048520,0,0.96135171,2.69001148,30123446476.07937,0.0182648283333333,0.20952906,1110.0629014700023,80,1,-0.0119534911912073,93.0,-0.0012806645791701573,0.009347990315881714,2024-11-24,0.0026582502374532,-0.001720365699572633,Sell
57337470,0,0.90091314,2.54241471,29713496110.25467,0.0279560383333333,0.2172754,8294.52134014001,82,1,0.0026582502374532,80.0,-0.02025067528008909,0.027995387199869767,2024-11-25,-0.0514567848865132,-0.03293417850594142,Sell
50270682,0,0.95301556,2.5092578,28530639690.94565,0.02242213,0.21012359,-2631.604515080005,79,1,-0.0514567848865132,82.0,-0.019920853506032593,0.028147430213185755,2024-11-26,-0.0109640258690378,-0.01616979050646884,Sell
40427155,0,1.02331095,2.60846596,29145532392.287243,0.0197107866666666,0.20665747,-16593.155868760005,75,0,-0.0109640258690378,79.0,-0.00644464603874016,0.04743357871939333,2024-11-27,0.0430868726393305,0.02652571272271287,Buy
27999562,0,1.00259126,2.59443132,28821403268.79416,0.015605275,0.20515778,-16683.037648060003,77,1,0.0430868726393305,75.0,0.009843078692190707,0.029092582208386168,2024-11-28,-0.0025936106937206,0.016930113415523963,Buy
29655344,0,1.04093622,2.63664397,29608964887.076424,0.0223173083333333,0.20744667,2120.621352410002,78,0,-0.0025936106937206,77.0,0.01990374437514794,0.022847961682431105,2024-11-29,0.0192179711798339,0.03476708728251898,Buy
13337518,0,0.92910719,2.60628384,28805518469.90269,0.0143555199999999,0.20383294,2604.43463271,84,1,0.0192179711798339,78.0,0.0020088251159862077,0.015431562899803361,2024-11-30,-0.0105978851381547,-0.010527987016935367,Sell
17585110,0,0.98844429,2.62504044,28953331069.150005,0.013782135,0.20302756,2749.2954049,81,1,-0.0105978851381547,84.0,0.005645749613571041,0.015086373265279207,2024-12-01,0.0083171627990339,0.006872410654150431,Buy
41578020,0,0.94331516,2.57866473,28501661656.172268,0.0184309866666666,0.20256169,-10778.873047230009,80,0,0.0083171627990339,81.0,-0.00557600962280246,0.012184813959137149,2024-12-02,-0.0144473065292866,-0.009955131655816202,Sell
31924630,0,0.96663871,2.57224534,28460364233.26464,0.0204451033333333,0.20144327,-9825.090251329995,76,-1,-0.0144473065292866,80.0,-0.0019422553051356595,0.011547182211785668,2024-12-03,0.0003033778148457,-0.00419422118682701,Sell
38101560,0,1.02402152,2.63734938,30506916842.97608,0.0272980233333333,0.21043167,-5078.618072130004,78,1,0.0003033778148457,76.0,0.005098893647379108,0.02233349560322857,2024-12-04,0.0294406096565782,0.026817404656259522,Buy
97106494,0,0.99853983,2.56093685,29283357228.94441,0.0663865833333333,0.20568174,-28407.30900419,84,-1,0.0294406096565782,78.0,0.004104423145870475,0.023665719914496015,2024-12-05,-0.0174307180338125,0.0050163311526785735,Buy
45735497,0,0.98011545,2.61683829,29044617518.0,0.0113223516666666,0.19851237,-2694.5814235,72,1,-0.0174307180338125,84.0,0.013729678131119109,0.026986011341058245,2024-12-06,0.0291791427705916,0.006604623431945245,Buy
16825293,0,0.94438884,2.61490694,29306525786.4654,0.019166815,0.19953645,4490.212127270002,75,1,0.0291791427705916,72.0,0.004196466475481474,0.023485405572290827,2024-12-07,0.0008409746896653,-0.011828642469345986,Sell
17371259,0,0.98762315,2.64491011,29632096474.653736,0.0202574366666666,0.19917168,150.93915681,79,0,0.0008409746896653,75.0,0.01428773813606104,0.014224211179096835,2024-12-08,0.0128430969479262,0.006916982575443713,Buy
52513433,0,0.89961475,2.5250142,28905356577.62641,0.0177783683333333,0.20222294,-13302.46050062,78,1,0.0128430969479262,79.0,-0.00830456148537176,0.026912282778675748,2024-12-09,-0.0385977560937068,-0.024849644642063223,Sell
52386924,0,0.98265935,2.49790927,28064485216.659985,0.01056196,0.1979985,-2199.331643520003,78,-1,-0.0385977560937068,78.0,-0.011036675006243992,0.025917260042563763,2024-12-10,-0.0073553658729514,-0.004583416755002247,Sell
36654461,0,1.06647341,2.60519066,30220849211.55456,0.0093617766666666,0.20437241,-10567.54710984,74,1,-0.0073553658729514,78.0,0.00033305193054304166,0.04329013628137651,2024-12-11,0.0469522777582873,0.03446554202382148,Buy
32163333,0,1.00524005,2.56953845,30718241838.776657,0.0116498766666666,0.21066717,-4358.781047849996,83,1,0.0469522777582873,74.0,0.009469083025906343,0.032517962324767315,2024-12-12,-0.0111896628076169,0.019264445712147204,Buy
26852009,0,1.00755618,2.59923923,31056477483.48712,0.0079344683333333,0.21119463,-13338.374644750002,76,1,-0.0111896628076169,83.0,0.01648937318172111,0.029170768869289238,2024-12-13,0.0137055045944929,0.020464345497250958,Buy
16666498,0,0.98381799,2.59567618,31207007309.54896,0.00928941,0.21214414,1503.157825319999,83,1,0.0137055045944929,76.0,0.0007728701731362759,0.012475903277861784,2024-12-14,-0.0001972312674672,0.0015521248018664617,Buy
26233412,0,1.14033424,2.66797817,33810099684.39782,0.0125835733333333,0.22315413,1187.487137019998,80,1,-0.0001972312674672,83.0,0.014748313114233608,0.01549329169310467,2024-12-15,0.0307366660156751,0.034026337687424475,Buy
44919018,0,1.02649648,2.69689734,33505254210.90752,0.0185035216666666,0.21937883,-9348.317794489994,83,1,0.0307366660156751,80.0,0.01534727569756851,0.015467531999695652,2024-12-16,0.0155023923444976,0.0270326616016015,Buy
54564561,0,1.0255056,2.68218871,33358654576.005253,0.0124209783333333,0.21825773,-1331.2473113300002,87,1,0.0155023923444976,83.0,0.015413019453390908,0.015368527908522375,2024-12-17,0.0,0.031041529291842108,Buy
65328477,-1,0.89543018,2.52304525,31898815674.184364,0.00837564,0.22149987,-9448.470034020009,81,-1,0.0,87.0,-0.01354342921347502,0.037689046857882075,2024-12-18,-0.0561326799849227,-0.036551578738342756,Sell
65872391,-1,0.93586758,2.43759425,30898636265.50879,0.0116827433333333,0.21940246,10284.742846970004,75,0,-0.0561326799849227,81.0,-0.027927518462754788,0.02806736993064679,2024-12-19,-0.0276498754033417,-0.024209258795949897,Sell
68228808,-1,0.94352169,2.44099988,30395832347.67416,0.0077521666666666,0.21426641,-2572.951128470013,74,-1,-0.0276498754033417,75.0,-0.026710807320247654,0.029902467816641833,2024-12-20,0.0036501334275214,-0.027028408515329526,Sell
25651075,-1,0.99678952,2.42620947,30363810345.26985,0.007106845,0.21528239,642.1797551800009,73,-1,0.0036501334275214,74.0,-0.00984033826139699,0.016090785654954032,2024-12-21,-0.0055212728083707,0.0017307366041200277,Buy
22319084,-1,0.90281141,2.37128427,29897217146.88644,0.0079942733333333,0.216667,253.2972302799972,73,-1,-0.0055212728083707,73.0,-0.007887063588238688,0.012884039557529337,2024-12-22,-0.0217900513838668,-0.016482234309866547,Sell
38588586,-1,0.97341127,2.34429244,30945685862.833035,0.0102073066666666,0.22436821,1893.173467119996,70,0,-0.0217900513838668,73.0,-0.010251443690296656,0.01004661126690226,2024-12-23,-0.0034430068786525,-0.004589240155722118,Sell
30350669,-1,1.06999828,2.43152458,31953685861.73187,0.01045092,0.22301131,2454.8561670100025,73,-1,-0.0034430068786525,70.0,0.004990356700939444,0.031845891362047865,2024-12-24,0.0402041283653376,0.02872599042555591,Buy
18806743,-1,0.99307122,2.44806003,32348679563.315968,0.0106206333333333,0.2239534,1209.2731613199976,73,1,0.0402041283653376,73.0,0.01494610615668731,0.02261978202094743,2024-12-25,0.0080771969833768,0.005040600106127215,Buy
27321541,-1,0.93784121,2.35652548,31426251419.427094,0.0093052933333333,0.22552452,-8978.897177880004,79,-1,0.0080771969833768,73.0,0.003613482606761811,0.039014488265101725,2024-12-26,-0.037440877528429,-0.017598506105575857,Sell
31818572,-1,0.97847303,2.31389813,31426102136.1912,0.0152281066666666,0.22905116,-9429.34745044,74,-1,-0.037440877528429,79.0,-0.015048070863914456,0.022767875424680884,2024-12-27,-0.0157805320466912,-0.007691956388801696,Sell
9260623,-1,1.07642924,2.34213791,31777119644.143703,0.0067848983333333,0.2291194,-2635.125997289997,72,0,-0.0157805320466912,74.0,-0.014250281653063787,0.023992349234463035,2024-12-28,0.0104705646159288,0.01789651933369564,Buy
11952136,-1,0.90633472,2.29544721,31534693738.36507,0.008010355,0.23252322,-4847.602184440002,73,-1,0.0104705646159288,72.0,-0.007399727167691655,0.01548605147486881,2024-12-29,-0.0168892140723126,-0.014229913387854634,Sell
38683714,-1,0.99528522,2.2651684,31278846701.23175,0.012330735,0.23196047,6286.127606150003,65,0,-0.0168892140723126,73.0,-0.005273309160904689,0.014139288089675208,2024-12-30,-0.0094012780263303,0.005947850903740503,Buy
25621256,-1,1.05207525,2.27838784,31204884865.56113,0.0144278033333333,0.22983215,-1823.4747868600025,64,0,-0.0094012780263303,65.0,-0.005947938932132589,0.01301618168951994,2024-12-31,0.0084466753022451,0.01906578296939687,Buy
