volume,sentiment,Taker Buy Sell Ratio,MVRV Ratio,Open Interest,Exchange Netflow (Total),fng_value,Daily_sentiment,lag_return_1,lag_fng,ma_3,volatility_3,Actual_Return,Predicted_Return,Signal
0.18718945779447785,0.5,0.5435535657658694,0.2071180888712196,0.25844160056334,0.4151708679841735,0.6292134831460674,1.0,0.402453817912026,0.6404494382022472,0.5205476971950336,0.10315155351192269,-4.262090129003582e-05,-0.009976216,Sell
0.24260101262656628,0.5,0.43646644788727995,0.20648091947314687,0.25205683434651205,0.43114547866898384,0.6292134831460674,0.5,0.4785144073853604,0.6292134831460674,0.5414295075384847,0.09417974719793627,-0.0046600838246785,0.006302546,Buy
0.14914077002019027,0.5,0.2821063867314044,0.20447915461534785,0.26240840766586515,0.4314002507482866,0.6404494382022472,1.0,0.44041389825944494,0.6292134831460674,0.5597084703336449,0.06388629859840074,-0.0047140185848665,-0.007814559,Sell
0.08112606173457262,0.5,0.30542717269223774,0.20297992063459888,0.27370921850887353,0.42443100468170225,0.651685393258427,1.0,0.4272122995075922,0.6404494382022472,0.5217187421568258,0.013432359878678314,0.0012262151900095,0.017797366,Buy
0.051205904391517156,0.5,0.4321937248515648,0.203148269999294,0.27105008324489477,0.4264419346033405,0.6179775280898876,0.0,0.4270580968481247,0.651685393258427,0.5243970233865062,0.019002009432708834,0.0137690734792246,0.014714989,Buy
0.12423000573577753,0.5,0.6712161081578021,0.20879145778084793,0.28648736653428764,0.42724985482151756,0.6179775280898876,1.0,0.4440415754573191,0.6179775280898876,0.5632976082802714,0.06478826294344496,0.0464050809978309,0.007822468,Buy
0.2606908200586258,0.5,0.9333208682087228,0.22939078524377457,0.3918284126454238,0.4331341677601237,0.6292134831460674,1.0,0.4799023468555774,0.6179775280898876,0.6712006903484029,0.17036868534323107,0.0189716808841748,0.023562614,Buy
0.28503507000299527,0.5,0.5727543812993887,0.23745185775862684,0.3999131124094749,0.4238393735357155,0.696629213483146,0.5,0.573210616628736,0.6292134831460674,0.7086581271335931,0.12636348639290737,-0.0102732805258223,0.0070199324,Buy
0.2525322886575915,0.5,0.2613285593002712,0.2320568874413336,0.3879411952866123,0.4919893360605391,0.6629213483146068,0.5,0.49477690818138187,0.696629213483146,0.6579091092812572,0.20855048224981204,0.0163246861924686,-0.0019343803,Sell
0.18908651263202395,0.5,0.5737412463114104,0.2392749436607409,0.40161053304565,0.3956834462295051,0.6179775280898876,1.0,0.41116383917488986,0.6629213483146068,0.5944148901768304,0.11602403341819903,0.0029773373250732,0.0076872306,Buy
0.27827330538306766,0.5,0.4010144637483286,0.2401956522614954,0.3472321516594792,0.401803301506199,0.696629213483146,0.0,0.48720899428624537,0.6179775280898876,0.5606537523678267,0.09415938987440221,-0.0056710154302844,0.0149671,Buy
0.06170896706612198,0.5,0.2759640777772594,0.23751551758771475,0.3493210356312335,0.42168496512441755,0.696629213483146,1.0,0.449048136890764,0.696629213483146,0.5703682933585137,0.07729669183661894,0.0002047529094726,0.014660812,Buy
0.0766350191247187,0.5,0.4418886308742125,0.23774749884690669,0.33989917028745764,0.4372318480439528,0.696629213483146,0.5,0.42432198644082664,0.696629213483146,0.5363420585819398,0.026619410634735774,-0.028613314138926,-0.0027606343,Sell
0.19870946391429148,0.5,0.09008048412935565,0.22371494813300682,0.32739987369355905,0.4432073092526473,0.7078651685393258,0.0,0.4411211545700183,0.696629213483146,0.4696599635268184,0.10882611176494762,0.0321481985044187,0.0003647944,Hold
0.23736376090087138,0.5,0.5513598774689212,0.23828236866882593,0.3528630813570559,0.4353546568395508,0.5842696629213484,1.0,0.3587286017137926,0.7078651685393258,0.5494894162805157,0.22413827784793414,-0.0517259548571089,0.0068369443,Buy
0.2924441738638947,0.5,0.0692913978759937,0.2132329894682433,0.2920972638459336,0.4504476928011991,0.6404494382022472,0.0,0.5324493489687407,0.5842696629213484,0.4398731775803677,0.32243589964734637,-0.0196283395438806,-0.0054053655,Sell
0.2901116876689057,0.5,0.30086522952187433,0.20482157062436648,0.2982045198208916,0.4581770301696242,0.5168539325842696,0.0,0.29264819913781004,0.6404494382022472,0.45883881780141367,0.31481438456574345,-0.0346228644097216,0.0057296017,Buy
0.31432504125648436,0.5,0.2935119391950485,0.189331253278163,0.2742666640647171,0.44879541927958544,0.49438202247191015,0.5,0.3844171738512241,0.5168539325842696,0.3178973000474604,0.11515454770919306,0.0203540959544996,0.002005973,Buy
0.1439810585811762,0.5,0.6807876057913473,0.1979643268940852,0.2975158238174034,0.42236208412353754,0.5280898876404494,0.0,0.3415469431557393,0.49438202247191015,0.4700451215406354,0.20912201736899136,-0.0083143933945165,-0.015207261,Sell
0.13727911873075124,0.5,0.29544856628220284,0.1943773112421042,0.27493950061188877,0.4186311786586397,0.5617977528089888,0.0,0.4987293143771093,0.5280898876404494,0.49392679531492206,0.2021098757623212,-0.0028466782709603,0.020941526,Buy
0.2612911793624788,0.5,0.3753163482302533,0.1930463241992166,0.27137955593401597,0.426310956010143,0.5280898876404494,0.5,0.4167644129827873,0.5617977528089888,0.56100052017966,0.10877198401281833,0.0287007909809982,-0.0049512857,Sell
0.22495451066810532,0.5,0.718409325814048,0.20559029642691937,0.2912238764627695,0.4310592426924665,0.5280898876404494,0.0,0.4323969329073123,0.5280898876404494,0.5786188688163559,0.14495862721650946,0.0038604715290224,-0.007911276,Sell
0.6114790334435526,0.5,0.486848544166659,0.20699110442813615,0.22905421228443634,0.44800519128065613,0.5617977528089888,0.5,0.5225930075939588,0.5280898876404494,0.6043177848719449,0.11940683504291814,0.0374385034459199,-0.009486696,Sell
0.4460838113408808,0.5,0.5395758019397703,0.223342716603841,0.28042652912888166,0.41843569948439857,0.595505617977528,1.0,0.45157306965102934,0.5617977528089888,0.689352445192868,0.12549726264264682,-0.0053973318849926,0.020656038,Buy
0.22500210771456766,0.5,0.39798668132506787,0.22048802487847227,0.28782367239017437,0.422692385699105,0.651685393258427,1.0,0.5475746427223485,0.595505617977528,0.6173775360099294,0.16441518718909598,-0.0029795221843003,-0.017707624,Sell
0.08051047824368143,0.5,0.3336319480047112,0.2189870186031154,0.289951021492003,0.42074019163312915,0.651685393258427,1.0,0.425104463833688,0.651685393258427,0.6029395586390609,0.17600621629841007,0.0003525863751039,-0.019231305,Sell
0.179937544125091,0.5,0.5039054405151271,0.21874398455741043,0.2779168265715807,0.42970864344079335,0.6067415730337078,1.0,0.43201712432635814,0.651685393258427,0.524657961624808,0.014994453312246454,-0.03998904972111,0.012045826,Buy
0.28304240253304236,0.5,0.1614775741990191,0.20083123534725947,0.27119743566393395,0.46623099424401926,0.6404494382022472,1.0,0.44154381916478413,0.6067415730337078,0.45164116361744244,0.16329143113828742,0.021461874073229,0.023311067,Buy
0.2275880516656503,0.5,0.6017067716515276,0.20960279935392132,0.28799287515199223,0.38653146365154734,0.550561797752809,0.0,0.3262047029505817,0.6404494382022472,0.50323248677777,0.23044047460342054,0.0126288974578194,0.0018384168,Buy
0.30866823729255893,0.5,0.5251724052847009,0.21492696169066947,0.2779489299646486,0.42713157259900425,0.651685393258427,0.5,0.5018965173351388,0.550561797752809,0.5291455371457487,0.2456521092470216,-0.0066302759628373,0.013942891,Buy
0.18423080269268113,0.5,0.37044109543222614,0.21224239472844716,0.2932932232897748,0.430045503594008,0.651685393258427,1.0,0.47664251638355937,0.651685393258427,0.5995598154079872,0.10226379269728175,0.0230867966419205,0.022332348,Buy
0.25990612173349636,0.5,0.6115117436278443,0.22181042358654338,0.32157762622952524,0.3810672913705836,0.6179775280898876,1.0,0.4215794040185386,0.651685393258427,0.6029897301505236,0.10765656150918733,-0.022165708763542,0.011484083,Buy
0.2087177596704061,1.0,0.23666764450268785,0.20894584916156403,0.2822669277527303,0.4061823871012259,0.6067415730337078,0.5,0.5065422667673732,0.6179775280898876,0.5295446718204534,0.1678701837811478,-0.0145087350630075,0.005425713,Buy
0.12549844562423904,0.5,0.30081372406564055,0.20115663298266087,0.28040890937391005,0.41394461079217654,0.651685393258427,0.0,0.3771626856443778,0.6067415730337078,0.5129146836986785,0.1771995941556694,-0.0267282208632132,0.019042589,Buy
0.2995721187265405,0.5,0.21665797580632606,0.19110832159733918,0.30054868028527193,0.4129328413412256,0.6067415730337078,0.0,0.399054424923091,0.651685393258427,0.4077642806993811,0.039991348453642606,-0.0017932161476221,-0.024202388,Sell
0.1549873356049138,0.5,0.49575189649925555,0.19051722565138643,0.3027667500701757,0.43369751574686255,0.5056179775280898,1.0,0.3641181945375318,0.6067415730337078,0.4507668914772138,0.08784344715141422,-0.0009887650216223,0.016655147,Buy
0.33157914129948507,1.0,0.41971368595745195,0.18947079897567456,0.2637616183400461,0.4148680501531462,0.5168539325842696,0.0,0.43540884323195006,0.5056179775280898,0.4793050787466166,0.10430954423550015,-0.022713347762563,0.018145509,Buy
0.24016717567761345,1.0,0.2682696597587575,0.1809395810862929,0.292635253893732,0.5399590515438398,0.5168539325842696,0.0,0.43770881643306286,0.5168539325842696,0.4877797425260863,0.08669317419368097,-0.0063547061180276,0.009816225,Buy
0.2783996600141577,1.0,0.3193500954532449,0.17805591808619445,0.2675973611186008,0.3976941475831751,0.48314606741573035,1.0,0.37559695345640043,0.5168539325842696,0.4781512703767799,0.07908452629867985,-0.0008362858454886,0.009700338,Buy
0.0927937834268007,1.0,0.5203593684458712,0.17783560727836142,0.2709192748653737,0.42653005631332436,0.47191011235955055,0.0,0.4223672744529412,0.48314606741573035,0.4784731260665387,0.07954844260461674,0.0052012689302649,-0.011717982,Sell
0.09522464580918405,1.0,0.6216294403579425,0.18009008086188819,0.2796711851672524,0.4248283848442029,0.47191011235955055,1.0,0.43814476338807445,0.47191011235955055,0.5373957831652595,0.03698980398375753,0.0093153271701997,0.0021906095,Buy
0.19609397933707004,1.0,0.48530392879891515,0.18337908719303972,0.29431166435452794,0.29667721077458775,0.49438202247191015,1.0,0.45540648847699816,0.47191011235955055,0.5704723612292881,0.031866396414116115,-0.0047030660160206,0.0025525177,Buy
0.15772862737751742,1.0,0.36533426913154443,0.1812780365910738,0.2973367907705806,0.42977055822357696,0.5393258426966292,1.0,0.46716882355721495,0.49438202247191015,0.5623102945754075,0.04783066023655891,0.0137281311980106,0.009883796,Buy
0.21590226459505985,1.0,0.5431085132962843,0.18712311386960576,0.3029479506258099,0.41924604413865146,0.49438202247191015,0.5,0.42708941088823815,0.5393258426966292,0.5803089433499575,0.06621524498672292,-0.0214083910672439,0.00940767,Buy
0.24322764784906328,1.0,0.28433318437326616,0.17810848788264796,0.27967185897749347,0.4880943417233302,0.5056179775280898,1.0,0.4797852904595563,0.49438202247191015,0.5154567859865454,0.12667332638342446,0.0022678697317721,0.021157209,Buy
0.1333055322588069,1.0,0.44188124684145214,0.17905575296793078,0.27450580293729643,0.43012943249525976,0.47191011235955055,0.5,0.379327901590902,0.5056179775280898,0.5301711580749838,0.1292840783135806,0.0081652096568305,0.019939851,Buy
0.04044918787930143,1.0,0.779704803185369,0.18231844181049947,0.28893600394980923,0.425775526179972,0.47191011235955055,0.0,0.447019727210036,0.47191011235955055,0.5184288467960954,0.1120510421617012,-0.0131674634083316,0.019700468,Buy
0.09084366614375158,1.0,0.1257299363127169,0.1767457950789543,0.2846758934930308,0.4297306977585499,0.5168539325842696,1.0,0.46388056977350367,0.47191011235955055,0.5358239398387382,0.07680089368996418,0.0040175365094565,0.0035182694,Buy
0.13526264676554128,1.0,0.5696722421597196,0.1779184488599487,0.2881782684263041,0.43415310855213135,0.48314606741573035,1.0,0.40288919966758874,0.5168539325842696,0.5395171668213251,0.07904276858097296,0.0137741149469825,0.010443239,Buy
0.15573977702745542,1.0,0.5820535470316277,0.18361141297885422,0.3073990784703948,0.4358067745564332,0.49438202247191015,0.5,0.45202212769092304,0.48314606741573035,0.551356541395139,0.09675507737551635,-0.0329328663464402,0.0027515432,Buy
0.23836029644055653,1.0,0.11240888533090576,0.16985363310989984,0.3064329692661105,0.4213594301801327,0.49438202247191015,0.0,0.47991676070915124,0.49438202247191015,0.5096353860392981,0.1803696208913107,0.0056244252065456,-0.006255741,Sell
0.16835996518720964,1.0,0.5267082840988326,0.17185922811051188,0.30111616878924363,0.30363075017475416,0.5056179775280898,0.5,0.3463787472639739,0.49438202247191015,0.5130272345728557,0.182735030897241,0.0086199729421279,0.04792205,Buy
0.13349344703059393,1.0,0.5344400609365474,0.17552280937263134,0.29101006359457005,0.3950366244599257,0.48314606741573035,1.0,0.4566163172209367,0.5056179775280898,0.5021477822295897,0.16924348867358696,0.0056837979910002,-0.0067428267,Sell
0.05347147951059846,1.0,0.5785788478532843,0.17797380901166063,0.2939464864775977,0.42939110556067706,0.47191011235955055,0.5,0.46518076481982684,0.48314606741573035,0.5836605071252898,0.006064790440902702,0.0452320278969957,-0.0025419863,Sell
0.19104379435548363,1.0,0.9379954727106066,0.19643419725566977,0.3425983814596586,0.4312097143436996,0.49438202247191015,0.5,0.4567860675124182,0.47191011235955055,0.6672649218845075,0.16057794699998826,-0.0118941961882969,-0.0076390873,Sell
0.17669856760167374,1.0,0.3721695439720061,0.19110880579691683,0.3325072506164328,0.42305685669001375,0.5168539325842696,1.0,0.569856788648136,0.49438202247191015,0.623963257862456,0.21550568344810325,-0.0015114349614026,0.013240379,Buy
0.13842224312063015,1.0,0.2874129840174069,0.1903017351124258,0.33537923991474716,0.43336713937467697,0.5056179775280898,1.0,0.406529545723784,0.5168539325842696,0.6087754353440555,0.22441604223454187,-0.0173048507772731,0.0028215693,Buy
0.20660415469452764,1.0,0.19432061872345763,0.18290246409723757,0.3128579382702895,0.46419079926505313,0.5056179775280898,0.0,0.43621447225767507,0.5056179775280898,0.47677150712622723,0.054067966235029845,-0.0145508821334431,0.01583923,Buy
0.1734622386764077,1.0,0.31452696953995085,0.17665370404389644,0.31502684418399574,0.44478230695363247,0.5168539325842696,0.5,0.3910601652320146,0.5056179775280898,0.4711637283525692,0.05718813255427719,0.0157618082991051,0.025315516,Buy
0.16665538376789132,1.0,0.45255910653203557,0.18327707006663999,0.3215411415498197,0.3896831050271389,0.49438202247191015,0.5,0.3989339239636489,0.5168539325842696,0.5076243898340211,0.132546559194325,-0.0063501274432747,-0.025502078,Sell
0.06281877750482781,1.0,0.30179609285969455,0.18060513264340153,0.3196697218822202,0.4461628504359929,0.5280898876404494,0.5,0.48559969320083024,0.49438202247191015,0.5307478098588566,0.11225761548855362,0.0017556893575656,-0.026537549,Sell
0.08063902610128515,1.0,0.5717959192252611,0.1813812704241046,0.3055020955749812,0.4311670884873959,0.5168539325842696,1.0,0.4223803651540266,0.5280898876404494,0.5651680038021734,0.07809663607283109,-0.0512021075624299,-0.01687292,Sell
0.320630363438829,1.0,0.0,0.16007927005101028,0.320618135025323,0.39323427802426103,0.5280898876404494,1.0,0.4455553733211073,0.5168539325842696,0.423819408701794,0.20992394185023014,0.0585968337176789,0.02192314,Buy
0.3360297801680792,1.0,0.7613158565706462,0.18331313983133182,0.31023188573170735,0.3840263901216447,0.42696629213483145,0.0,0.29414590944027214,0.5280898876404494,0.5609105808357836,0.4105457795683409,-0.0329004647062064,0.010065441,Buy
0.3004956726259856,1.0,0.2970080593793205,0.17609708559094747,0.2652913263138006,0.35364700385239756,0.5280898876404494,0.0,0.6080675565023604,0.42696629213483145,0.487757769721428,0.44030808437857644,0.0060776649611218,0.03018786,Buy
0.137787977142033,1.0,0.48400719029328654,0.17208726748852674,0.27468200557721467,0.40154127302315207,0.49438202247191015,0.0,0.3464713854638611,0.5280898876404494,0.6086649070909741,0.34215006071641246,-0.0006720556975599,0.046147145,Buy
0.1132102831933838,1.0,0.43842431320727426,0.17139473483489873,0.2752524626586236,0.4270781423174227,0.49438202247191015,1.0,0.4579121564030979,0.49438202247191015,0.48355910728490364,0.15142528233970687,-0.0242367226963778,-0.027142487,Sell
0.27505137451458955,1.0,0.23524830180954437,0.1621442198498498,0.26470073058102495,0.404496599042244,0.48314606741573035,0.0,0.4386143070643063,0.49438202247191015,0.5018466841932433,0.11405306231153182,0.0032253568026763,0.0121833095,Buy
0.11104361477666472,1.0,0.44161618930905355,0.1634282209106442,0.2615926185196793,0.40568567991155846,0.46067415730337075,0.0,0.37124153469970905,0.48314606741573035,0.49582598265865446,0.10601654660729767,-0.0005827888181738,0.020501468,Buy
0.1207655280025341,1.0,0.4470230924658187,0.16452160253001477,0.27074212993246694,0.3996394932065224,0.46067415730337075,0.5,0.44975723920090394,0.46067415730337075,0.496014408736011,0.10616685602031715,0.0008959327741477,-0.03236227,Sell
0.18826747913929173,1.0,0.47312396676088575,0.16352439349983425,0.2829591319296315,0.4602450345100773,0.43820224719101125,0.5,0.4388695263358063,0.46067415730337075,0.5490648538331327,0.007640536180200191,-0.0309476039817886,-0.049119253,Sell
0.2032696302356509,1.0,0.1487481962580861,0.15128890606459292,0.26462685195717817,0.44730074946770454,0.44943820224719094,0.5,0.4430972785563273,0.43820224719101125,0.4769319754738034,0.12969862155485856,0.0187212084774981,-0.006620708,Sell
0.20789286065289758,1.0,0.5234793781693989,0.15800406204957998,0.2782541479098266,0.3929885971300736,0.39325842696629215,0.0,0.35205472941913796,0.44943820224719094,0.5176791877964341,0.1843564622186768,0.029308882557326,0.0073212115,Buy
0.2373417072045421,1.0,0.6888975767030106,0.1695370100399217,0.31396501191340276,0.4097096131987772,0.46067415730337075,0.0,0.49406079280239146,0.39325842696629215,0.5776537350259339,0.23765000340018502,0.0065651579586878,-0.016165063,Sell
0.12416855159854046,1.0,0.6218332323512019,0.17228641939558495,0.30197211233513077,0.41765482014433136,0.46067415730337075,0.0,0.5243315772648485,0.46067415730337075,0.6568363235947584,0.07957525091735192,-0.0067599938133985,-0.034699317,Sell
0.09243673341635353,1.0,0.3814397218924688,0.16953617200219115,0.30235339655597127,0.428866943445743,0.48314606741573035,1.0,0.45930592762659944,0.46067415730337075,0.603050159823597,0.13171365697796664,0.0189443859975617,-0.0051447162,Sell
0.17134524805950996,1.0,0.5900457024106855,0.17754471817439824,0.3246300683679856,0.4259073413562779,0.46067415730337075,1.0,0.4212085330353873,0.48314606741573035,0.5811726007113928,0.0907841305760803,0.0544980151704344,0.015379027,Buy
0.3493327903607194,1.0,0.7840281909211115,0.200096484215072,0.4177692924969719,0.3979485331835129,0.48314606741573035,1.0,0.49469887049119965,0.46067415730337075,0.6823501071170368,0.22692515984648234,0.0600164012074682,-0.019744579,Sell
0.5311302816427274,1.0,0.6899060089394315,0.2255246657813967,0.4171557956355093,0.4219804056069509,0.595505617977528,1.0,0.5963487926021048,0.48314606741573035,0.8233028799743545,0.1625304676988156,-0.0037847841672641,-0.008980769,Sell
0.25123004461416387,1.0,0.35011150072241026,0.22528512666341252,0.4235696200936707,0.38793741994111486,0.6629213483146068,1.0,0.6121261836559101,0.595505617977528,0.7753257533493414,0.2618223959746363,0.0267246861924685,-0.00034210924,Hold
0.31991895729928665,1.0,0.5740360227479382,0.23589117698916742,0.4382815359041907,0.4200546761111039,0.6629213483146068,1.0,0.4297148328373757,0.6629213483146068,0.7167013288098093,0.23566902544055626,-0.0048641493932853,-0.009405351,Sell
0.11113007229335925,1.0,0.33269359097027795,0.23255267987426134,0.4315050914164573,0.4251870644188763,0.6292134831460674,0.5,0.5169432074888742,0.6629213483146068,0.5797503372381919,0.12940316230496318,-0.0021687710079215,0.002892512,Buy
0.12207573375183059,1.0,0.4146106613370031,0.24127417888613104,0.43175968250494245,0.42670106247214884,0.651685393258427,1.0,0.42662886401487393,0.6292134831460674,0.5831614458449396,0.12618934514423635,-0.0064974719285574,0.0065923417,Buy
0.1785940921075817,1.0,0.31638573529156355,0.22788965481467974,0.431745997832225,0.44874852758390665,0.550561797752809,1.0,0.4343351097429668,0.651685393258427,0.5130355382394218,0.009663867072517833,0.0139821084530455,-0.000132001,Hold
0.1741021293080696,1.0,0.4844904788929063,0.23505100691816286,0.44839817059339215,0.4357036773985617,0.595505617977528,1.0,0.4219590985829086,0.550561797752809,0.5528165461928192,0.07510953884117955,-0.020105464879804,0.00028829742,Hold
0.17936900128691532,1.0,0.22992459696249368,0.2326185620552569,0.42374515536990087,0.4467107642545254,0.6292134831460674,1.0,0.480511426406655,0.595505617977528,0.5149554616532201,0.12350663465443952,0.0124258721558689,0.014773418,Buy
0.16215782766845044,1.0,0.5370016623212361,0.23050493778348916,0.442186201211501,0.40716611165915734,0.5393258426966292,1.0,0.3830530443836546,0.6292134831460674,0.5548991845750627,0.139383206449699,0.0006668878675686,0.011275542,Buy
0.37479104310598,1.0,0.39079971450843587,0.23157730327888346,0.37621458167417365,0.46509215597054365,0.5617977528089888,0.0,0.4760620550745474,0.5393258426966292,0.5267931860086033,0.11828797959736452,0.003722890854295,0.032772437,Buy
0.03945628482437293,1.0,0.4103299328400283,0.2319151131842275,0.3939256511494583,0.3147347213247237,0.595505617977528,0.5,0.4424424256635197,0.5617977528089888,0.5770904925987881,0.03943321721761148,0.0012788811262005,0.036958158,Buy
0.08740465661264857,1.0,0.39683685582767403,0.24518565791663613,0.3886592567501189,0.42898139708995686,0.6404494382022472,1.0,0.4511797183899807,0.595505617977528,0.5535612305870183,0.00533743824747341,0.0175188728860897,0.015881352,Buy
0.1562954829959484,1.0,0.6343309636802452,0.24471144650719187,0.44654981400172755,0.434846235750707,0.6292134831460674,1.0,0.4441921504741671,0.6404494382022472,0.5891326928644932,0.059620143655836254,-0.0126135670487014,-0.021763496,Sell
0.12172692065811283,1.0,0.2819347628016553,0.23288307159376817,0.424812240982009,0.43120249334979055,0.651685393258427,1.0,0.49062324445469463,0.6292134831460674,0.5546494141643683,0.10771176058350401,-0.0087039644168147,-0.015985224,Sell
0.11877291676915841,1.0,0.1940512477461791,0.22864360942627074,0.41939849809934593,0.4342758503076075,0.6179775280898876,1.0,0.40447282201849305,0.651685393258427,0.5335774506381161,0.11762594333465652,-0.0201388068904895,0.011652158,Buy
0.33096429286544904,1.0,0.27919890555474813,0.22003812277090115,0.3760475059524563,0.4091616215659524,0.5617977528089888,0.0,0.41565060646023144,0.6179775280898876,0.4540889669872226,0.0372329584163484,0.0151802211927267,0.0309469,Buy
0.1401254355462567,1.0,0.4217778521055,0.21851840342340526,0.3799826797605955,0.4070031652226881,0.550561797752809,1.0,0.38295771760920005,0.5617977528089888,0.51275657729494,0.1300656119660461,-0.00193221423178,0.031717416,Buy
0.04105591535344443,1.0,0.4437061264625273,0.225868407131567,0.37298367089073325,0.43813702741897215,0.5842696629213484,1.0,0.48393690137227685,0.550561797752809,0.5270505050426032,0.1273349197120515,-0.0040139679477225,0.024494145,Buy
0.052781873753953275,0.5,0.2517746809924213,0.2039138174661577,0.37335308695269476,0.4321695656529957,0.550561797752809,1.0,0.4350114395137666,0.5842696629213484,0.5610870947709112,0.07312393606149954,0.0082626261286065,-0.006407122,Sell
0.1855695084426025,0.5,0.4699870322493971,0.22679055591568073,0.39658210950263717,0.4227183933920718,0.5617977528089888,1.0,0.4290595828959589,0.550561797752809,0.5464853151227714,0.04299631704207069,0.006957946369531,0.013410837,Buy
0.12076765752743801,1.0,0.4743235065382496,0.22796758611593462,0.37471933357424525,0.4097872952026911,0.5730337078651686,1.0,0.4641590892101609,0.5617977528089888,0.5652508203212789,0.044311484191168087,-0.0078246494426366,-0.012038319,Sell
0.18355032667063811,1.0,0.3975793166662549,0.21025017418924616,0.3933203240521991,0.4572509412182569,0.651685393258427,1.0,0.4604289328527085,0.5730337078651686,0.5572071677249331,0.06098022709953186,0.03532561271564,-0.0034818118,Sell
0.3184012858583969,1.0,0.665991064223721,0.22567425551630113,0.4177170179054597,0.4125796321835188,0.5730337078651686,1.0,0.4181646198173926,0.651685393258427,0.6143321892246824,0.15977284149740692,-0.0365247426188788,0.003751046,Buy
0.24010242050305738,0.5,0.09188482005532483,0.22410203155306416,0.3540986933739674,0.37036989972968143,0.6067415730337078,0.0,0.541533763544656,0.5730337078651686,0.5225481750937386,0.26802733944476753,-0.0005578791349901,0.026410673,Buy
0.027563108703188274,0.5,0.18290830365555255,0.22237709849225903,0.38557366616071354,0.4166815227562758,0.5617977528089888,0.5,0.3361093612176129,0.6067415730337078,0.5378869999024143,0.2661922175468825,-0.001968529944115,0.029890109,Buy
0.058509881187405584,0.5,0.2858169728572819,0.22094002518421327,0.38879958673722437,0.4270632323463911,0.5730337078651686,1.0,0.43894074458874804,0.5617977528089888,0.4591658767033228,0.14792558908683068,-0.0030016414709698,-0.009842422,Sell
0.14326660820142886,0.5,0.20053292977035442,0.22230305941068604,0.39475768547639545,0.4283876597503622,0.5393258426966292,1.0,0.43490761075096135,0.5730337078651686,0.5299270200698905,0.0023706210319534345,-0.0093108633377702,-0.0453165,Sell
0.13992376172445356,0.5,0.24140037084659527,0.21707297767264497,0.4092874878997622,0.40652386075596775,0.5617977528089888,1.0,0.4319538839815773,0.5393258426966292,0.5114510691927486,0.023263200575592627,0.001671938242153,-0.026453912,Sell
0.1205258437288525,0.5,0.4059673585541912,0.21892414094257603,0.3985755818430097,0.40674932152225063,0.49438202247191015,1.0,0.4139154466613722,0.5617977528089888,0.5191354325848272,0.03495009176140167,-0.0034955093575955,-0.010904028,Sell
0.1761875687167739,0.5,0.3381905647048713,0.21350623322221304,0.40836359068786177,0.42432037322071176,0.5617977528089888,0.5,0.4453159239440269,0.49438202247191015,0.51809296768352,0.03482024511988168,0.0033701453459098,0.0063630072,Buy
0.082069092401169,0.5,0.2973270349727164,0.21801857909784048,0.39450006168288665,0.4231236517025069,0.49438202247191015,0.5,0.4305418865743792,0.5617977528089888,0.5448602607671594,0.020232196580218943,-0.003609733903397,0.008149692,Buy
0.043365826792843974,0.5,0.35923758034019526,0.2171923763223452,0.3882229264281164,0.41934888085616523,0.5168539325842696,1.0,0.4501711981830004,0.49438202247191015,0.5337116155908828,0.023435755192617168,0.009646280658754,0.011867394,Buy
0.08384515897056938,0.5,0.7559987681093854,0.2223838431440683,0.37710254402991905,0.4270201920118254,0.5393258426966292,0.5,0.43021531186304884,0.5168539325842696,0.561451533903847,0.043461623306628484,-0.0301621506577809,0.007845911,Buy
0.18809113666070199,0.5,0.15941092233697285,0.20775560589975836,0.42381885624013327,0.4197721437744367,0.550561797752809,0.0,0.4681150390946022,0.5393258426966292,0.4906709818762091,0.1471687472894247,0.0018001769316755,0.012760245,Buy
0.0697734594635755,0.5,0.5774083689969318,0.20853453093187638,0.41040891358637144,0.41665195704960784,0.49438202247191015,1.0,0.35430038678421094,0.550561797752809,0.5020903155026505,0.1533703349020113,0.0040970280288743,0.020861328,Buy
0.13053333077312582,0.5,0.49809354874969447,0.2105730980614207,0.4077249802619183,0.4277067760137357,0.5056179775280898,0.5,0.4456825659185546,0.49438202247191015,0.49037685679882437,0.13865335960193015,-0.0043052904281428,0.0012597833,Buy
0.08317962047832109,0.5,0.4768441667511989,0.20897473663252072,0.4127475866971727,0.4646072527229244,0.5056179775280898,0.0,0.4522493986319009,0.5056179775280898,0.5449559658629285,0.026061711481638133,0.0030880152825945,-0.02387226,Sell
0.08214612805166088,0.5,0.5690778275225195,0.21189706421043228,0.4188092634017323,0.4447243342850273,0.5168539325842696,1.0,0.428226674747542,0.5056179775280898,0.5476743573918109,0.027924415602551912,0.0013378885252166,-0.010683329,Sell
0.015359395695317045,0.5,0.480895186031018,0.21264874370477696,0.4197545467717736,0.43324062165770955,0.5168539325842696,1.0,0.44936457169708804,0.5168539325842696,0.5418503178697734,0.022420243148246005,-0.0023177261742861,0.029377747,Buy
0.0565666401945172,0.5,0.38310858640552015,0.2110157247599532,0.41340812283051187,0.4248250646367282,0.5168539325842696,0.0,0.44436085610713605,0.5168539325842696,0.5460457029714346,0.01401535431438559,-0.001718418508358,0.017957725,Buy
0.08666588416206572,0.5,0.4280050043271526,0.21031927195205227,0.4292140646632031,0.4303338329804827,0.49438202247191015,0.0,0.433909238139667,0.5168539325842696,0.5359001991571278,0.007950410391241055,0.0164403438646443,0.003520288,Buy
0.19214525938565616,0.5,0.5374743866363629,0.21816945382393174,0.4300490727683012,0.4360545122116214,0.5280898876404494,0.0,0.4356226940928089,0.49438202247191015,0.5677787238420997,0.07410327182341356,-0.0178814324000378,0.0034867693,Buy
0.2167285312065006,0.5,0.23406510194625874,0.20978687899720336,0.42326493724496894,0.39331970921818804,0.5280898876404494,1.0,0.4875396663903792,0.5280898876404494,0.5349265827858045,0.12359576752327166,0.000346244956308,-0.006660969,Sell
0.09740867291453348,0.5,0.3345667226866178,0.20947098222659163,0.4297233893919248,0.40260746202274805,0.5168539325842696,1.0,0.389411684376245,0.5280898876404494,0.5392847102389402,0.12360626802555265,-0.002710742215612,0.0061531765,Buy
0.08617515831443784,0.5,0.2520712120505948,0.20859333014212703,0.4348172920717509,0.40243463493367276,0.5393258426966292,0.0,0.4415256886745452,0.5168539325842696,0.4988602655620783,0.06726416167620798,-0.0014913525605561,-0.011582046,Sell
0.013074053170490402,0.5,0.3721325872535872,0.20819444901312958,0.4293369951618623,0.4401604192351731,0.49438202247191015,1.0,0.4327855821045864,0.5393258426966292,0.5334567303758175,0.004743938774566197,0.0006263400062633,-0.007956169,Sell
0.023318972039341496,0.5,0.44992234885350957,0.20742801695088367,0.41972444172794776,0.42564783790906785,0.48314606741573035,1.0,0.43627188902578956,0.49438202247191015,0.5340479598655566,0.005882112515054161,0.0043610000034393,0.034894463,Buy
0.1201941897585661,0.5,0.4827163005264774,0.2096987205317922,0.4289159170206308,0.4532667864374337,0.48314606741573035,0.0,0.44232649693727333,0.48314606741573035,0.5489751160020322,0.015573238536776267,0.019049608426618,0.00736579,Buy
0.20057634558862172,0.5,0.8080531650358731,0.21852764046150205,0.4781627417136779,0.3673619284110788,0.5393258426966292,0.5,0.4530041100714427,0.48314606741573035,0.5923333327400191,0.0670936806515828,-0.006256930676434,0.0014781868,Buy
0.15217302586224585,0.5,0.36088374443570137,0.2154785829556696,0.44081314109787784,0.44164218073466105,0.49438202247191015,0.5,0.49499970761997447,0.5393258426966292,0.5778040055915487,0.08966361927832085,-0.0043654980252123,0.032983746,Buy
0.08873833441442677,0.5,0.34787179930052714,0.21320349674781455,0.4480811637041371,0.3799134799334231,0.5280898876404494,0.0,0.4226468202054725,0.49438202247191015,0.5593839621901642,0.10022279869443881,-0.0009577600641224,-0.0026737945,Sell
0.061116704336389584,0.5,0.3888273370052442,0.21262499619856776,0.4446387199002505,0.4359910652948203,0.5056179775280898,0.0,0.4280545376775725,0.5280898876404494,0.5171520617488968,0.013462009188227474,0.0001767775492511,0.0012953384,Buy
0.0,0.5,0.6395051601412098,0.21174825974791986,0.44093635054246294,0.43646947167105304,0.5393258426966292,0.5,0.4377974614346629,0.5056179775280898,0.5307324446653731,0.011017879244198154,-0.0043302844595812,0.00021785498,Hold
0.013911072912241813,0.5,0.18203892518457776,0.2106194167171729,0.43162909785698755,0.42892215253838106,0.5393258426966292,1.0,0.4410411713656677,0.5393258426966292,0.5308067740704921,0.010867855414709303,0.0043081523761405,-0.009741785,Sell
0.11884199569046966,0.5,0.4718705089225246,0.21265833458102665,0.41601501854665457,0.36622124871016154,0.49438202247191015,0.5,0.42815521533796674,0.5393258426966292,0.5419221533874942,0.025893970070721736,-0.0078417376230052,0.000733844,Hold
0.0672111323866027,0.5,0.24802399445100898,0.2088387634588161,0.4405973000924638,0.41434868767954003,0.5280898876404494,0.0,0.45285301558900465,0.49438202247191015,0.524996532479465,0.04058390682005741,-0.0162528092967164,-0.0021003662,Sell
0.10738951875124489,0.5,0.05398565048485082,0.20191398630282573,0.4480520051048119,0.4609904519697422,0.5168539325842696,1.0,0.4181157637021691,0.5280898876404494,0.4998302602551362,0.07163827567602948,-0.0732977182180369,0.02519434,Buy
0.40424154888548836,0.5,0.020285327067871783,0.170278065078149,0.2684825678478484,0.4216393876595462,0.49438202247191015,0.0,0.39406801385517637,0.5168539325842696,0.3360184425186852,0.26381215527498453,-0.0213305674246609,0.007691755,Buy
0.23198199311564063,0.5,0.29627005820408936,0.16203004496867005,0.22770002246311816,0.4117355569595679,0.34831460674157305,0.0,0.2309732557791083,0.49438202247191015,0.30754598660743593,0.23308862623475,0.0017740504798,-0.016587175,Sell
0.07265025152727383,0.5,0.2435842899219831,0.16263760370026306,0.2126781640599088,0.4140513899919938,0.37078651685393255,0.0,0.3795504039736682,0.34831460674157305,0.34559739490247826,0.28538515793999786,0.0033578270719059,0.014770591,Buy
0.04222810310505847,0.5,0.36925175439317925,0.1640470652170087,0.2265621013164758,0.41320838413298394,0.34831460674157305,0.0,0.4456078688521801,0.37078651685393255,0.5074032495032061,0.0981157419508567,-0.0023112863359043,-0.0057513844,Sell
0.08772270531258589,0.5,0.29101778107987775,0.1633015965134005,0.22720878004846534,0.4125556607671432,0.3595505617977528,0.0,0.45013597951131573,0.34831460674157305,0.5475494779178318,0.01528374622446844,-0.0027187023748439,0.008559371,Buy
0.1278389487663366,0.5,0.3588759455080308,0.16202503226150397,0.20660186494676758,0.37400289641638174,0.34831460674157305,1.0,0.43392765001730493,0.3595505617977528,0.5380660972647313,0.018870141005585962,0.0143908095406306,0.020744447,Buy
0.17753389427408112,0.5,0.5573767675299952,0.16812322797309856,0.20412688487095132,0.3979023704206799,0.34831460674157305,0.0,0.4327628235399972,0.34831460674157305,0.5613547080285642,0.06727183069949079,-0.0096369307170542,-0.007163261,Sell
0.1147202795856481,0.5,0.3847406769732409,0.16472123242896378,0.2073479913168893,0.41664442524988704,0.39325842696629215,1.0,0.481679926913809,0.34831460674157305,0.5458916108043574,0.08708705769686381,-0.0043149904833247,-0.0008930946,Hold
0.10878665231427595,0.5,0.3975668149870275,0.1629001174674383,0.19944729383592064,0.395160390518433,0.37078651685393255,0.0,0.41298320079848244,0.39325842696629215,0.542522138177103,0.08899546565948706,-0.0018194589988369,-0.0031196084,Sell
0.003825991833054515,0.5,0.3712136407211126,0.1620538638632786,0.20166794010407585,0.4260380117133146,0.3595505617977528,0.0,0.4281989417178443,0.37078651685393255,0.5083052221742896,0.023403181961377702,0.0032071618924562,0.0138525115,Buy
0.015063122992504424,0.5,0.5637508693144997,0.16325127389960228,0.20918038196714617,0.423475055845473,0.3595505617977528,0.5,0.4353338133730014,0.3595505617977528,0.5354167556372887,0.02217454231382169,0.000720646128252,-0.0010893112,Sell
0.08149526879908692,0.5,0.4259284096091118,0.16352336302380996,0.20537677785135944,0.42795633109266357,0.37078651685393255,0.5,0.44970521887978016,0.3595505617977528,0.5460460647409288,0.012153181486127556,0.0610422691666825,-0.011562853,Sell
0.32049668859698593,1.0,0.6258722617164398,0.1883502556223036,0.28484963326613477,0.4264352723444752,0.37078651685393255,0.5,0.4425961237004969,0.37078651685393255,0.6787356908994554,0.25255480785256923,-0.0147905603228868,0.015255698,Buy
0.1289339893896419,1.0,0.27153932408684245,0.182199812913974,0.2534200540615238,0.4253413748313074,0.48314606741573035,1.0,0.6150592006383162,0.37078651685393255,0.6407457866739334,0.29764758668546853,-0.0499223170052472,0.016531996,Buy
0.22229285934462575,1.0,0.19922277572005687,0.1611731979468274,0.19359170744704635,0.454080133378386,0.5168539325842696,0.0,0.398248669888174,0.48314606741573035,0.5338477416814326,0.4242454074794252,-0.005106448626967,0.002996401,Buy
0.15176256006142966,1.0,0.4649154446001056,0.15927343469621089,0.19414851877437012,0.5211799006596888,0.38202247191011235,0.5,0.29780490610200117,0.5168539325842696,0.39421988080248715,0.17233885008351113,0.0023337313340259,0.005156112,Buy
0.02558258086889361,1.0,0.4385431522691734,0.16035094636403954,0.19276769191491305,0.4253457807761479,0.37078651685393255,0.0,0.4259361162193811,0.38202247191011235,0.43036613265548135,0.20797335407610418,0.0041112632368751,-0.0012909975,Sell
0.038210413719474985,1.0,0.5491375029357926,0.16217423711982096,0.19806280481489635,0.41717705928370535,0.38202247191011235,1.0,0.4472080294141977,0.37078651685393255,0.544421151051661,0.03022465613789769,-0.0057044692070363,-0.004304488,Sell
0.058182381756473715,1.0,0.23792812082763293,0.15989311083261912,0.1891636806940753,0.41564915205923736,0.38202247191011235,1.0,0.4522900979309086,0.38202247191011235,0.5431588388384879,0.03280895759273879,-0.0013287363446191,-0.0051839976,Sell
0.06489696538107706,1.0,0.48045053566222773,0.15934504967605215,0.2018344379729362,0.4159821270907804,0.38202247191011235,0.5,0.42422634012059834,0.38202247191011235,0.5354280385363153,0.030432307599111502,-0.0012529238121467,0.018778753,Buy
0.09698800241445224,1.0,0.450568707602355,0.15884654758779562,0.20093883568973236,0.4600150689349745,0.4044943820224719,0.0,0.4367368183752968,0.38202247191011235,0.5241052194705561,0.012420357292977994,0.0191592160761862,0.024926621,Buy
0.09921755825462558,1.0,0.7150919942645797,0.16670900205666253,0.21624340945349685,0.4359485040571758,0.39325842696629215,1.0,0.4369535708756781,0.4044943820224719,0.5765879176309877,0.08281446310614772,-0.0129912692877858,0.0498299,Buy
0.09606587234551667,1.0,0.2540863584564077,0.1613163068566155,0.21077088005346722,0.3731002008445429,0.44943820224719094,0.0,0.49531308235275334,0.39325842696629215,0.5519704408060486,0.11674160902983435,-0.0002779944246673,0.011641335,Buy
0.005808678554713814,1.0,0.5457910008014597,0.16123037695079892,0.20776591009786483,0.4335568889932447,0.39325842696629215,1.0,0.40339294904695017,0.44943820224719094,0.5540283386674466,0.11615558450614584,-0.0024794728995928,0.02331511,Buy
0.05311837253025505,1.0,0.4673892417932599,0.16017215256614695,0.19722066337625077,0.4214969095278738,0.38202247191011235,0.0,0.4397409514780648,0.39325842696629215,0.5083530186508445,0.0447020126595572,-0.02625017422682,0.015380149,Buy
0.1846243542231281,1.0,0.3561425739751223,0.15000455116564562,0.21424152258562568,0.40150132944775974,0.38202247191011235,0.5,0.4334467947151385,0.38202247191011235,0.4803658921277003,0.10254311190174237,0.0268544436668998,0.011413476,Buy
0.2666567510134554,1.0,0.6905296672707308,0.16054628364750198,0.21636503144872365,0.3972010320446474,0.2696629213483146,0.5,0.36548495805746595,0.38202247191011235,0.5376375130678667,0.1952966639507792,0.0148727241750499,-0.0026609865,Sell
0.1388569095610884,1.0,0.6138506177273437,0.1663901504270898,0.2348052432581338,0.41359786162790513,0.39325842696629215,1.0,0.5173141917590065,0.2696629213483146,0.5742648316296614,0.204817627178631,0.0114613180515759,0.0050032465,Buy
0.16145791867411277,1.0,0.542325111285964,0.17093626301557177,0.26023245752588975,0.4359610147552852,0.43820224719101125,1.0,0.4830577492681639,0.39325842696629215,0.653866903642776,0.05451149264035853,0.0030478719592006,0.005424089,Buy
0.09725381231079261,1.0,0.567409218891791,0.17187813362094453,0.23863889986978926,0.3861581255673951,0.43820224719101125,0.5,0.47330433801853594,0.43820224719101125,0.6036155791533634,0.03931844266096896,-0.0016622102884046,0.022797048,Buy
0.04192582652553608,1.0,0.0882220108146834,0.17146701093339403,0.23700653624712853,0.3830888296220846,0.41573033707865165,1.0,0.44924979956858263,0.43820224719101125,0.5687133526868158,0.04359211329259469,-0.0012317822419943,0.016643375,Buy
0.028865468205783354,1.0,0.028637472321300095,0.17092794781897855,0.2291281085997633,0.4233198515546281,0.44943820224719094,1.0,0.435783396707793,0.41573033707865165,0.5419205364232892,0.012842523563637043,0.0088895761516469,0.023838721,Buy
0.20718002819450163,0.5,0.591009099358192,0.17420752467373965,0.252567938138752,0.427016523717762,0.44943820224719094,0.5,0.4370140158712887,0.44943820224719094,0.5542513069580002,0.038447894088576684,0.0166766978568144,0.02791278,Buy
0.18775736510956345,0.5,0.4626842969587468,0.1809522230406506,0.2748568522344813,0.41442447249853326,0.44943820224719094,0.5,0.46595157629212985,0.44943820224719094,0.5929613923622289,0.06131742748361973,-0.003246801000147,0.018434703,Buy
0.14565940986738243,0.5,0.4165796758153735,0.1795177848956909,0.25723579900887483,0.39049630781491773,0.46067415730337075,0.0,0.4882154163898483,0.44943820224719094,0.5887080558166969,0.06938448319020153,-0.020477576481959,0.036780816,Buy
0.1302672207824837,0.5,0.30278511459415647,0.17104760719152826,0.24815338422837407,0.42860652617536277,0.46067415730337075,0.0,0.4312529584326147,0.46067415730337075,0.5267193606597133,0.13441397377263903,0.0005310214442277,0.01156683,Buy
0.05837486761642214,0.5,0.329208583389764,0.1712674058651927,0.24403178284441696,0.4522282708520295,0.41573033707865165,0.0,0.3819891553727268,0.46067415730337075,0.49263878683868056,0.07819396935459721,-0.0001355079855609,-0.020670116,Sell
0.0007954982363097066,1.0,0.17876410665540732,0.17124859967775027,0.24031399299266387,0.4189885453623825,0.46067415730337075,1.0,0.44205397554826037,0.41573033707865165,0.49920615809974483,0.08383831876943548,-0.0124496011384211,0.007301309,Buy
0.044986643083813206,0.5,0.17776360677101177,0.16641164143911344,0.2341061908173122,0.4308589029890698,0.42696629213483145,0.5,0.44014832860872566,0.46067415730337075,0.5161517477014034,0.048619958777325466,0.0022148183162806,-0.0050836317,Sell
0.10557934693723905,1.0,0.5600539546156136,0.16695746472455544,0.24747405983993498,0.419555181189689,0.46067415730337075,1.0,0.4049416102237082,0.42696629213483145,0.5197059353446593,0.05292821554699152,-0.0031075863905213,0.0050464408,Buy
0.06183691125144047,1.0,0.6220614428290343,0.1656671814846253,0.2603819817481866,0.44665726089988184,0.44943820224719094,0.0,0.4468680500851393,0.46067415730337075,0.5134324206962926,0.04948598567922088,0.0057537926192727,0.006366023,Buy
0.1476905919277339,1.0,0.549056607566988,0.16794294743419505,0.25854725097771303,0.4219249561244192,0.42696629213483145,0.5,0.4316509812098773,0.44943820224719094,0.5518564599808145,0.0269578220106678,0.024742408837767,0.014745322,Buy
0.18580456787988953,1.0,0.6429085778151853,0.17815489654986008,0.2921780989771562,0.393468255979543,0.44943820224719094,1.0,0.4569861862816579,0.42696629213483145,0.5994080887982354,0.10122708849968357,-0.0044758216779332,0.00040342845,Hold
0.11006424234176149,1.0,0.4181438479035462,0.17624851280117224,0.2725013589928459,0.39039282115170104,0.47191011235955055,0.5,0.5112757596531591,0.44943820224719094,0.5965199940213061,0.10577187034902666,0.0022312380768214,0.017008536,Buy
0.017955452774600915,1.0,0.6373164524109134,0.17701683510407704,0.2776189863389875,0.4455008808449459,0.46067415730337075,0.0,0.42773911584956326,0.47191011235955055,0.5890845247938269,0.10941079667112542,0.0382361999042704,-0.0016384693,Sell
0.09164318156282006,1.0,0.9179561947739687,0.19288529369736843,0.2869714204556084,0.4415349199611366,0.47191011235955055,0.5,0.44691499514866395,0.46067415730337075,0.6175674530289706,0.16768864609496165,-0.0180048174859014,0.0141649665,Buy
0.267267909233151,1.0,0.4030511042693048,0.18507876427972061,0.28095817178551186,0.45019208226704327,0.49438202247191015,1.0,0.5498553039303846,0.47191011235955055,0.589010214014911,0.20963442143434521,-0.0023873991906133,0.0002953345,Hold
0.11289112867331641,1.0,0.3445635332962298,0.18400513552004363,0.2814192733954344,0.4198117551414564,0.49438202247191015,1.0,0.3890589191407553,0.49438202247191015,0.5792611143598064,0.2137834621988512,0.0126878739238289,0.0012697782,Buy
0.11174968690173626,1.0,0.6220895533299884,0.18922684619230948,0.30844703121513073,0.42841504902286065,0.48314606741573035,1.0,0.43371003887794163,0.49438202247191015,0.5253332647404824,0.10973187630140317,-0.0130188257840473,0.008834804,Buy
0.1562441489542761,1.0,0.33015787025486754,0.1836222516001694,0.3063912324558158,0.39868449235283415,0.47191011235955055,0.5,0.4768111335772386,0.48314606741573035,0.5358577825075811,0.09125642346523817,0.0189025636533519,0.03217673,Buy
0.1902129412281479,1.0,0.6392192299221473,0.19163951336477433,0.3342100971437021,0.3988137848658634,0.49438202247191015,0.5,0.40331416339935816,0.47191011235955055,0.58079700535644,0.12171743723234278,0.0009564304725195,0.012911049,Buy
0.030263793685651297,1.0,0.3663495370814607,0.1919838227182953,0.3316765387293299,0.4216750863102137,0.48314606741573035,1.0,0.4945792979431835,0.49438202247191015,0.5560340710356495,0.1147094410048216,-0.0014959023726872,0.0042023407,Buy
0.06078640103929534,1.0,0.43764621161650874,0.1913155217704541,0.32952202838584754,0.42416260085828955,0.49438202247191015,0.0,0.443270245043025,0.48314606741573035,0.5803568576393014,0.07771980404374171,-0.0115729789399739,0.0025426103,Buy
0.12843764685165043,1.0,0.30839800302123876,0.18641581623270273,0.3145903812710201,0.46595939115115154,0.49438202247191015,0.0,0.43625888084464165,0.49438202247191015,0.5160285537301396,0.04353008619234986,-0.0071469234869443,-0.0010705376,Sell
0.09134286331012564,1.0,0.3162930693358841,0.1828802126435696,0.31582308304636475,0.4103506057376804,0.49438202247191015,0.5,0.40744792477628383,0.49438202247191015,0.4989238536385304,0.03144703218397655,-0.0188706119527267,-0.028289739,Sell
0.16520043800808754,1.0,0.23225542904611585,0.1751228015484628,0.32340502669268834,0.45220487686801536,0.46067415730337075,0.0,0.42010227828465324,0.49438202247191015,0.4622490152898612,0.03805606075843057,-0.0044854733942563,-0.0495037,Sell
0.08163809427762284,1.0,0.35592145509310846,0.173248902625286,0.3157681585975022,0.46162466168056465,0.43820224719101125,0.5,0.38658356171130914,0.46067415730337075,0.4772094449296813,0.051235384733909574,0.0039560275201913,-0.019304737,Sell
0.09305616687327811,1.0,0.4369297411110593,0.17497372084388366,0.31372207310378875,0.44580666483381437,0.42696629213483145,0.5,0.42771152102351306,0.43820224719101125,0.5006457464980075,0.08079706204947874,-0.0005027970413187,-0.03322542,Sell
0.012902933228554535,1.0,0.44162569350963565,0.17465803203078287,0.3162171132906938,0.40944422203143294,0.46067415730337075,1.0,0.45184626986393367,0.42696629213483145,0.5394168488057005,0.025151953759151302,0.0113093086602846,-0.02808806,Sell
0.05163932516690541,1.0,1.0,0.17946264822070715,0.33330591551307787,0.4121052408329392,0.43820224719101125,1.0,0.43909822754229344,0.46067415730337075,0.5727567487294511,0.03839591075133462,0.0496134827817449,0.03023855,Buy
0.3815954086750316,1.0,0.6707974115675257,0.19979105981224884,0.30544900778465434,0.3996578611994993,0.46067415730337075,1.0,0.47286973420608813,0.43820224719101125,0.6691312972314164,0.19224267900602915,-0.0036649196280316,0.028239176,Buy
0.1283745309982053,1.0,0.3351238150592226,0.19801362523954616,0.3156382687581495,0.3802821217935048,0.5168539325842696,0.5,0.5823836265020623,0.46067415730337075,0.6624566340278598,0.20196099706915555,-0.0026354824729846,0.01639064,Buy
0.11990762657453724,1.0,0.5348095915661184,0.19663810114704458,0.2944570231227982,0.4219033295414385,0.49438202247191015,0.5,0.4300575326224694,0.5168539325842696,0.6330217270291184,0.22469578901760745,0.0137703968262381,0.023760125,Buy
0.1380708361769943,1.0,0.4962802203877894,0.2027265725171212,0.3271249453117492,0.3719064392873053,0.5168539325842696,1.0,0.43300075414620737,0.49438202247191015,0.5573635194901652,0.06742363934333326,0.0333171875707829,-0.0028529007,Sell
0.24623025706152038,1.0,0.7724198699935019,0.2168987310054015,0.34141859205824765,0.44131917243572577,0.5280898876404494,1.0,0.4799061303827159,0.5168539325842696,0.6354259928259983,0.12989606840322204,0.0081745523218561,0.013906189,Buy
0.10050816132655799,1.0,0.6519093116491335,0.22043638933889617,0.36230156336788755,0.43391256883617435,0.6404494382022472,1.0,0.5357915576351653,0.5280898876404494,0.6582440017727338,0.09341149537133189,0.0028800417455527,0.018035762,Buy
0.0708504844754009,1.0,0.4399437789980922,0.22173233398927275,0.35275102988816687,0.42448849815823686,0.5280898876404494,1.0,0.4639072810036721,0.6404494382022472,0.6352564513734691,0.11668340614738311,0.1031469406133782,0.009185932,Buy
0.46358025320909085,1.0,0.7549822938570872,0.2676796645346139,0.34930520340173443,0.4473821227341634,0.5280898876404494,0.5,0.44876996309219325,0.5280898876404494,0.7826543053040356,0.4220415305992611,0.025488298965955,-0.0050187623,Sell
0.43085928787860084,1.0,0.45928837298138525,0.27897179151962803,0.34433913381689873,0.4538121471175326,0.6741573033707866,1.0,0.7354389388712685,0.5280898876404494,0.8192004620301094,0.3929137059084821,0.0168263702568032,0.003382544,Buy
0.2036108031175609,1.0,0.4932310900678356,0.28698904397270264,0.39089544783079433,0.44603148635508827,0.7415730337078652,1.0,0.5134083035086666,0.6741573033707866,0.8486386141529599,0.3544604281561869,-0.0096759134416037,0.01187287,Buy
0.1409970079368876,1.0,0.2734268948771441,0.2809698162460741,0.3856319594340144,0.4337881646732775,0.7303370786516854,1.0,0.48864333860636905,0.7415730337078652,0.6104901768832213,0.13234177958661156,-0.0076389295543713,-0.009165893,Sell
0.11039038214146235,1.0,0.258165159245622,0.27663563408811964,0.37375361491884507,0.4200953837324913,0.7191011235955056,1.0,0.41287174689050415,0.7303370786516854,0.5405646483254294,0.10517858426426252,0.0057091266363951,0.008939126,Buy
0.040847112923386074,1.0,0.6818585464239071,0.27916976396617654,0.3856629440692455,0.42130647055514747,0.6629213483146068,1.0,0.4186956039283204,0.7191011235955056,0.5170981776610999,0.05658263576762489,0.0129669723586394,0.027066194,Buy
0.0595508102793239,1.0,0.5808681538912843,0.2856546861558321,0.41917833234072444,0.43378826851392177,0.7415730337078652,0.5,0.4568584836030245,0.6629213483146068,0.5648931737527356,0.07251184141244586,-0.0012974751365533,0.041343156,Buy
0.11227573578958536,1.0,0.2953151053732541,0.2844461053869445,0.4026772056413007,0.42375856876887513,0.696629213483146,1.0,0.47760909245850547,0.7415730337078652,0.578278825731409,0.04727445288267298,0.0048602532203527,0.020537477,Buy
0.10760223683962153,1.0,0.4645181324611398,0.2864733962532475,0.41483232356877653,0.41852019038287946,0.6741573033707866,0.5,0.43682619601237377,0.696629213483146,0.5764870090009813,0.047440114040597336,0.0226830661964596,0.003778671,Buy
0.20552565508997256,1.0,0.48801942512380503,0.29702031836134646,0.4287706064210911,0.431209785314275,0.6741573033707866,0.0,0.4544315044554621,0.6741573033707866,0.5969959084010567,0.08773575149758789,-0.0140331965663396,0.011455544,Buy
0.1761666482123601,1.0,0.17442752270270168,0.2894789813277683,0.39811624846590743,0.4837174984754354,0.7415730337078652,1.0,0.5053879776191302,0.6741573033707866,0.5701131267039348,0.1326449980084551,-0.0068603123631585,0.0049986886,Buy
0.12432273089365933,1.0,0.23629595715067708,0.2856956693046998,0.38969387348186535,0.3805647296213003,0.6629213483146068,1.0,0.4004140175236661,0.7415730337078652,0.5453731535751711,0.1410093956719705,0.0106425286163847,0.015100333,Buy
0.042057414641994244,1.0,0.8447349927301993,0.2904977279276242,0.40592234719269205,0.42927666795830405,0.696629213483146,1.0,0.4209217163866621,0.6629213483146068,0.5199577780060952,0.08955259391306844,-0.0012603472513308,0.0071199285,Buy
0.08715440434145938,1.0,0.40380632266943683,0.2896232386596316,0.41877554017711094,0.43576596532482426,0.7191011235955056,0.5,0.47096337074603256,0.696629213483146,0.5469189298873339,0.06100573201558248,0.0009107650140611,0.007929903,Buy
0.0726542637333443,1.0,0.4288764664113325,0.28996953447295837,0.4208055363659252,0.4478924863990631,0.7640449438202248,0.5,0.43693234682535154,0.7191011235955056,0.5633222548057515,0.04124074524503894,0.009957954668629,0.014733343,Buy
0.14297423921288274,1.0,0.46701802965127737,0.2949843305257063,0.44267123428089394,0.437900117821181,0.696629213483146,0.5,0.44313968480477517,0.7640449438202248,0.561877244242784,0.038282957710388504,0.0062191970400913,-0.004712786,Sell
0.13862137833375487,1.0,0.48046069784592715,0.2978057676723891,0.454019733872713,0.3869665730766766,0.6741573033707866,1.0,0.46900613346569275,0.696629213483146,0.5776651960670119,0.027609670824971684,0.0306736239954865,-0.031204559,Sell
0.35963535122360496,1.0,0.6800554899095541,0.3123308890297193,0.4099559084703347,0.4175106111768988,0.7078651685393258,1.0,0.4583168049618566,0.6741573033707866,0.6404891550465631,0.09319977581997622,0.0166369367774616,-0.0011988217,Sell
0.12100113636853554,1.0,0.25640213003756873,0.32072958521930883,0.4100897270185164,0.6073733563348227,0.7191011235955056,1.0,0.5282334535041492,0.7078651685393258,0.6545872663299018,0.0863489306724708,-0.0045083899449243,-0.006777796,Sell
0.051260510605716576,1.0,0.2846798683668217,0.3177320390993146,0.403487453027388,0.4342647403044859,0.7191011235955056,1.0,0.48810173711959415,0.7191011235955056,0.6319432896502156,0.127699554422183,-0.0020612398115283,0.017400973,Buy
0.031179952226350775,1.0,0.3897767335342004,0.31669531193437306,0.41094736022956513,0.4276897599281301,0.752808988764045,0.5,0.42764600125395236,0.7191011235955056,0.5628459713349105,0.08098836829092,-0.0161599546992761,0.020890765,Buy
0.09995061896009919,1.0,0.2372624612406815,0.30708113513191415,0.4040624536954929,0.42914920356748565,0.7415730337078652,0.5,0.4346425477736869,0.752808988764045,0.49361772393847436,0.05032262018316768,-0.0254123476821372,-0.0005418019,Hold
0.16971888724015682,1.0,0.14045362452741683,0.29345551381306867,0.3649693423144862,0.4463251951161262,0.7078651685393258,0.5,0.3943334906241316,0.7415730337078652,0.44949328736426875,0.08245081727677,0.0654292865378665,0.011234778,Buy
0.1829333730974706,1.0,0.6456197606951957,0.3276885977685141,0.4367936395797247,0.4323333788736432,0.6067415730337078,1.0,0.36788035354846793,0.7078651685393258,0.5919534610165658,0.373138520340891,-0.0451253246616127,0.019917112,Buy
0.1882215005118496,1.0,0.20022744283086213,0.30150291389753914,0.39745301429757884,0.4336405235072332,0.7191011235955056,0.5,0.6276019419689338,0.6067415730337078,0.5308128556910822,0.44139047137566223,0.0123258513931889,0.010238721,Buy
0.1312377655677618,1.0,0.446443190011816,0.3082595558540322,0.3809995679344814,0.4099360411418443,0.6404494382022472,0.5,0.3115197900517135,0.7191011235955056,0.6104713008743907,0.41343986694403895,-0.0011195486853494,-0.0055085747,Sell
0.03258879145782436,1.0,0.3138363797037793,0.3075755277314476,0.39025774380773093,0.4275115177493881,0.7078651685393258,0.0,0.47577608981664193,0.6404494382022472,0.46999886518501566,0.22151971035699683,0.021732652832489,0.004154759,Buy
0.04900792364764083,1.0,0.7920198345355227,0.3190244050181973,0.41997563980110497,0.42344441111394754,0.6741573033707866,1.0,0.437334898227228,0.7078651685393258,0.6111238437418988,0.08037019285798337,0.0023170010621818,0.006418404,Buy
0.1265402625573419,1.0,0.27195948286182414,0.3196843783540715,0.4290953741503627,0.4146820219800402,0.7078651685393258,1.0,0.5026706897734639,0.6741573033707866,0.589996988858096,0.08673143765886017,-0.0460593927260594,-0.010702056,Sell
0.1963269301515438,1.0,0.08378716804980169,0.29315041531380737,0.3842094535119652,0.4083327836161802,0.7303370786516854,1.0,0.4471601965805486,0.7078651685393258,0.4951371865681692,0.25848720781769813,0.0469093656434507,-0.0107133305,Sell
0.14031851313443855,1.0,0.7013848534114131,0.3138652212721613,0.4093877489376293,0.3570098509843842,0.6292134831460674,1.0,0.30884923438113415,0.7303370786516854,0.5482806286636652,0.34657415460752283,-0.0031833514195448,-0.000611349,Hold
0.06426491900544129,1.0,0.40303001225493507,0.31585641443918155,0.41782409795910047,0.42057603073069466,0.6741573033707866,0.5,0.574652396164089,0.6292134831460674,0.5366703892407416,0.34683134439955404,0.0110472645953938,0.0051611727,Buy
0.14670962844559585,1.0,0.5205237911159482,0.32165839174761535,0.42213415257023534,0.41855399447681174,0.6741573033707866,1.0,0.43143436452465733,0.6741573033707866,0.6572121120389872,0.18930694613971222,0.0015992022553259,0.019293815,Buy
0.01311421753304521,1.0,0.3506084241944043,0.32237055000335557,0.42007236785951774,0.40033865236256444,0.752808988764045,1.0,0.47212053477397786,0.6741573033707866,0.5615706332472887,0.048103660558168254,-0.0087034575524403,0.0014204825,Buy
0.058486343442638915,1.0,0.2588762927768986,0.3173203546161002,0.40853042943281137,0.4025336594629709,0.752808988764045,1.0,0.44510796746904413,0.752808988764045,0.5499186974748475,0.06815187937305532,-0.0054383392230866,0.009647134,Buy
0.10444807751645033,1.0,0.2589397881477131,0.3140195040183569,0.40652235278683313,0.3853387624180215,0.6741573033707866,1.0,0.4156520556153635,0.752808988764045,0.5151205989893591,0.03307602532235922,0.0155179498473181,0.012885501,Buy
0.1304829393162088,1.0,0.5453206890910964,0.322135679065915,0.4334629130946426,0.3815984845889742,0.696629213483146,0.5,0.4249872214362111,0.6741573033707866,0.5445005328294437,0.09297669977602237,0.0006611640189251,0.018012743,Buy
0.10221811408550896,1.0,0.4921862859868784,0.32225219114120995,0.4443038652099277,0.39057970552258187,0.7415730337078652,1.0,0.4849024875088401,0.696629213483146,0.5642675384731435,0.07499747615126522,-0.0031794191415303,0.03314057,Buy
0.06716082404037954,1.0,0.34981281294179656,0.31998671443266535,0.44207771841231436,0.4174754456867747,0.7640449438202248,1.0,0.4424260608427596,0.7415730337078652,0.5690357061626233,0.06812391318278997,0.0250074237475077,0.021789957,Buy
0.14239497459753242,1.0,0.7539885931315697,0.33329351205652924,0.534805973421171,0.4317270531206861,0.7303370786516854,0.5,0.4314456071393549,0.7640449438202248,0.5890662522675889,0.1092677212862587,0.0200465597516812,0.0221751,Buy
0.07812020821904275,1.0,0.7405501287179472,0.34433049379871017,0.4962016751651869,0.408606977445629,0.7640449438202248,1.0,0.5120334529058614,0.7303370786516854,0.6299852818230859,0.10745321966306348,0.0138126030176237,0.015001553,Buy
0.08245370629718035,1.0,0.5854024983253407,0.35147225133851545,0.49792333332657235,0.42846198411740355,0.752808988764045,1.0,0.4978500502403661,0.7640449438202248,0.6658523369259755,0.035693687223818694,0.0503605579831765,0.015949145,Buy
0.2718539966352819,1.0,0.6502490009166064,0.37907665549123704,0.5330047160637847,0.45640552917129235,0.7640449438202248,1.0,0.48002680037244,0.752808988764045,0.7193681724248011,0.1416982907756058,0.0497367424648333,0.018469926,Buy
0.25819058960934366,1.0,0.6251700109572464,0.4082323140408709,0.5769817561714428,0.36696880775912977,0.7752808988764044,1.0,0.5845195585518475,0.7640449438202248,0.7820387250766994,0.152128245405859,-0.0069620726968332,-0.0034806756,Sell
0.1630958796561174,1.0,0.29228498345446585,0.4013757500523044,0.5678969412117835,0.4913019715630276,0.7415730337078652,1.0,0.5827360332036238,0.7752808988764044,0.7381871792385445,0.24331739664877908,-0.0109377998300392,0.009394282,Buy
0.14441549211262417,1.0,0.27324295204125537,0.39324642091622,0.5630285813126669,0.46875620680447894,0.7415730337078652,1.0,0.42063077759271456,0.7415730337078652,0.6087975423365698,0.25110617153813225,0.0210989467849223,0.008092099,Buy
0.11229526680263863,1.0,0.5155706404277618,0.4055203804909808,0.5503053458697451,0.4567540096699783,0.7415730337078652,1.0,0.40926393930288524,0.7415730337078652,0.5483483864882586,0.12581356825028642,-0.0107488209547721,0.017911848,Buy
0.06624052738339675,1.0,0.25508400708062906,0.39807387829006713,0.5329045336688443,0.4511807089632473,0.752808988764045,1.0,0.500858886819027,0.7415730337078652,0.5403552525836458,0.13326375201325324,0.0017309068625768,0.010419036,Buy
0.043949245449879985,1.0,0.4029458269705448,0.39882058853105395,0.5502976096922717,0.4377062645248994,0.7640449438202248,0.0,0.4098042410498069,0.752808988764045,0.5670965784111673,0.11505732007924731,-0.0579548048390778,0.009467573,Buy
0.28094171803520923,1.0,0.20782583186886372,0.3613551930488508,0.47314592187038385,0.4937725086841195,0.7640449438202248,1.0,0.445484518706714,0.7640449438202248,0.4002285482832381,0.2324061658687562,0.00591214169756,0.003275333,Buy
0.1494514825839722,1.0,0.458172104622971,0.36368233381514714,0.47530043349503404,0.3986727874613595,0.6853932584269662,0.0,0.27483954977520847,0.7640449438202248,0.4353967972368477,0.264691434275915,0.0327592436468746,0.003428041,Buy
0.1694424302169656,1.0,0.47569562066542126,0.3833407404487955,0.5063470155634852,0.44914988586033466,0.6629213483146068,0.0,0.4574389156330266,0.6853932584269662,0.5008919487126171,0.3473479587695102,0.003671137026239,-0.02062931,Sell
0.15198322691628582,1.0,0.3950144984752151,0.38481589170824304,0.49136488482857565,0.4158604590966286,0.7415730337078652,1.0,0.5341963630593384,0.6629213483146068,0.6309730557137647,0.1161094294458325,-0.0247348509495171,-0.028154407,Sell
0.10000106516058702,1.0,0.2952858982337716,0.36819650164687767,0.46096051915162417,0.45272460810934,0.7191011235955056,0.5,0.4510317511440702,0.7415730337078652,0.5662828520573159,0.21162004435037318,0.007610560426992,-0.0022455584,Sell
0.05191254385904969,1.0,0.4338815977657813,0.37257496944312685,0.46773634727904356,0.36994344984969174,0.6853932584269662,1.0,0.3698173566534497,0.7191011235955056,0.5131985753088473,0.12722350998868193,-0.0210677412184244,-0.01396519,Sell
0.0838496404783422,1.0,0.21949834270502278,0.35942932337100564,0.45567558425196775,0.46066494306866573,0.752808988764045,0.5,0.4622947949222833,0.6853932584269662,0.4609793220102044,0.12770637965199658,0.0308045366154143,0.012886191,Buy
0.1588298311315566,1.0,0.5219342510370084,0.37727044518594166,0.4717669782447056,0.4377714371245749,0.6629213483146068,1.0,0.38030183959400227,0.752808988764045,0.5782128246218388,0.19060988149867325,-0.008750530210889,0.023307666,Buy
0.12893295821983564,1.0,0.3959124992117906,0.3709380365517171,0.48102056317962105,0.40912875024838014,0.752808988764045,1.0,0.5286077404033653,0.6629213483146068,0.5436775507176607,0.19910577567715942,0.0333488579919287,-0.014569697,Sell
0.1596376710570677,1.0,0.6198295275407055,0.3896040078664057,0.5228502381112035,0.41733482771906977,0.7640449438202248,1.0,0.4155174721093704,0.752808988764045,0.6585410521955073,0.17252551775402342,0.004287456330404,-0.019022524,Sell
0.10982760678730438,1.0,0.4231986569833479,0.39224870906340104,0.518130984656333,0.40156628610019035,0.7191011235955056,1.0,0.535882105236566,0.7640449438202248,0.6025683391869008,0.15690847785733725,0.0023441611251973,0.00064435136,Hold
0.09062743302046103,1.0,0.35346882302355986,0.39324558598233283,0.504087012729368,0.42415459412012657,0.7640449438202248,1.0,0.4527938443739681,0.7191011235955056,0.6259872060983108,0.1250877973880575,-0.0062273859524718,0.0045212572,Buy
0.03212659497328199,1.0,0.25250153300927636,0.38888837640984875,0.4968096866099069,0.4060781175815793,0.7191011235955056,1.0,0.44723784880211587,0.7640449438202248,0.5424489839241772,0.03558209327605831,-0.0163932926550363,0.010233791,Buy
0.0615761735957687,1.0,0.18112553495398176,0.3778110571182369,0.4838931044014173,0.3423569196989819,0.7303370786516854,1.0,0.42273129031329026,0.7191011235955056,0.49879570025480463,0.06436228407143399,0.0140321425581979,0.019636605,Buy
0.0636877938683714,1.0,0.5791590792988455,0.385848354192289,0.4962540765365966,0.5006552006049484,0.752808988764045,1.0,0.3936663636505893,0.7303370786516854,0.5234668941934932,0.11081235117558681,-0.0246125484099524,0.017754506,Buy
0.11911486501909849,1.0,0.06335478175522447,0.3698014090816064,0.5024127786093523,0.4082204004743662,0.7303370786516854,0.5,0.4806544768633862,0.752808988764045,0.4846591743846542,0.14783033062617665,0.0215169787369089,0.042544454,Buy
0.09710190785987469,1.0,0.5618827821353927,0.3814565491807502,0.5075973037226366,0.4206551342015534,0.752808988764045,1.0,0.370167026825242,0.7303370786516854,0.5646808327985043,0.18127531938351218,-0.019646152925636,0.04350655,Buy
0.10016936132960749,1.0,0.35574920973486,0.3682671978890587,0.4913747346227971,0.4123024483127447,0.752808988764045,0.5,0.5020540648176693,0.752808988764045,0.49359210253579583,0.18556785546063098,-0.0118544322665908,0.0032292837,Buy
0.13993642640072262,1.0,0.18918948360205512,0.3603229447300026,0.47880465387398286,0.3713007482778835,0.6629213483146068,0.5,0.38436624434247646,0.752808988764045,0.5205221553827724,0.15929745437214554,0.0018790785625879,-0.016859405,Sell
0.06352873692109468,1.0,0.3552821513854654,0.3610505694376368,0.48378597022589487,0.48296440024928056,0.696629213483146,1.0,0.40664323312049383,0.6629213483146068,0.47907013507229024,0.07590718718640435,0.0033148228063604,-0.0101757785,Sell
0.058361749563853114,0.5,0.38490966897052115,0.362716749845843,0.4692283756071195,0.44851439852596486,0.6853932584269662,1.0,0.4459081503335146,0.696629213483146,0.5275365609091917,0.05671575678084475,0.0452852483811503,0.016799983,Buy
