volume,sentiment,Taker Buy Sell Ratio,Gas Price (Mean),Open Interest,Estimated Leverage Ratio,Funding Rates,Exchange Netflow (Total),fng_value,Daily_sentiment,lag_return_1,lag_fng,ma_3,volatility_3,Datetime,Actual_Return,Predicted_Return,Signal
11663902,1,1.07346468,7.940853545,4160054188.2825785,0.2550903,0.00757856,-16468.25719258419,47,1,0.0081173473366782,44.0,-0.002488191336518648,0.013343827336885643,2023-10-14,0.0018888967682457,0.010908595104812553,Buy
20471231,1,1.03729321,8.599934583,4169546786.2479486,0.25549575,0.00497183,-3939.588847555861,45,1,0.0018888967682457,47.0,0.0040153366285871845,0.0035532462976434784,2023-10-15,0.0020397657808377,0.006686909376770089,Buy
85291767,1,1.04248686,14.850235863,4076070247.964648,0.24349889,0.00345932,-20978.287855291503,47,1,0.0020397657808377,45.0,0.010218306893433384,0.014296504150194353,2023-10-16,0.0267262581312168,0.019039001969119708,Buy
31771566,1,0.94194509,12.340604841,4070717851.6465626,0.24890138,0.00278662,-28178.64887135953,52,0,0.0267262581312168,47.0,0.002352404474926318,0.02421904777720012,2023-10-17,-0.0217088104872755,-0.01337432102541794,Sell
28456722,1,1.01590537,12.820216358,4059151326.7421794,0.24829716,0.00329135,-18867.67768313631,50,0,-0.0217088104872755,52.0,0.001386922915031052,0.02429535510841429,2023-10-18,-0.0008566788988481,0.009519469311426765,Buy
34140948,1,0.99945508,13.178353285,4073037173.555074,0.24884308,0.00381804,-18354.88298328413,52,1,-0.0008566788988481,50.0,-0.006764661221922815,0.013036183594204862,2023-10-19,0.0022715057203552,-0.001991796954335797,Sell
52236177,1,1.08828055,16.980753564,4178868795.75206,0.2486982,0.00551759,8148.0844937291695,53,1,0.0022715057203552,52.0,0.008466637849862917,0.013530080430004105,2023-10-20,0.0239850867280817,0.020124068650408805,Buy
29862409,1,1.01953629,11.306750982,4229006422.036673,0.24803777,0.00505579,-4371.667506934435,63,1,0.0239850867280817,53.0,0.013937281067606618,0.01094683833238072,2023-10-21,0.015555250754383,0.010163614998733705,Buy
40230157,1,1.06099225,11.48021576,4303812837.408213,0.24665055,0.00528222,10947.897866657702,53,1,0.015555250754383,63.0,0.020287114518003118,0.004308971158436814,2023-10-22,0.0213210060715447,0.025402853599977446,Buy
132613729,1,1.04076657,25.898811752,4397731607.471676,0.23746365,0.01394912,1779.4399678469636,53,0,0.0213210060715447,53.0,0.032969636040226256,0.025333873082454557,2023-10-23,0.0620326512947511,0.03908996511156564,Buy
146804878,1,0.97477894,31.356942566,4292442654.028679,0.22736068,0.03240148,35099.06803256506,66,1,0.0620326512947511,53.0,0.031191765332659088,0.02727946433833259,2023-10-24,0.0102216386316815,0.006270160277539393,Buy
87744758,1,0.98184022,29.650142245,4431157775.195919,0.23573536,0.01634468,25679.533931085025,72,1,0.0102216386316815,66.0,0.024439591777259087,0.03287692133878926,2023-10-25,0.0010644854053447,0.00388565975091128,Buy
90270781,1,0.98258536,28.965039599,4528853767.375012,0.23809591,0.01775669,10307.701076811994,71,1,0.0010644854053447,72.0,0.006870018362315953,0.005047735077384212,2023-10-26,0.0093239310499217,0.005177694643965793,Buy
57862876,1,0.95045355,22.917952679,4481753566.99456,0.23942307,0.01571208,-28906.65874281252,70,1,0.0093239310499217,71.0,-0.0009342978607020808,0.01138992410919512,2023-10-27,-0.0131913100373726,-0.006910570739345524,Sell
21007580,1,0.99018016,17.65810799,4481762284.504203,0.24028233,0.01695761,-11423.05835533503,65,1,-0.0131913100373726,70.0,-0.0019090914537708142,0.011257701163890497,2023-10-28,-0.0018598953738615,0.0034852793635252134,Buy
28829313,1,1.0169983,18.114650623,4555919589.038439,0.24162336,0.01655502,-4202.705114310083,72,0,-0.0018598953738615,65.0,-0.0013935537173958474,0.012037703848780692,2023-10-29,0.0108705442590466,0.007142568973547573,Buy
53592217,1,0.96443439,27.247936476,4625459767.538194,0.24013172,0.01986933,98663.597657074,68,1,0.0108705442590466,72.0,0.005648801818385386,0.00666623168204027,2023-10-30,0.0079357565699711,-0.002733608566914688,Sell
43561949,1,0.96583133,29.033154312,4646992623.241363,0.24029554,0.01353181,-2692.4610871507903,66,0,0.0079357565699711,68.0,0.0074419311344250194,0.003700322673593873,2023-10-31,0.0035194925742574,-0.0031550195754429106,Sell
75884056,1,0.98622559,30.502115045,4878707481.32112,0.24776735,0.02011179,7094.640195278218,66,-1,0.0035194925742574,66.0,0.009790296789640919,0.007375077190182995,2023-11-01,0.0179156412246943,0.002417717137547026,Buy
53542134,1,0.91915132,30.074060484,4585910698.265626,0.23941513,0.023504,-36890.686464968254,72,1,0.0179156412246943,66.0,-0.0014117183260916471,0.02220745267339062,2023-11-02,-0.0256702887772266,-0.014721080563950058,Sell
56983538,1,1.02761276,23.092755495,5064911494.85907,0.25285893,0.02168521,-17534.827957143192,70,0,-0.0256702887772266,72.0,0.01447990705931132,0.03854733577544792,2023-11-05,0.0511943687304663,0.026233615902693533,Buy
55054089,1,0.97155453,34.963340751,5076827514.61291,0.25376037,0.01702712,-70697.53619774082,74,0,0.0511943687304663,70.0,0.00993741034378352,0.03874247657457939,2023-11-06,0.0042881510781109,-0.007440178947654128,Sell
64814118,1,0.95946474,31.764118198,4810335069.170317,0.24317564,0.01238163,-29069.49659729924,68,0,0.0042881510781109,74.0,0.01582114040261472,0.031246056717850038,2023-11-07,-0.008019098600733,-0.005946267095187177,Sell
37075513,1,0.96004212,36.835194279,4925166757.011502,0.24829317,0.0165453,8704.539715201478,66,1,-0.008019098600733,68.0,-0.0006994199476843484,0.006476584219569561,2023-11-08,0.0016326876795691,-0.004935723407899539,Sell
203252598,1,1.05700297,57.102480375,5800378137.724618,0.25794451,0.03459164,85234.24771786132,69,1,0.0016326876795691,66.0,0.03896585431869192,0.07318092790486698,2023-11-09,0.1232839738772397,0.06923458349213438,Buy
95530461,1,0.97213095,44.566249163,5662285420.926065,0.25496414,0.04584948,91712.78468865064,70,1,0.1232839738772397,69.0,0.03490622884563432,0.07731179613182042,2023-11-10,-0.0201979750199058,-0.004724841742304532,Sell
81000027,1,0.94708161,33.766431271,5476999286.354083,0.25046323,0.02091192,-10507.063141319726,70,1,-0.0201979750199058,70.0,0.03043339727829905,0.08052088749927705,2023-11-11,-0.0117858070224367,-0.0031078797490088315,Sell
50075861,1,0.92054376,32.887947141,5486804645.884221,0.25345025,0.037144,-61739.46371826483,73,0,-0.0117858070224367,70.0,-0.011931265692678014,0.00819494824752527,2023-11-12,-0.0038100150356915,-0.02053084133828735,Sell
113405129,1,0.93162602,54.342492133,5497863795.727246,0.25368232,0.03216126,-3423.2849975175923,72,0,-0.0038100150356915,73.0,-0.004045858339384381,0.007624763118442556,2023-11-13,0.0034582470399751,-0.008505360554874662,Sell
121381521,1,0.87703832,42.76907431,5072624779.327388,0.24405231,0.02480952,-60454.426381590776,69,0,0.0034582470399751,72.0,-0.012159935957294081,0.021072717254770994,2023-11-14,-0.0361280398761658,-0.030743539173821666,Sell
83510295,1,1.01313945,39.406915229,5386133010.1823845,0.24874399,0.0166637,15381.231639246806,60,1,-0.0361280398761658,69.0,0.0026495157603915512,0.03837958109776358,2023-11-15,0.0406183401173654,0.020382334172646184,Buy
137957605,1,0.93376252,39.56267347,5115526978.311608,0.24916034,0.02807433,-12455.2686669901,70,0,0.0406183401173654,60.0,-0.01446968913649968,0.04806931728972126,2023-11-16,-0.0478993676506986,-0.03795884197704782,Sell
95724718,1,0.9522654,32.579592056,4995996918.309606,0.24362671,0.01009528,27.62666636740323,63,0,-0.0478993676506986,70.0,-0.002591817923175347,0.04429611084558743,2023-11-17,-0.0004944262361928,-0.005204303711085877,Sell
38641283,1,0.97069291,27.278257634,5156127299.371749,0.25259756,0.01253326,-52566.70615778217,69,-1,-0.0004944262361928,63.0,-0.01578278518925078,0.027824430766224657,2023-11-18,0.0010454383191391,-0.015352887143857817,Sell
43688431,1,1.07976357,24.844635282,5213896622.276089,0.25104694,0.00970909,-77608.06577600265,66,1,0.0010454383191391,69.0,0.008642028438187252,0.014511681045156623,2023-11-19,0.0253750732316155,0.019718497413403917,Buy
95760661,1,0.99051038,45.131791881,5345664486.234691,0.25603849,0.01636679,-3980.18360949948,69,1,0.0253750732316155,66.0,0.01033376206947952,0.013145547986440725,2023-11-20,0.004580774657684,0.0015055082069994486,Buy
121543822,1,0.94774903,45.641080284,5063834789.87318,0.25405665,0.0159146,-16164.4407939784,71,1,0.004580774657684,69.0,-0.004826931140893948,0.03584407298527352,2023-11-21,-0.0444366413119813,-0.019191816903018907,Sell
84427576,1,1.02807498,45.161108097,5580406213.536268,0.26441048,0.01224134,-85279.24898007803,62,1,-0.0444366413119813,71.0,0.00932533600417372,0.056284438940070014,2023-11-22,0.0678318746668185,0.034538358047018956,Buy
57091242,1,0.98785108,37.337252875,5617606953.308124,0.26632497,0.01885245,-15881.129510387897,66,0,0.0678318746668185,62.0,0.007575455404069487,0.05658649627526883,2023-11-23,-0.0006688671426287,-0.005922113693413605,Sell
88813138,1,0.99067714,33.26327675,5627147235.886405,0.26515869,0.02133051,-55394.12581813359,66,1,-0.0006688671426287,66.0,0.025595206888356953,0.03693820136901064,2023-11-24,0.0096226131408811,0.007901457454185558,Buy
21736016,1,0.99310866,26.140756115,5587336842.478162,0.26370919,0.01401682,-32969.69751810486,73,1,0.0096226131408811,66.0,0.0033080433561936853,0.005529659104236813,2023-11-25,0.0009703840703287,0.001823150160766673,Buy
50742621,1,0.93902505,28.528695135,5372147805.269268,0.25682858,0.01949837,-20281.80503626098,73,1,0.0009703840703287,73.0,8.195643569305217e-05,0.010014470385282583,2023-11-26,-0.0103471279041306,-0.007686940428466893,Sell
68237943,1,0.92126412,37.580579846,5414596986.657327,0.26268739,0.01202277,37394.59623707854,66,1,-0.0103471279041306,73.0,-0.008760586200076815,0.00904269356040096,2023-11-27,-0.0169050147664285,-0.015363022514775577,Sell
53397785,1,1.01788851,46.073858389,5414227753.456097,0.25821606,0.01530595,33192.66782576579,68,0,-0.0169050147664285,66.0,-0.005596564513321215,0.014288821135289922,2023-11-28,0.0104624491305955,0.010189929950012682,Buy
45382778,1,0.94757975,42.539356166,5355321976.953774,0.25818403,0.01568919,-11564.81785954628,72,1,0.0104624491305955,68.0,-0.0053596910203076815,0.014176138012833243,2023-11-29,-0.00963650742509,-0.011263512470673573,Sell
36393937,1,1.0030253,51.292428374,5471837853.395468,0.26122886,0.01431472,-4440.485614242731,74,1,-0.00963650742509,72.0,0.004093813579792985,0.011901168984618989,2023-11-30,0.0114554990338735,0.009974865602279876,Buy
67068842,1,1.00598795,47.902562692,5704627707.494848,0.26704737,0.01681492,-3672.6100133379214,71,0,0.0114554990338735,74.0,0.0063211917746218175,0.01410948418401119,2023-12-01,0.017144583715082,0.012378591502911008,Buy
62828144,1,1.08513083,39.046408864,6036602582.148897,0.27290302,0.01460362,-20509.464928112,74,1,0.017144583715082,71.0,0.02214551598657415,0.013883293441926922,2023-12-02,0.037836465210767,0.032088183954149155,Buy
52119216,1,1.00481503,37.558175914,6090827484.99962,0.27235764,0.03437278,-24174.465380462003,73,1,0.037836465210767,74.0,0.022558872800976616,0.013416484424105292,2023-12-03,0.0126955694770809,0.02077162166482657,Buy
115693055,1,0.98685055,52.28418084,6099459077.206537,0.26577543,0.03576788,13078.521652257186,74,1,0.0126955694770809,73.0,0.024353702589431685,0.012669377025206282,2023-12-04,0.0225290730804472,0.017351972334299325,Buy
108709350,1,0.99934507,62.249090972,5974556598.545311,0.25415467,0.0258269,8040.665622823522,75,1,0.0225290730804472,74.0,0.019182375327988117,0.005618688230523309,2023-12-05,0.0223224834264363,0.019749796319391593,Buy
73568205,1,0.94067159,61.927988727,5677809536.486584,0.24679879,0.02325857,38197.87407341262,72,1,0.0223224834264363,75.0,0.00614439030510875,0.028200380323564124,2023-12-06,-0.0264183855915572,-0.010722576659799511,Sell
89610180,1,1.03028398,55.535210757,6342428497.698771,0.26183388,0.01841987,-14748.201659835642,72,1,-0.0264183855915572,72.0,0.017156369856832082,0.04123512951825039,2023-12-07,0.0555650117356172,0.0329274829212054,Buy
71934034,1,0.98181734,47.393303836,6259040025.806079,0.25838012,0.03146052,-4995.149210058968,72,1,0.0555650117356172,72.0,0.010166762819451882,0.04169619184903862,2023-12-08,0.0013536623142957,0.0030799441559676284,Buy
57912830,1,0.95675457,38.300260671,6290401120.01451,0.26158398,0.03370618,16904.442556375696,73,1,0.0013536623142957,72.0,0.016509363985606217,0.03410459160353274,2023-12-09,-0.0073905820930942,-7.861592081754676e-05,Hold
34583140,1,0.97998893,38.08614398,6206862873.877737,0.25677017,0.0339306,15541.347065446898,74,-1,-0.0073905820930942,73.0,-0.00038713724516374934,0.006315617874622343,2023-12-10,0.0048755080433073,0.006037683753551492,Buy
76559667,1,0.98595685,50.122096805,5550819428.620476,0.24422925,0.02452768,46295.49265230878,67,-1,0.0048755080433073,74.0,-0.022326146245825084,0.037003690698652725,2023-12-12,-0.0644633646876883,-0.008671576595927367,Sell
85265025,1,0.99102939,53.102099693,5581149486.606436,0.23873759,0.03031212,23714.370518371343,65,-1,-0.0644633646876883,67.0,-0.010839044964902384,0.04774759289395123,2023-12-13,0.0270707217496739,0.0056426574373790745,Buy
90884997,1,0.98767121,50.490208853,5772258305.709694,0.2418854,0.01387394,-32728.33972661121,72,1,0.0270707217496739,65.0,-0.004387408011583483,0.05204668344838848,2023-12-14,0.024230418903264,-0.004919762313625045,Sell
68339937,1,0.94138599,62.408897335,5513752193.197713,0.2410121,0.02296945,-30440.057567569194,70,0,0.024230418903264,72.0,0.003437054913944517,0.03850113804827356,2023-12-15,-0.0409899759111043,-0.016142000528096265,Sell
28882115,1,0.97044078,56.142820542,5524429400.387526,0.23996756,0.0198453,46630.08006503363,67,1,-0.0409899759111043,70.0,-0.004492648727525316,0.033297962529727436,2023-12-16,0.0032816108252644,-0.0001905223617652598,Hold
37629406,1,0.93071679,43.035438461,5540349002.711879,0.24553362,0.03001025,-72424.9940332832,73,0,0.0032816108252644,67.0,-0.017527368846162083,0.022254766945458453,2023-12-17,-0.0148737414526463,-0.024439296479300564,Sell
73231881,1,0.97842363,65.135843878,5628876333.637292,0.2467487,0.02967418,-8799.82509892527,65,1,-0.0148737414526463,73.0,-0.00012628197885571472,0.013373239445837081,2023-12-18,0.0112132846908148,0.006073196854812747,Buy
68215622,1,0.94836769,59.461865666,5559500706.162989,0.247723,0.01803148,29477.11837651534,73,1,0.0112132846908148,65.0,-0.007447735282128615,0.01627274975558627,2023-12-19,-0.0186827490845543,-0.012066408264631482,Sell
90381508,1,1.01643601,59.904298984,5624833607.909813,0.24521149,0.01870577,83279.01311382337,74,1,-0.0186827490845543,73.0,0.0013916090192602187,0.017386239721891822,2023-12-20,0.0116442914515202,0.01650365684931471,Buy
109533097,1,1.00066014,37.78044226,6392656358.84037,0.26028428,0.03837712,-98467.02347386,74,1,0.0116442914515202,74.0,0.016418705993302918,0.03771599236876953,2023-12-22,0.0562945756129429,0.015344584182206508,Buy
50061639,1,0.93583725,25.841520736,6130881705.431094,0.25181069,0.019369,-7981.4874728732975,70,1,0.0562945756129429,74.0,0.02019804574341882,0.03267055759875458,2023-12-23,-0.0073447298342066,-0.008996917054178625,Sell
59453354,1,0.9271197,25.76194357,5913189209.773235,0.24815785,0.02313027,-18964.10875255626,71,1,-0.0073447298342066,70.0,0.009878122766826416,0.0406409894183349,2023-12-24,-0.019315477478257,-0.013063141924475363,Sell
42672738,1,0.96738344,26.045896236,5965525999.360795,0.24928663,0.03470038,16241.203395256074,73,1,-0.019315477478257,71.0,-0.007871937362731082,0.011189255455655323,2023-12-25,0.0030443952242704,-0.002270154183775679,Sell
74837009,1,0.87838711,22.207584805,5806586180.594819,0.24702699,0.05427239,6057.75426650513,71,0,0.0030443952242704,73.0,-0.011379635950446812,0.012512530938582544,2023-12-26,-0.0178678255973538,-0.01991863200408303,Sell
91737338,1,1.04680314,31.475090098,6630556695.9453125,0.26501804,0.03167604,-47897.47964694386,73,1,-0.0178678255973538,71.0,0.01731700870810485,0.04408922318771443,2023-12-27,0.066774456497398,0.042250836295400745,Buy
118750261,1,0.9572367,34.067777487,6232182288.143698,0.25314176,0.05132913,-16063.915077001671,73,0,0.066774456497398,73.0,0.011384422996414852,0.04799444581869605,2023-12-28,-0.0147533619107996,-0.00870899323125233,Sell
113540828,1,0.93653152,28.027641089,5801055619.938922,0.23985523,0.03204889,-46804.95066555136,65,0,-0.0147533619107996,73.0,0.010848952134769186,0.04849039283047211,2023-12-29,-0.0194742381822908,-0.00935892832556735,Sell
45375625,1,0.97921818,22.897728249,5679150190.610889,0.23559407,0.03396314,-13635.465894876455,68,1,-0.0194742381822908,65.0,-0.012543494399975645,0.008260432755121432,2023-12-30,-0.0034028831068365,-0.0028151490092744613,Sell
35316233,0,0.97013363,17.377901165,5614210231.975149,0.23473503,0.03297219,-43755.18834533799,67,1,-0.0034028831068365,68.0,-0.009070583744029378,0.00902186551078707,2023-12-31,-0.0043346299429608,-0.002472115529721847,Sell
37104016,1,1.04271363,14.906085174,5820719390.940065,0.23568051,0.03502752,37674.69190288155,65,-1,-0.0043346299429608,67.0,0.00797317756712622,0.020516121640340536,2024-01-01,0.031657045751176,0.02099716012719444,Buy
94410193,1,0.98220945,22.28459059,5889237296.527305,0.23778265,0.05391359,7367.692442021216,71,1,0.031657045751176,65.0,0.009308420071640922,0.01951129072002665,2024-01-02,0.0006028444067076,0.0036136872669549,Buy
182755445,0,0.9056901,39.988832546,5143029396.747763,0.22164371,0.01120561,-16819.681957323104,70,-1,0.0006028444067076,71.0,-0.009920577093421543,0.04771771129930773,2024-01-03,-0.0620216214381482,-0.035437827484314725,Sell
70420051,0,0.99375623,26.099893223,5222507764.828817,0.21937972,0.00885342,-7114.280734133441,68,-1,-0.0620216214381482,70.0,-0.011602592666480746,0.045559465245566,2024-01-04,0.0266109990319984,0.005405908381313534,Buy
72634682,0,0.9893486,22.821996688,5217385656.951999,0.21786706,0.01052831,55738.29272724397,72,1,0.0266109990319984,68.0,-0.011812353044016491,0.045476545827981545,2024-01-05,-2.6436725899636748e-05,-0.01059823984221784,Sell
24516458,0,0.95860917,20.329524156,5137158534.06769,0.21749526,0.01132977,-9855.30455967522,70,1,-2.6436725899636748e-05,72.0,0.004697626359774274,0.019974797094983055,2024-01-06,-0.0124916832267759,-0.0042058566605432815,Sell
32211420,0,0.95934458,32.535045832,5192311503.896391,0.22220142,0.00941502,-23508.49238965113,71,0,-0.0124916832267759,70.0,-0.007031345332050992,0.006374548344302835,2024-01-07,-0.0085759160434774,-0.007383174563036434,Sell
94703181,0,1.01852558,27.437921443,5390509294.137495,0.21953974,0.01129482,4436.456788967596,71,0,-0.0085759160434774,71.0,0.009530569153900553,0.034807614007063545,2024-01-08,0.049659306731955,0.020521948809534445,Buy
134200474,0,0.98262636,24.802785501,5531125152.699889,0.22323875,0.01422672,40881.77652166993,76,0,0.049659306731955,71.0,0.015579600281687452,0.03035955294722666,2024-01-09,0.0056554101565848,0.0007977342607710796,Hold
220815546,0,1.00943773,41.561765444,6404029902.2571535,0.2345058,0.02184759,-4446.056083678734,73,-1,0.0056554101565848,76.0,0.05254369899146916,0.04839499525723203,2024-01-10,0.1023163800858677,0.04015913384210596,Buy
136543471,0,0.98476128,35.400353754,6571412106.242429,0.23679826,0.02565696,55181.58734253538,76,1,0.1023163800858677,73.0,0.040308349298619685,0.053824358390100246,2024-01-11,0.0129532576534066,0.004715805136029115,Buy
210981458,0,0.98173506,27.776006348,6362573856.82951,0.23835119,0.0166852,-30945.04795439588,71,0,0.0129532576534066,76.0,0.02607852350707982,0.07059632599326002,2024-01-12,-0.0370340672180348,0.005154078744457035,Buy
104233627,0,0.98470041,19.986845329,6477447101.2756,0.23742504,0.01092299,7951.477437674126,64,1,-0.0370340672180348,71.0,-0.0006569780899058469,0.03183442117794921,2024-01-13,0.0221098752949107,0.0028171079836976165,Buy
57768697,0,0.93254461,38.786781856,6323117719.161476,0.24122122,0.01706342,18212.74293960107,60,-1,0.0221098752949107,64.0,-0.018513879730737214,0.03522679743370751,2024-01-14,-0.0406174472690875,-0.032254247402908935,Sell
55922013,0,0.97588227,26.164485426,6381918615.469291,0.24081294,0.02113976,-48106.41241589177,52,-1,-0.0406174472690875,60.0,-0.0009960076408721149,0.034471030716497174,2024-01-15,0.0155195490515605,-0.0015736797545768677,Sell
67037471,0,0.9785097,36.888126668,6710065935.392392,0.24651497,0.01403908,-21108.64199339028,64,-1,0.0155195490515605,52.0,0.0015992988471835179,0.037260694433209327,2024-01-16,0.0298957947590776,-0.006420574498051867,Sell
66387849,0,0.97509669,40.102180616,6440902833.50176,0.24323042,0.00946701,-43562.79638805799,60,0,0.0298957947590776,64.0,0.007680406668277751,0.027002318635145055,2024-01-17,-0.0223741238058048,-0.005309681730750513,Sell
69253082,0,0.91914743,37.668315197,6504934211.693948,0.25341008,0.01778937,-90381.01832073682,63,1,-0.0223741238058048,60.0,-0.005224327404829349,0.030417684867758636,2024-01-18,-0.0231946531677608,-0.01905977647890347,Sell
69001236,0,0.98015783,33.271450114,6469511228.275009,0.25025925,0.0206634,-31741.39599861309,51,0,-0.0231946531677608,63.0,-0.012416256831900584,0.017962816570554124,2024-01-19,0.0083200064778639,-0.006318837936658948,Sell
22302199,0,0.94665014,19.308792981,6454144177.932408,0.25102251,0.01251513,19088.499157788057,52,1,0.0083200064778639,51.0,-0.007606947410986849,0.015760068531457394,2024-01-20,-0.0079461955430636,-0.012092917057027091,Sell
14299511,0,0.95113631,16.362395893,6402654578.870599,0.25001443,0.00947758,13925.360353851458,56,-1,-0.0079461955430636,52.0,-0.0019287872157233816,0.008920526813741378,2024-01-21,-0.0061601725819704,-0.007045239120590154,Sell
116553367,0,0.91379373,21.817992413,6128450206.156525,0.25426383,0.01369593,-5855.399137041182,55,1,-0.0061601725819704,56.0,-0.024141555706782152,0.029611396553725085,2024-01-22,-0.0583182989953124,-0.033922259085283776,Sell
122396610,0,0.93704096,18.590570686,5662805388.731163,0.24362863,0.01341984,-48633.60697393189,50,-1,-0.0583182989953124,55.0,-0.031725104412139084,0.026094262414455244,2024-01-23,-0.0306968416591344,-0.03231461873390239,Sell
55553088,0,0.97421139,15.447411952,5623863412.348732,0.24384048,0.01199135,-50395.00592670357,48,0,-0.0306968416591344,50.0,-0.03076928595333658,0.027512862427543288,2024-01-24,-0.0032927172055629,-0.016891126952008704,Sell
50503379,0,1.00224507,28.88367005,5659116508.582499,0.24489194,0.01357818,101938.78131075378,52,0,-0.0032927172055629,48.0,-0.013775468230817914,0.014793187726234508,2024-01-25,-0.0073368458277564,-0.0014000222307385063,Sell
54140232,0,1.02330679,22.573714573,5865508856.356299,0.24882687,0.01102754,-23276.21860404988,49,-1,-0.0073368458277564,52.0,0.003914024668640786,0.016112148674082463,2024-01-26,0.0223716370392417,0.00816392933773859,Buy
15989138,0,0.94025436,15.310918127,5797515684.59445,0.24662831,0.00825456,-31029.10970507702,55,1,0.0223716370392417,49.0,0.005026299817703396,0.015468198448437595,2024-01-27,4.410824162492944e-05,-0.010561403315780305,Sell
29592096,0,0.9795766,14.594281982,5580482743.746951,0.24001539,0.01070193,-65541.6455028191,54,-1,4.410824162492944e-05,55.0,0.005870856542514062,0.014494166345135406,2024-01-28,-0.0048031756533244,-0.0030833359247579187,Sell
42167132,0,1.0200858,16.805633146,5825830956.900265,0.24347926,0.01453366,25874.69630371465,55,0,-0.0048031756533244,54.0,0.007389753209437196,0.017093593559844467,2024-01-29,0.0269283270400111,0.011355592999523396,Buy
53221946,0,1.0061315,31.884774469,5909533600.404208,0.24309354,0.01204349,39920.21193517349,61,0,0.0269283270400111,55.0,0.011020380296966286,0.015865919675478127,2024-01-30,0.0109359895042122,0.0063322184653015826,Buy
45947907,0,0.97775864,31.392970368,5747552046.319641,0.24344582,0.01363599,-49195.37839680712,63,1,0.0109359895042122,61.0,0.0069436471248433195,0.022251110389130427,2024-02-01,-0.0170333751696933,-0.00246220397904407,Sell
31989727,0,0.95745824,24.500437327,5666288567.94696,0.24122714,0.01037148,-56655.95667427522,63,1,-0.0170333751696933,63.0,-0.0013448214650809474,0.014292685995923732,2024-02-02,0.0020629212702383,-0.005481539404539307,Sell
17270148,0,0.94805378,22.511514075,5707297262.87805,0.24474708,0.01159898,-16796.661909022194,60,-1,0.0020629212702383,63.0,-0.006788782606404749,0.00962404481496626,2024-02-03,-0.0053958939197592,-0.010686407967639871,Sell
22880258,0,0.98673877,18.512427976,5594866835.195861,0.24168251,0.0103999,-50945.96959615953,60,-1,-0.0053958939197592,60.0,-0.002100157978334114,0.0038042994518017953,2024-02-04,-0.0029675012854814,-0.0007382554339353016,Hold
33105282,0,1.00948756,22.34163636,5666466956.312102,0.24452966,0.01380709,-86792.34855778224,60,1,-0.0029675012854814,60.0,-0.001115340777714781,0.005448110243882121,2024-02-05,0.0050173728720963,0.007089581216799039,Buy
52098535,0,1.02033454,37.660659816,6291863015.926902,0.26346042,0.01647401,-16004.99517374544,64,1,0.0050173728720963,60.0,0.01109701275326812,0.017896361548935275,2024-02-06,0.0312411666731895,0.015909928923562203,Buy
51020844,0,1.06168016,43.071499865,6239987207.894876,0.25903957,0.00825481,-104805.26483127147,62,1,0.0312411666731895,64.0,0.01948274807692092,0.013319817975146208,2024-02-07,0.022189704685477,0.02641864722308086,Buy
51245892,0,0.99535916,60.785647336,6088054042.249326,0.25409514,0.01982088,-65517.322699407465,66,1,0.022189704685477,62.0,0.01725198231905442,0.017004502037262906,2024-02-08,-0.0016749244015032,0.004692106321141221,Buy
92475162,0,1.04997761,71.415240828,6121483606.285796,0.24665649,0.02130691,62303.60120050283,72,1,-0.0016749244015032,66.0,0.01598177526520692,0.015514054450130805,2024-02-09,0.027430545511647,0.02906359074947783,Buy
30662404,0,0.96938625,38.670181399,6159089909.733319,0.24707101,0.00759911,-7334.378684593074,74,1,0.027430545511647,72.0,0.010466173877803053,0.0151403457393078,2024-02-10,0.0056429005232654,-0.0025780173292896677,Sell
42361329,0,0.99494457,30.469736562,6187423255.211681,0.24767427,0.01706432,8982.415684896987,71,1,0.0056429005232654,74.0,0.011929692236380152,0.013503687140492117,2024-02-11,0.0027156306742281,0.006112030007251917,Buy
89608310,0,1.05520866,43.865510119,6789912810.542969,0.25564078,0.01996653,4252.346020875033,70,1,0.0027156306742281,71.0,0.023323604323292783,0.03319125401054836,2024-02-12,0.0616122817723849,0.039288153626454866,Buy
112574048,0,0.94671823,34.487521504,6842964058.55409,0.25950153,0.03289175,-10039.916218034574,79,1,0.0616122817723849,70.0,0.019013021211289585,0.03722962735128287,2024-02-13,-0.0072888488127442,-0.0062412590988644235,Sell
108947754,0,1.04025179,30.055114476,7089660194.685327,0.25572289,0.02096637,-896.517736902344,74,1,-0.0072888488127442,79.0,0.03536237157999175,0.03726383878766612,2024-02-14,0.0517636817803346,0.04424963501835715,Buy
154870046,0,0.9964867,39.172512561,7255220693.880967,0.25719417,0.03188017,-3789.678027928341,72,1,0.0517636817803346,74.0,0.02063645002428295,0.029656190301100498,2024-02-15,0.0174345171052585,0.01704190112971801,Buy
101688460,0,0.95434349,30.843412373,7058186035.022388,0.25360995,0.02597005,-69251.21783808642,72,0,0.0174345171052585,72.0,0.020532543389745587,0.029803135479392215,2024-02-16,-0.0076005687163563,-0.002976801649113591,Sell
74804574,0,0.94562943,22.606061106,7033314219.837492,0.25458843,0.01722179,-940.2837327740272,76,1,-0.0076005687163563,72.0,0.001194300499640917,0.014080617132711377,2024-02-17,-0.0062510468899794,-0.00664278366051995,Sell
86328681,0,1.01746324,25.482158308,7357548133.287851,0.25799919,0.02245409,-25335.853967792587,72,0,-0.0062510468899794,76.0,0.00681352483684725,0.023806786563266544,2024-02-18,0.0342921901168775,0.018772803850857146,Buy
122739471,0,1.00995547,37.551815368,7590721559.4498625,0.26219301,0.0337421,-24300.17418170161,75,0,0.0342921901168775,72.0,0.01661239471867365,0.02076273483370823,2024-02-19,0.0217960409291229,0.019876388947680998,Buy
193179510,0,0.98777012,41.425451234,7864243433.607326,0.26498363,0.02534171,-11843.163009247744,72,1,0.0217960409291229,75.0,0.02656205006470445,0.006754849383863961,2024-02-20,0.023597919148113,0.01612444676271349,Buy
181658359,0,0.94453289,43.659442265,7821182475.717273,0.26779475,0.0229937,-25562.46951586264,78,1,0.023597919148113,72.0,0.010113213512815482,0.02181433545187074,2024-02-21,-0.0150543195387894,-0.010059371362499524,Sell
151393410,0,0.99649494,51.383326353,7697069439.319613,0.26429387,0.02974095,-35391.608616082,74,1,-0.0150543195387894,78.0,0.0028893789340626494,0.019473883825979067,2024-02-22,0.0001245371928644,0.01376731654032163,Buy
104005028,0,0.95492248,44.86952626,7227768697.668259,0.25367483,0.01297464,-54024.76723217277,76,1,0.0001245371928644,74.0,-0.010448817365862784,0.009182095049282038,2024-02-23,-0.0164166697516633,-0.015539452949684111,Sell
44460311,0,1.04364941,30.785077921,7645354357.105347,0.26259372,0.01970235,-15961.59068264044,72,0,-0.0164166697516633,76.0,0.0026568644370210163,0.020457585829876716,2024-02-24,0.024262725869862,0.018616686544333478,Buy
122120845,0,1.07049224,31.687193252,8456779111.049257,0.27927301,0.02433013,2467.9159010057338,74,0,0.024262725869862,72.0,0.01607785412725655,0.02927324200143563,2024-02-25,0.040387506263571,0.03864162209805857,Buy
150967504,0,0.98771709,44.049515982,8244557649.869638,0.26795317,0.03021141,-15264.729684420745,72,-1,0.040387506263571,74.0,0.028601194767998512,0.01032496514296703,2024-02-26,0.0211533521705626,0.013131050119218383,Buy
178050890,0,1.01353292,52.078273471,7940579404.788086,0.25380584,0.05067896,-41297.36032639025,79,1,0.0211533521705626,72.0,0.027429153120784578,0.011224105700374121,2024-02-27,0.0207466009282202,0.03192837706419437,Buy
346831765,1,0.99699581,65.493392699,7730523277.346566,0.23702983,0.04793476,46649.61167159933,82,1,0.0207466009282202,79.0,0.028747763246161614,0.013507693872318843,2024-02-28,0.0443433366397021,0.022825670962671973,Buy
248184845,1,0.93390927,74.113151775,7897662806.926458,0.24498035,0.09250962,-10633.58109689143,80,1,0.0443433366397021,82.0,0.017304587546901784,0.028913822729139834,2024-02-29,-0.0131761749272169,-0.006703309487466258,Sell
125250370,1,0.96980312,58.406377546,7910847791.926931,0.23863597,0.06464054,-19836.51965821639,80,1,-0.0131761749272169,80.0,0.01965213251030605,0.029610519928052435,2024-03-01,0.027789235818433,0.013151141398293218,Buy
84836326,0,0.9344119,52.441171233,7881786914.874655,0.23947972,0.04902765,-34063.78573758114,80,-1,0.027789235818433,80.0,0.0038192081264903817,0.02135475287289007,2024-03-02,-0.0031554365117449,-0.011126548320354469,Sell
123031655,1,0.97248963,54.765290988,8098614371.841157,0.24186002,0.04454995,6256.869004247652,83,1,-0.0031554365117449,80.0,0.014671455991508547,0.016000781013884937,2024-03-03,0.0193805686678376,0.00963085359318679,Buy
253627003,1,0.97507991,86.436145511,8059845462.109188,0.23187053,0.07081858,-18249.40929852589,82,1,0.0193805686678376,83.0,0.01882054860400285,0.021701395155430053,2024-03-04,0.0402365136559159,0.011910189296917912,Buy
631957918,1,0.9418425,98.680928276,7895900276.153285,0.22970792,0.11831259,85501.25149442465,90,1,0.0402365136559159,82.0,0.013115232224065618,0.030736660524787972,2024-03-05,-0.0202713856515566,-0.008174040322595593,Sell
389849906,1,0.9923564,83.456739429,8460616493.832517,0.22709203,0.05261299,63639.5746821342,75,1,-0.0202713856515566,90.0,0.03131946277483132,0.047760770694723675,2024-03-06,0.0739932603201347,0.02394074360341864,Buy
213601833,1,0.97692682,74.415996706,8594109228.977022,0.22815625,0.04093454,29677.64540341333,82,1,0.0739932603201347,75.0,0.02243164207961759,0.04775261081240743,2024-03-07,0.0135730515702747,0.007663834768503249,Buy
277306358,1,0.98297489,66.04749331,8874014067.189623,0.23458754,0.04924436,53381.30476564262,81,1,0.0135730515702747,82.0,0.030788192774393958,0.037673035579527704,2024-03-08,0.0047982664327725,0.01731772450266793,Buy
82655947,1,0.95418075,59.055881981,9014993446.56772,0.23725389,0.04000162,-12953.867069826289,84,0,0.0047982664327725,81.0,0.007949189869222821,0.004882190215235108,2024-03-09,0.0054762516046213,-0.0026083167815798103,Sell
122872192,1,0.93209549,63.679788574,8925456037.254225,0.23655622,0.0512025,14997.627620568031,79,1,0.0054762516046213,84.0,0.0008552567689126218,0.007424388579188838,2024-03-10,-0.0077087477306559,-0.008048620156796273,Sell
288754230,1,0.96427847,72.310953858,9328120331.1903,0.23394919,0.07973797,-21651.905186016345,82,1,-0.0077087477306559,79.0,0.015249425522907221,0.029102695195306363,2024-03-11,0.0479807726947563,0.0026680053688253854,Buy
247022212,1,0.96091265,64.385923989,9229114676.941416,0.23426029,0.07211862,94470.25030863844,81,1,0.0479807726947563,82.0,0.006287699002176755,0.03675129970509397,2024-03-12,-0.0214089279575701,-0.005568632147522035,Sell
166246414,1,0.95700137,64.569491149,9445644778.745344,0.23804958,0.0561382,-50435.46672712581,81,1,-0.0214089279575701,81.0,0.010953259993662588,0.03492930833012764,2024-03-13,0.0062879352438016,-0.003713554606193395,Sell
243637858,1,0.93550504,56.888536551,9669247070.082874,0.24990063,0.05531439,74965.77959001891,88,1,0.0062879352438016,81.0,-0.015561126056612412,0.01959105113503081,2024-03-14,-0.0315623854560687,-0.025707934955992055,Sell
315686711,1,0.96778138,45.740465011,9025600124.287449,0.23914329,0.05854156,109853.06878632132,83,0,-0.0315623854560687,88.0,-0.02034499641981981,0.023160114640109437,2024-03-15,-0.0357605390471923,-0.011588723445452037,Sell
144257148,1,0.94047121,37.414230291,8966683969.653448,0.25173021,0.05032366,14573.765497870743,81,-1,-0.0357605390471923,83.0,-0.04207604381528368,0.014724865774185355,2024-03-16,-0.05890520694259,-0.03893125105058679,Sell
139453368,1,0.99601314,32.275112489,9073183276.84652,0.24533654,0.04462894,30384.81191978167,79,1,-0.05890520694259,81.0,-0.02009135882858441,0.04858208718464386,2024-03-17,0.0343916695040291,0.0039150166503096615,Buy
149195012,1,0.95101986,40.439650375,9024732374.495838,0.25101715,0.03668779,28159.1282787096,77,0,0.0343916695040291,79.0,-0.019381923027183546,0.048253292741617305,2024-03-18,-0.0336322316429897,-0.02950054186195698,Sell
298016414,1,0.939215,44.977949993,8164211469.030313,0.2515227,0.02636578,46430.877989060944,79,-1,-0.0336322316429897,77.0,-0.03414651342752941,0.0687967655078408,2024-03-19,-0.1031989781436276,-0.04904263631311061,Sell
371191274,1,0.98609234,38.891587035,8588191983.926337,0.23871382,0.0164548,-22082.546658523614,74,-1,-0.1031989781436276,79.0,-0.007780794756874145,0.11063283262899579,2024-03-20,0.1134888255159949,0.003283771032538063,Buy
185457660,1,0.97408467,33.968806911,8535986337.282093,0.23907357,0.01806805,6877.289209063863,78,1,0.1134888255159949,74.0,0.0011947712716176865,0.10855971709618024,2024-03-21,-0.0067055335575142,-0.008839099167436058,Sell
191088535,1,0.92405775,27.91071844,8314670803.791567,0.24388051,0.01968901,-19163.752485024044,75,0,-0.0067055335575142,78.0,0.02078406740496366,0.08247080410488189,2024-03-22,-0.0444310897435897,-0.0068342218385433525,Sell
107051469,1,0.98215832,21.387739965,8273194295.942749,0.24361083,0.01833339,-31139.36374733603,73,1,-0.0444310897435897,75.0,-0.017804219482626074,0.02316565947611524,2024-03-23,-0.0022760351467743,-0.0006928543478471734,Hold
108534121,1,1.0405039,21.236141274,8561888570.393215,0.24334386,0.01880367,-5513.968486712081,74,1,-0.0022760351467743,73.0,-0.002998278559589442,0.04107645193056866,2024-03-24,0.0377122892115957,0.029983516016858076,Buy
149620812,1,1.01493639,29.623241049,9052503118.42612,0.2468669,0.02622832,29622.829808328068,75,1,0.0377122892115957,74.0,0.025103264204526923,0.02373578046748159,2024-03-25,0.0398735385487594,0.03054519030291105,Buy
133788527,1,1.01257422,34.984052996,9104407685.969522,0.24803391,0.04607947,-122958.65507685032,81,1,0.0398735385487594,75.0,0.02535754253078179,0.0232958227921413,2024-03-26,-0.0015132001680097,0.030633494171543027,Buy
161982969,1,0.94561462,39.817196793,8984869227.415632,0.25043754,0.04742371,10656.217114132363,83,-1,-0.0015132001680097,81.0,0.0048044379300658906,0.03237592443789684,2024-03-27,-0.023947024590552,-0.010804652145316599,Sell
113840785,1,0.99252098,37.886051029,9187999120.425953,0.25229324,0.05569457,-37218.56384051021,80,1,-0.023947024590552,83.0,-0.0027812304448852423,0.020561125328857795,2024-03-28,0.017116533423906,0.00900614298302305,Buy
84512199,1,0.9446819,29.083964023,9144309367.79207,0.25561448,0.0353337,-27607.0101835524,79,1,0.017116533423906,80.0,-0.0068882720022317755,0.021394851874247847,2024-03-29,-0.0138343248400493,-0.012930495307647798,Sell
55178204,1,0.96135023,25.026990671,9240327974.920267,0.25899828,0.02780283,-36714.27929389192,75,0,-0.0138343248400493,79.0,0.000613177173856091,0.015577509727137763,2024-03-30,-0.0014426770622884,-0.0005863703181939131,Hold
79431809,1,1.07841673,23.756563956,9731818144.018215,0.26308534,0.06515247,-27216.19775900472,75,0,-0.0014426770622884,75.0,0.008185982548332959,0.02810037486831881,2024-03-31,0.0398349495473366,0.03164020311860202,Buy
147498968,1,0.90980219,28.461218194,9421950973.438902,0.2641228,0.05804517,26968.78841599333,79,1,0.0398349495473366,75.0,-0.00015673887387200833,0.03936447561499301,2024-04-01,-0.0388624891066642,-0.015670523397762204,Sell
201466910,1,0.88538256,41.928245505,8759935071.064411,0.26281919,0.0247846,23914.40647346736,79,0,-0.0388624891066642,79.0,-0.021239995800828304,0.054446381000423066,2024-04-02,-0.0646924478431573,-0.034074954650471966,Sell
107789682,1,0.94456341,35.65671527,8749297013.480043,0.26052518,0.01852726,18364.56359326921,71,1,-0.0646924478431573,79.0,-0.03129911418959521,0.03774765787154132,2024-04-03,0.0096575943810359,-0.025355732837588667,Sell
116834915,1,1.00026272,31.514431465,8724273343.41173,0.25843635,0.0209698,-36339.03977950802,70,-1,0.0096575943810359,71.0,-0.016654129898001812,0.041665523504862745,2024-04-04,0.005072463768116,0.0030267143953305225,Buy
115421689,1,0.95083834,23.332158093,8847729734.933725,0.26301013,0.01873701,4421.846879434481,79,0,0.005072463768116,70.0,0.004068875427270755,0.006152214421191614,2024-04-05,-0.0025234318673396,-0.006278373673334595,Sell
50470591,1,0.9670198,16.084542564,8813853122.709946,0.25974952,0.01563464,-28170.578305910807,75,-1,-0.0025234318673396,79.0,0.004168554543964322,0.006288941546040338,2024-04-06,0.0099566317311166,-0.0020416641231790888,Sell
63995732,1,1.01557274,18.607930808,9119345618.33582,0.25987187,0.02306733,31442.59056033177,78,1,0.0099566317311166,75.0,0.01269007119166289,0.016748359806422114,2024-04-07,0.0306370137112117,0.017135082694911586,Buy
144290165,1,1.04698871,27.299946961,10033639845.854477,0.2666864,0.03272487,38910.07129997912,76,1,0.0306370137112117,78.0,0.03663944576681275,0.030135751753476603,2024-04-08,0.06932469185811,0.04981813437857254,Buy
170434017,1,0.92367996,29.80683749,9403715238.962534,0.26462494,0.02197826,-81203.29423024727,80,-1,0.06932469185811,76.0,0.016239918415778185,0.061559207811303446,2024-04-09,-0.0512419503219871,-0.018119868935033635,Sell
155918088,1,0.96699286,22.350673267,9354870066.509832,0.26075456,0.02402952,-15030.680043684726,78,1,-0.0512419503219871,80.0,0.009809215341867388,0.06029798966395535,2024-04-10,0.0113449044894793,0.011229987833508513,Buy
111185957,1,0.95961692,22.956079294,9152219720.740036,0.25959365,0.0233681,-53952.76898513269,76,-1,0.0113449044894793,78.0,-0.01730236158246751,0.031627284237050315,2024-04-11,-0.0120100389148947,-0.02574432311872422,Sell
220446270,1,0.86901578,32.16505669,8327423636.120352,0.25583492,0.02422661,2155.404911357328,79,0,-0.0120100389148947,76.0,-0.025511817013901813,0.04514805872912118,2024-04-12,-0.07587031661629,-0.040018069193496,Sell
330182823,1,0.89439462,47.579524113,7262518117.185301,0.24017831,0.01185215,-2388.9027872678125,72,-1,-0.07587031661629,79.0,-0.05306275127327741,0.03562580257670238,2024-04-13,-0.0713078982886475,-0.05228949679012968,Sell
175072088,1,0.96090543,14.997630017,7479043470.327086,0.23605984,0.00292708,3208.8704861481674,72,-1,-0.0713078982886475,72.0,-0.03253191772504061,0.07114971820176938,2024-04-14,0.0495824617298157,-0.029965758371865034,Sell
181942078,1,0.95027538,18.448168036,7364300466.299323,0.23770906,0.00837624,-31882.5808390812,74,0,0.0495824617298157,72.0,-0.01296741421416068,0.060555008226253294,2024-04-15,-0.0171768060836502,-0.03038931869861051,Sell
149549080,1,0.96772802,13.971156075,7245541778.177492,0.2349852,0.01564,10535.43528316461,65,-1,-0.0171768060836502,74.0,0.008954564797178386,0.0356624720178733,2024-04-16,-0.0055419612546303,-0.0038510216531586192,Sell
155890562,1,0.96789679,24.020828954,7170965466.045935,0.24138738,0.01303291,-46326.82356901863,67,0,-0.0055419612546303,65.0,-0.018445212748455782,0.013581948489545274,2024-04-17,-0.0326168709070868,-0.013083908287539714,Sell
107277522,1,0.99134884,14.827204743,7146013869.102377,0.23430088,0.01030625,-136197.3408100854,57,-1,-0.0326168709070868,67.0,-0.003736113233427115,0.02982471307449857,2024-04-18,0.0269504924614358,0.0003616808943992172,Hold
190877546,1,0.9510289,14.229829052,7196983799.77394,0.23609087,0.0086647,19564.799303080887,66,-1,0.0269504924614358,57.0,-0.0027796657728173485,0.02978382596223168,2024-04-19,-0.002672618872801,-0.017963806105324095,Sell
64287559,1,1.00349592,9.562570897,7345775888.53968,0.23379934,0.0081117,-20372.901700836024,66,1,-0.002672618872801,66.0,0.01888918585911762,0.018870076009138443,2024-04-20,0.0323896839887181,0.011391461740794495,Buy
59567838,1,0.95302042,9.913422718,7310735241.875238,0.23360377,0.01095529,-21393.2297221428,72,1,0.0323896839887181,66.0,0.008979178461908287,0.020274162972819743,2024-04-21,-0.0027795297301922,-0.008387037685399607,Sell
76202777,1,0.99015386,13.709597369,7441012514.252601,0.23432685,0.01334697,-20331.62813520059,73,1,-0.0027795297301922,72.0,0.01552300099638492,0.017628517874130896,2024-04-22,0.0169588487306289,0.006119120787409101,Buy
67473137,1,1.01360065,15.486230693,7523633955.655612,0.23560004,0.00744965,-5864.587121569202,71,1,0.0169588487306289,73.0,0.006718230820425952,0.009890135178963524,2024-04-23,0.0059753734608412,0.01099609224851641,Buy
112420342,1,0.93000376,19.320031364,7536594674.486611,0.24285095,0.01852468,-47911.26122405543,72,0,0.0059753734608412,71.0,-0.0006934596597029467,0.02176689287759169,2024-04-24,-0.0250146011705789,-0.012883849383122635,Sell
98209721,0,0.96146169,14.855679502,7535674544.285094,0.24142647,0.01641826,9161.559801585625,72,-1,-0.0250146011705789,72.0,-0.004705445688274413,0.0175961154043377,2024-04-25,0.0049228906449145,-0.007200301072809171,Sell
74549801,0,0.97839997,10.299846723,7490525830.470894,0.24214813,0.01316477,-9760.189876922172,70,0,0.0049228906449145,72.0,-0.009343737679488746,0.015018064500900373,2024-04-26,-0.0079395025128018,-0.006451392703890639,Sell
92123756,0,1.01899216,8.060109553,8031220227.533906,0.24916286,0.01726139,8729.88305233739,67,0,-0.0079395025128018,70.0,0.012195434752257787,0.024591417523597135,2024-04-27,0.0396029161246607,0.02029852526442789,Buy
99206390,0,0.99265596,9.377267385,8108964526.061177,0.25120837,0.0196068,-8506.102860742249,65,-1,0.0396029161246607,67.0,0.011464478828341118,0.024945709713287977,2024-04-28,0.0027300228731645,0.00019723493803982343,Hold
126868816,0,0.93590101,11.27049329,8095242056.931715,0.2530016,0.01231805,71865.63980644068,67,-1,0.0027300228731645,65.0,0.009363820807303885,0.027528351069336866,2024-04-29,-0.0142414765759135,-0.015158001399617312,Sell
185623703,0,0.91095866,17.410912238,7767176155.10234,0.25994814,0.01073643,-39552.73430972744,67,1,-0.0142414765759135,67.0,-0.02496213762679748,0.03433171409950806,2024-04-30,-0.0633749591776434,-0.03760053824476449,Sell
194657706,0,0.9393029,11.932315948,7296558879.838458,0.24788633,0.00766334,959.8526362178382,54,-1,-0.0633749591776434,67.0,-0.030753611949288478,0.028251633724177605,2024-05-01,-0.0146444000943085,-0.03200614559499054,Sell
95644544,0,1.04513631,10.427611075,7367399648.0583105,0.24887977,0.00176682,-655.764505714993,43,-1,-0.0146444000943085,54.0,-0.024022600259728646,0.03560202932184355,2024-05-02,0.005951558492766,0.016121059074949495,Buy
99585969,0,1.03819325,9.847850187,7555210390.646151,0.24562815,0.00520565,12867.6666296256,48,1,0.005951558492766,43.0,0.010202549731316084,0.027222527585820614,2024-05-03,0.0393004907954908,0.022942539651062115,Buy
56169148,0,1.01037879,7.92721392,7577363541.818362,0.24564594,0.0146046,-16371.911592828284,67,0,0.0393004907954908,48.0,0.016614083756679218,0.01965879246381845,2024-05-04,0.0045902019817809,0.00886053504537077,Buy
63643536,0,0.97040683,7.708524885,7658138196.332069,0.24739641,0.01109009,-23561.597098851897,69,1,0.0045902019817809,67.0,0.01667312091987452,0.019610969419260247,2024-05-05,0.0061286699823519,-0.002575373576073924,Sell
103552735,0,0.94689579,8.31242434,7558124814.062479,0.24891856,0.01243077,52989.012256956834,71,1,0.0061286699823519,69.0,-0.004316016612372448,0.016776020674429796,2024-05-06,-0.0236669218012501,-0.013203093851052885,Sell
74702279,0,0.93015649,8.58754592,7472693062.08465,0.2504837,0.01100102,9490.26711356634,68,1,-0.0236669218012501,71.0,-0.011987085249495282,0.015906291502934728,2024-05-07,-0.0184230039295876,-0.01618370702244507,Sell
94209477,0,0.94869407,7.388610391,7552714654.122572,0.25689381,0.01054585,-1144.6689709792845,64,1,-0.0184230039295876,68.0,-0.017580735811867313,0.006548074212839926,2024-05-08,-0.0106522817047642,-0.015576317384076204,Sell
60158536,0,1.04478895,6.855968572,7717282375.916903,0.25691736,0.01707322,7027.04231491976,55,1,-0.0106522817047642,64.0,-0.002715596549053581,0.020841745725123848,2024-05-09,0.0209284959871911,0.017129459434969907,Buy
91118359,0,0.90415205,8.520410039,7786000840.444053,0.27094982,0.00979283,-10346.380055263056,66,0,0.0209284959871911,55.0,-0.010478127131652812,0.03131990897978956,2024-05-10,-0.0417105956773853,-0.02864384819743613,Sell
36304822,0,0.98338579,6.563965162,7679856276.886407,0.26696198,0.01027552,8088.544733102171,53,-1,-0.0417105956773853,66.0,-0.0067268118864629795,0.03195612414848346,2024-05-11,0.0006016640308053,-0.0005689327510056331,Hold
26655468,-1,1.0124078,5.824352172,7698510523.205887,0.26601109,0.00797816,439.1476327780401,56,0,0.0006016640308053,53.0,-0.01184180358807068,0.025986790492063337,2024-05-12,0.005583520882368,0.0074000552359970795,Buy
77447430,0,0.99657129,11.148457218,7814787694.54014,0.26652367,0.01003072,69000.01559465704,57,0,0.005583520882368,56.0,0.004673405107962921,0.0037015713337206833,2024-05-13,0.0078350304107155,0.0011241535840984963,Buy
76877285,-1,0.93067673,9.604991843,7863941961.075922,0.27412919,0.01008771,10822.65929357824,66,1,0.0078350304107155,57.0,-0.0033385635908672125,0.01743974035963569,2024-05-14,-0.0234342420656851,-0.015890703320747185,Sell
91396340,-1,1.03438553,10.129042556,8223681380.671871,0.27125671,0.01117624,57050.33935964061,64,1,-0.0234342420656851,66.0,0.012344061523291122,0.03823275890276557,2024-05-15,0.052631396224843,0.030131082052279615,Buy
73793178,-1,0.93778284,7.40396994,8108271388.728986,0.27552845,0.01006835,16738.153395069647,70,1,0.052631396224843,64.0,2.0455449477221888e-05,0.04565150844082246,2024-05-16,-0.0291357878107262,-0.019783154870015158,Sell
91699892,-1,1.06814761,8.502476608,8853217372.443508,0.28567684,0.00910789,10870.9708520727,74,0,-0.0291357878107262,70.0,0.024696305136148924,0.04663109611845558,2024-05-17,0.05059330699433,0.04745949971120274,Buy
48683714,-1,0.9857758,5.370062057,8966600202.526184,0.28657442,0.00875022,-7852.4216649483715,73,1,0.05059330699433,74.0,0.010428067411154922,0.03986794937002555,2024-05-18,0.009826683049861,-0.002422674406503332,Sell
45852707,-1,0.92391292,5.46789363,8659452310.136253,0.28141718,0.01059323,5444.963146380294,72,1,0.009826683049861,73.0,0.014438195949833187,0.034084136264322225,2024-05-19,-0.0171054021946914,-0.011994118214256439,Sell
244076230,0,1.07724422,18.809071595,11187863438.44011,0.30342669,0.00995582,34680.54782917118,70,1,-0.0171054021946914,72.0,0.06199755037074706,0.11448120432876899,2024-05-20,0.1932713702570716,0.08850349586178156,Buy
255055062,0,0.98927672,17.542154481,11812709349.679638,0.30707766,0.03572075,25467.04284208012,76,1,0.1932713702570716,70.0,0.0704406149341655,0.10953700817017133,2024-05-21,0.0351558767401163,0.02538709770926702,Buy
189782020,0,0.96477831,15.761197655,11535944412.292969,0.30544226,0.02075382,-46786.902564199525,76,1,0.0351558767401163,76.0,0.07155244485305566,0.10821301129165196,2024-05-22,-0.0137699124380209,0.021211476368236372,Buy
445050378,-1,0.98087155,15.571613824,11608502042.834024,0.30486769,0.02474821,-42041.77209162386,76,1,-0.0137699124380209,76.0,0.011116827526380157,0.024473907460445594,2024-05-23,0.0119645182770451,0.009559742787854396,Buy
146931976,-1,0.96721419,11.463182504,11542644026.21735,0.31048952,0.01848406,-55684.79166457977,74,1,0.0119645182770451,76.0,-0.005476542490733109,0.015110440647697645,2024-05-24,-0.0146242333112235,-0.006809148230180388,Sell
48725291,-1,1.00815595,7.910674372,11789537121.25445,0.31177329,0.01448505,112462.70786797558,76,1,-0.0146242333112235,74.0,0.0010273646569625243,0.013907189395747293,2024-05-25,0.005741809005066,0.012831693120109825,Buy
91907352,-1,1.04146213,8.180356285,12518187041.749687,0.3241392,0.01817622,13142.028309351648,75,0,0.005741809005066,76.0,0.0037055030280205574,0.017401173082096648,2024-05-26,0.0199989333902192,0.021293605395074067,Buy
133068318,-1,1.03611123,18.858871737,12938073190.659302,0.33085077,0.01997403,-30294.00840417482,74,0,0.0199989333902192,75.0,0.014479721130960058,0.00765417667401536,2024-05-27,0.017698420997595,0.024144912249995768,Buy
145580440,-1,0.92163501,20.145931047,12803962429.329395,0.3326139,0.02491558,-43483.93544993654,72,1,0.017698420997595,74.0,0.00829390522030039,0.01831755233544195,2024-05-28,-0.012815638726913,-0.009888726941352705,Sell
143052666,-1,0.94485116,15.836536949,12584585997.721924,0.33638189,0.02080494,-87895.24228122574,72,1,-0.012815638726913,72.0,-0.005137936054112643,0.020127482757465738,2024-05-29,-0.0202965904330199,-0.01166527711553556,Sell
144489617,-1,0.97652738,16.802668106,12322428610.624306,0.3476251,0.01360124,-14432.697999299038,73,0,-0.0202965904330199,72.0,-0.012443337814015477,0.00804586588173764,2024-05-30,-0.0042177842821135,-0.005586028295572383,Sell
141875178,-1,0.99497272,15.368563764,12406927421.48134,0.35299078,0.01558433,-7901.682911646087,73,1,-0.0042177842821135,73.0,-0.007116991379844476,0.011995701141566435,2024-05-31,0.0031634005756,0.0020342428682247806,Buy
46424906,-1,1.06401622,10.295409535,12830597940.68558,0.36093451,0.02187129,-22754.84266175126,72,-1,0.0031634005756,73.0,0.0044424892934785245,0.009365557355362372,2024-06-01,0.0143818515869491,0.01814761265241932,Buy
71823387,-1,0.9829164,12.32404248,12519337995.945454,0.3555777,0.01292786,-5319.926478133712,73,0,0.0143818515869491,72.0,0.0029362897257111244,0.011560790498029208,2024-06-02,-0.0087363829854157,0.001809369722229702,Buy
120847598,-1,0.96749728,16.197031216,12628584432.696428,0.36060852,0.01700495,-45048.08155749476,73,1,-0.0087363829854157,73.0,0.0006328420161608575,0.012165528228985678,2024-06-03,-0.0037469425530508,0.00043787925725994584,Hold
104619449,-1,0.99179864,13.295168054,12751067609.696297,0.36038345,0.01292694,-20393.81103299081,73,1,-0.0037469425530508,73.0,-0.00017534930753210914,0.010799264141777308,2024-06-04,0.0119572776158702,0.003845073584628578,Buy
129422084,-1,1.03002474,22.311745438,13013849795.551094,0.36308187,0.02235796,-26227.494995255314,75,1,0.0119572776158702,73.0,0.007645026291611158,0.009962300582948263,2024-06-05,0.0147247438120141,0.02071233249824578,Buy
101027533,-1,0.91057059,23.253144115,12666493383.915625,0.35652448,0.01858911,50220.79356309964,78,0,0.0147247438120141,75.0,0.004209486394862458,0.015876678697275756,2024-06-06,-0.0140535622432969,-0.010159422197013107,Sell
192739650,-1,0.87424876,20.070499691,12116077388.19644,0.35340778,0.02148837,-1659.455480509729,77,-1,-0.0140535622432969,78.0,-0.011590275886490245,0.025173927234459704,2024-06-07,-0.0354420092281879,-0.0280034437082761,Sell
49261456,-1,0.95168196,10.447513187,12102443378.381908,0.3528735,0.01547662,5468.999842877762,72,-1,-0.0354420092281879,77.0,-0.016289239765565778,0.018138561571832027,2024-06-08,0.0006278521747875,-0.012953840034979784,Sell
38229043,-1,1.05351623,9.954544276,12245378354.729652,0.35516558,0.01197166,-8620.756886394229,75,-1,0.0006278521747875,72.0,-0.009333917826987644,0.022820747061777138,2024-06-09,0.0068124035724375,0.012255646816298593,Buy
67205183,-1,0.97584728,13.600129963,12059067806.501272,0.3537978,0.01094365,-18235.322499935573,72,0,0.0068124035724375,75.0,-0.0010451580106958427,0.008813967192763204,2024-06-10,-0.0105757297793125,-0.0007267634229676971,Hold
135609656,-1,0.93097978,17.060548399,10978061319.427605,0.34310238,0.0107559,-16487.637207418913,70,-1,-0.0105757297793125,72.0,-0.019340824792413676,0.0314651199903956,2024-06-13,-0.054259148170366,-0.0315990086989349,Sell
150167931,-1,0.97580132,12.954823276,11189141066.785925,0.34946257,0.01158228,-45745.84378590103,74,-1,-0.054259148170366,70.0,-0.020441060796296144,0.030122436213035658,2024-06-14,0.0035116955607901,-0.007984662138138155,Sell
79707979,-1,1.04374516,6.920378392,11941905406.581636,0.36346874,0.0085545,8574.28475244515,74,1,0.0035116955607901,74.0,-0.008697862151566642,0.040848756800207345,2024-06-15,0.024653866154876,0.023185407533224605,Buy
64296518,-1,1.0411009,6.194832919,12090664619.728115,0.36253234,0.01075718,477.6278530768177,71,0,0.024653866154876,74.0,0.014547784815944258,0.010601722992067662,2024-06-16,0.0154777927321667,0.02022796576143357,Buy
171095837,-1,0.95162397,10.338006601,11178771658.1793,0.3461867,0.00823463,-25443.524332620145,71,1,0.0154777927321667,71.0,0.003068700374172926,0.029795255841576582,2024-06-17,-0.0309255577645239,-0.012592538947924645,Sell
194064086,-1,0.93712909,12.646141326,10965148242.24708,0.34260497,0.00504006,-13241.09685929038,74,-1,-0.0309255577645239,71.0,-0.007826673140107243,0.02320235832985039,2024-06-18,-0.0080322543879645,-0.014102698650263645,Sell
140172340,-1,1.03187697,10.509101413,11536472290.457596,0.35306767,0.00773894,-45588.10448193672,64,0,-0.0080322543879645,74.0,-0.005710149700436942,0.02645301100596665,2024-06-19,0.0218273630511776,0.019373568438985533,Buy
129101364,-1,0.97874995,13.090741178,11170199488.14516,0.34741718,0.0075599,-19925.23663702968,60,1,0.0218273630511776,64.0,2.8552646925156938e-05,0.019090540611398216,2024-06-20,-0.0137094507224376,-0.0036927130229320215,Sell
142087030,-1,0.95152994,7.320255552,11238525361.218462,0.35008267,0.00753087,-33867.72032404994,63,1,-0.0137094507224376,60.0,0.003322545716702957,0.017814128784126654,2024-06-21,0.0018497248213689,-0.00932562752928827,Sell
37371251,-1,0.94339668,4.202489746,11068577598.086172,0.34797007,0.00659183,-17810.275583981536,53,1,0.0018497248213689,63.0,-0.00604610555821371,0.007782192681517415,2024-06-22,-0.0062785907735724,-0.01087555438654704,Sell
54825667,-1,0.86521624,4.8639668,10984649394.414972,0.35156775,0.00882974,36774.133070538286,55,-1,-0.0062785907735724,53.0,-0.008694431343605575,0.011936855328405951,2024-06-23,-0.0216544280786132,-0.01666380494011683,Sell
227866510,-1,0.91888845,8.655594884,11045216554.715408,0.36085685,0.00733467,9383.696332465392,51,-1,-0.0216544280786132,55.0,-0.015878357972426243,0.008370757898787712,2024-06-24,-0.0197020550650931,-0.02514824696092468,Sell
100100411,-1,1.02490966,8.193988506,11001563921.064468,0.35510353,0.00698212,6629.781889535196,30,-1,-0.0197020550650931,51.0,-0.009571664661746176,0.01926190779949745,2024-06-25,0.0126414891584678,0.009299629474259774,Buy
69985372,-1,0.99675397,8.762019954,10974693781.118649,0.35739491,0.00843064,-22606.930669321504,46,-1,0.0126414891584678,30.0,-0.004623281403852376,0.016282203477232533,2024-06-26,-0.0068092783049318,-0.0038342841822770666,Sell
78474000,-1,1.03510748,10.351681411,11728298696.935871,0.37292816,0.01629016,-11596.449147321631,40,1,-0.0068092783049318,46.0,0.00961028285496369,0.01513337778056523,2024-06-27,0.0229986377113551,0.019150134340182923,Buy
96729828,-1,0.92768144,6.947772652,11847330526.561493,0.38554742,0.01137947,-11013.082777172329,47,-1,0.0229986377113551,40.0,-0.0015500463432721763,0.02238727732091758,2024-06-28,-0.0208394984362398,-0.01912036691500694,Sell
28436537,-1,0.98406762,3.960854809,11762372061.159204,0.38261514,0.01034003,-1938.028919815697,30,0,-0.0208394984362398,47.0,0.0005626755893717903,0.021937344497338647,2024-06-29,-0.0004711125069999,-0.00015309745883141732,Hold
51343831,-1,1.049623,4.989553691,11728136837.63529,0.3774764,0.01037574,-61402.22993181908,47,-1,-0.0004711125069999,30.0,-0.0013309237916172753,0.019093194271355307,2024-06-30,0.0173178395683879,0.014255556654534575,Buy
84176610,-1,0.98923536,8.367422567,11756105486.698256,0.37439734,0.01206009,62760.098781428416,53,-1,0.0173178395683879,47.0,0.006100255342045125,0.009762284515092366,2024-07-01,0.0014540389647474,-0.002660286518875367,Sell
43794430,-1,0.96167369,7.335160047,12033939563.8394,0.38419528,0.00921111,38844.092773380806,51,1,0.0014540389647474,53.0,0.004087645215715058,0.012129748634902304,2024-07-02,-0.0065089428859901,-0.005117545007612207,Sell
93205008,-1,0.88225354,11.58229908,11790289006.047235,0.39219025,0.00875412,-19139.675279899035,50,-1,-0.0065089428859901,51.0,-0.013794323143751043,0.01991681271590669,2024-07-03,-0.0363280655100104,-0.023717617477245267,Sell
160756827,-1,0.91784653,10.524328091,10892605897.496424,0.38948921,0.00525313,19706.382724308525,44,-1,-0.0363280655100104,50.0,-0.037929622784078944,0.03225129655389436,2024-07-04,-0.0709518599562363,-0.04582592048731148,Sell
239941496,-1,0.92019506,12.256693969,9904271310.351557,0.36291995,0.00635029,11676.794125522254,29,-1,-0.0709518599562363,44.0,-0.04410601182389231,0.02392468276242125,2024-07-05,-0.0250381100054302,-0.042497625141148035,Sell
53784030,-1,1.076411,4.148682898,10255434039.048088,0.36597478,0.00628507,-26544.85469671924,26,-1,-0.0250381100054302,29.0,-0.022468852779688544,0.04981735023149295,2024-07-06,0.0285834116226009,0.02350503138437547,Buy
61213028,-1,0.9472472,3.835146729,9724087234.493725,0.36332747,0.00493031,-4730.135922690562,29,-1,0.0285834116226009,26.0,-0.013654963516040739,0.03785301502753209,2024-07-07,-0.0445101921652929,-0.03038520392392102,Sell
175772293,-1,0.96775423,6.116703105,9639687580.72127,0.34918081,0.0083766,17841.569939867943,28,-1,-0.0445101921652929,29.0,0.004712217014912127,0.04263427950489746,2024-07-08,0.0300634315874284,-0.010415106533849272,Sell
82591139,-1,0.99903671,6.499424579,9952517410.245728,0.35354834,0.00609391,47879.30562791572,27,-1,0.0300634315874284,28.0,0.0004575140289525606,0.03958907365006982,2024-07-09,0.0158193026647222,-0.002046777903581431,Sell
80497222,-1,1.03118955,10.483314101,10156375223.298948,0.35617258,0.00861277,22772.532962049067,28,1,0.0158193026647222,27.0,0.019017005140024298,0.009845082690579926,2024-07-10,0.0111682811679223,0.01924403047646275,Buy
94547751,-1,1.00759074,8.128366671,10177435240.992804,0.35635741,0.00556068,36665.77007995965,29,-1,0.0111682811679223,28.0,0.00882807387709126,0.008409207733534657,2024-07-11,-0.0005033622013707,0.00634102568585305,Buy
61006118,-1,0.9786498,5.410629133,10341803177.064924,0.35394006,0.00599712,107102.23404727865,25,1,-0.0005033622013707,29.0,0.0073858958538642605,0.006834223988073245,2024-07-12,0.0114927685950412,-0.00492947524951229,Sell
35638273,-1,1.0151706,4.67655526,10544368247.661098,0.35652736,0.0051691,-40834.454427916615,25,1,0.0114927685950412,25.0,0.008111197084200194,0.0075176398762516515,2024-07-13,0.0133441848589301,0.007950871335557561,Buy
53660514,-1,1.02157181,5.512991048,10824743571.147844,0.35848524,0.00594664,-10589.306973674742,33,1,0.0133441848589301,25.0,0.01552200629141256,0.005454596485292417,2024-07-14,0.0217290654202664,0.011758707301837671,Buy
114435698,-1,1.08195044,11.785282101,11410266040.101242,0.35157447,0.00939613,11677.54075656738,52,1,0.0217290654202664,33.0,0.03633247265780035,0.03282420154839242,2024-07-15,0.0739241676942046,0.04344381925654263,Buy
128611296,-1,0.95683485,11.851543081,11102505867.351208,0.34700483,0.013348,23346.51903107669,65,-1,0.0739241676942046,52.0,0.02808588777387642,0.04301361754190344,2024-07-16,-0.0113955697928417,-0.013020123460119873,Sell
90884699,-1,0.9689404,13.639100702,11132964708.215628,0.35435868,0.01418813,-50879.58260694734,69,1,-0.0113955697928417,65.0,0.015237160380868855,0.050896678805424485,2024-07-17,-0.0168171167587563,-0.002247104439881498,Sell
71773845,-1,0.97809253,14.247390227,11253142530.886898,0.3546673,0.00953066,-23563.811402097344,61,1,-0.0168171167587563,69.0,-0.005508011174225877,0.015137444885538951,2024-07-18,0.0116886530289204,-0.003516211911341396,Sell
94077931,-1,1.00067381,9.837178121,11584469290.025356,0.35619407,0.01112112,26216.227042204584,60,1,0.0116886530289204,61.0,0.00590242610257349,0.020449880664993203,2024-07-19,0.0228357420375564,0.007242293917391859,Buy
43836884,-1,1.00159995,5.77854979,11560096520.03181,0.35423176,0.00625268,-14142.17524289951,74,1,0.0228357420375564,60.0,0.01276098557010409,0.00958369061232691,2024-07-20,0.0037585616438355,0.005991991505945659,Buy
71807452,-1,0.9769498,8.265816063,11402994588.06396,0.34763493,0.00587476,-4483.093512980558,74,1,0.0037585616438355,74.0,0.010580162183334957,0.010636296410793611,2024-07-21,0.005146182868613,0.0011648262181719379,Buy
68393883,-1,0.90520945,9.031808354,11309513998.591696,0.35300524,0.00836359,41487.17624519265,70,1,0.005146182868613,74.0,-0.006146567199249876,0.018371007754292547,2024-07-22,-0.0273444461101981,-0.01460096703008387,Sell
152396926,-1,0.97928433,7.637812599,11778160602.72963,0.36431179,0.0089376,473.5223928174237,71,1,-0.0273444461101981,70.0,-0.003226211053191709,0.0212098768891039,2024-07-23,0.01251963008201,0.002694430598353881,Buy
76116462,-1,0.89948752,6.971815906,11741824947.818428,0.37982607,0.00955266,-36815.16037458414,69,0,0.01251963008201,71.0,-0.019040284608786175,0.028335643366062865,2024-07-24,-0.0422960377981704,-0.030712661321878717,Sell
157801773,-1,0.92988409,7.344992288,10953203516.554008,0.37184973,0.01140545,44425.7646723371,68,1,-0.0422960377981704,69.0,-0.02603336303638624,0.033523619742159255,2024-07-25,-0.0483236813929983,-0.026749143876552098,Sell
81944142,-1,1.01421411,4.74624131,11203515746.665888,0.36817514,0.00947844,9841.889253127272,68,1,-0.0483236813929983,68.0,-0.019675867522208308,0.044501547958248365,2024-07-26,0.0315921166245438,0.018421320604262964,Buy
79231880,-1,0.93395507,7.253963365,10695238426.260786,0.35476706,0.01100839,997.3975838501938,72,-1,0.0315921166245438,68.0,-0.008134076733657276,0.03995991436077735,2024-07-27,-0.0076706654325173,-0.023053757750320467,Sell
39408528,-1,0.97950641,3.897418102,10921613317.454165,0.3596279,0.01510672,13235.77566244878,71,1,-0.0076706654325173,72.0,0.010078442931102325,0.01990026325973959,2024-07-28,0.0063138776012805,0.0043911051453595805,Buy
109566953,-1,1.00453018,5.010819848,11493008495.590704,0.37120384,0.01813422,47706.680297079496,74,0,0.0063138776012805,71.0,0.0043699360225672905,0.011195926333286574,2024-07-29,0.0144665958989387,0.013117405268435444,Buy
68902055,-1,0.92462162,10.684515755,11493143611.966717,0.37532893,0.01564363,14665.825720905326,67,0,0.0144665958989387,74.0,0.003046881593533491,0.013356320555343033,2024-07-30,-0.0116398287196187,-0.010056360917339614,Sell
78080082,-1,0.96271862,10.838316,11469144986.150003,0.37932803,0.02330767,6207.150802708929,61,1,-0.0116398287196187,67.0,-0.0037939333550016754,0.015866152680394287,2024-07-31,-0.014208567244325,-0.0069464598756328,Sell
106890882,-1,0.94158716,12.067074474,11228686315.7219,0.37429761,0.02017104,16430.276506081223,52,1,-0.014208567244325,61.0,-0.011731753528687076,0.002432154543728944,2024-08-01,-0.0093468646221175,-0.019403491803811724,Sell
128053202,-1,0.90038289,7.76580505,10873244110.464432,0.38838224,0.01337912,8755.75351799326,57,0,-0.0093468646221175,52.0,-0.030285575197794044,0.032148586310573345,2024-08-02,-0.0673012937269396,-0.038920176360962,Sell
98584491,-1,0.90097242,4.159665478,10263753132.2356,0.37784253,0.01237565,-9966.093649394228,37,0,-0.0673012937269396,57.0,-0.03497076095822218,0.02955356480013688,2024-08-03,-0.0282641245256094,-0.03328569732091887,Sell
142475543,-1,0.88696803,7.367613164,9347784698.068537,0.37120442,0.0066219,38049.28903918085,34,-1,-0.0282641245256094,37.0,-0.05645215036420307,0.0246262619767393,2024-08-04,-0.0737910328400602,-0.04818412996967673,Sell
525161924,-1,0.94484556,51.675447365,7113589597.009571,0.31854374,-0.01965162,-109108.2916903654,26,1,-0.0737910328400602,34.0,-0.06726785731027624,0.036185836937383094,2024-08-05,-0.0997484145651591,-0.05709837419813241,Sell
143631668,-1,1.00670943,7.016654008,7637738657.572156,0.33791068,0.00038086,-49997.19125220273,17,1,-0.0997484145651591,26.0,-0.052080871636113475,0.06146865696905522,2024-08-06,0.0172968324968789,-0.002658146571355724,Sell
132862906,-1,0.97306524,7.853472698,7477500896.296161,0.34822818,0.00075502,-17460.23292413808,29,0,0.0172968324968789,17.0,-0.04357361001010284,0.05866373860218115,2024-08-07,-0.0482692479620283,-0.04278445636961747,Sell
146995440,-1,1.07460085,9.544017531,8086885278.269646,0.33002391,0.00476646,-42307.568224426126,20,1,-0.0482692479620283,29.0,0.038068972812499324,0.09838292441441455,2024-08-08,0.1451793339026474,0.07246834330397725,Buy
87417178,-1,0.96858272,7.171894625,7679540290.584052,0.32380365,0.00698573,-30068.547940157587,48,-1,0.1451793339026474,20.0,0.021955401557488558,0.10706204482162587,2024-08-09,-0.0310438812681534,-0.0170355286080123,Sell
32381614,-1,1.00267906,3.497215639,7710807378.158586,0.32363386,0.00906305,2659.2126845015155,40,-1,-0.0310438812681534,48.0,0.03938553888521932,0.09328255275466933,2024-08-10,0.004021164021164,0.028269880211974942,Buy
68630020,-1,0.9662803,5.838186086,7702193613.004278,0.33017596,0.00418306,8919.253502982087,39,1,0.004021164021164,40.0,-0.015949674720328644,0.018034009716358337,2024-08-11,-0.0208263069139965,-0.013327937663447401,Sell
118522348,-1,1.00947485,8.237201577,8176097483.146033,0.33001333,0.00846561,34421.31402185338,25,-1,-0.0208263069139965,39.0,0.01612550363213869,0.04426317435686353,2024-08-12,0.0651816537892486,0.02219982362494265,Buy
92673801,-1,0.94312063,5.185641942,8017845368.705431,0.32700036,0.00621337,-53482.73907905712,31,1,0.0651816537892486,25.0,0.012395405464712591,0.04622143037774152,2024-08-13,-0.0071691304811143,-0.0237999434970345,Sell
85014613,-1,0.98563649,5.737955362,7960333637.893235,0.32918642,0.00475741,12789.328264448792,30,0,-0.0071691304811143,31.0,0.014269431713693425,0.04427393664684266,2024-08-14,-0.015204228167054,-0.0008551606406729154,Hold
103483855,-1,0.93918656,7.049822521,7673424763.812435,0.32863835,0.00765764,-58389.30183154723,29,-1,-0.015204228167054,30.0,-0.018950570341131276,0.014034767895458813,2024-08-15,-0.0344783523752255,-0.02669605097967576,Sell
67493795,-1,0.98903016,3.75119127,7751737405.479181,0.32858084,0.00524638,12827.39239250298,27,-1,-0.0344783523752255,29.0,-0.01361555463450291,0.021700792329981424,2024-08-16,0.0088359166387708,-0.0032287771966267175,Sell
19257825,-1,1.02712716,2.969767647,7808986005.88318,0.32853335,0.00415701,5443.897917171795,25,1,0.0088359166387708,27.0,-0.005712853973659342,0.024912205579334105,2024-08-17,0.0085038738154767,0.008800570193451849,Buy
40297904,-1,0.99385022,3.128636674,7776672110.732153,0.32763808,0.00545564,-3665.995591857354,31,-1,0.0085038738154767,25.0,0.005431778035722225,0.005611040183858783,2024-08-18,-0.0010444563470808,-0.0023561618869573277,Sell
49948975,-1,1.00587013,4.014073126,7804573977.054368,0.32748894,0.00157865,-37213.14452244144,28,-1,-0.0010444563470808,31.0,0.005666522558338658,0.005834928927712121,2024-08-19,0.0095401502066201,0.004976720136269902,Buy
71888884,-1,0.97361086,4.183134315,7791726613.80774,0.33416655,0.0042359,20369.16692044714,30,0,0.0095401502066201,28.0,-0.0053105512813869755,0.017380949429282876,2024-08-20,-0.0244273477037002,-0.012018180269296347,Sell
69443673,-1,0.96259586,5.286889834,7826326765.10092,0.32933301,0.00578993,-5646.561867806478,26,1,-0.0244273477037002,30.0,0.00258286789994819,0.02429069428673555,2024-08-21,0.0226358011969247,-0.00888501908942885,Sell
48991371,-1,0.98143031,3.472863954,7863777697.829579,0.33097518,0.00579342,29355.85149186221,39,1,0.0226358011969247,26.0,-0.0015402196622706428,0.023558033229290707,2024-08-22,-0.0028291124800364,-0.006075962145863819,Sell
104074026,-1,1.03985761,3.785422799,8451052169.062341,0.33820593,0.01080574,-283656.34499542706,34,1,-0.0028291124800364,39.0,0.02448942532980709,0.028290930197737315,2024-08-23,0.053661587272533,0.03072097961417147,Buy
60469254,-1,0.96998176,2.863759875,8422889855.023447,0.33634606,0.00672835,2728.5113578317105,56,1,0.053661587272533,34.0,0.01748099879478116,0.03141184210803918,2024-08-24,0.0016105215918469,-0.008339736655792235,Sell
33675021,-1,1.00015125,2.64745118,8401799375.233814,0.33793982,0.0089319,-140.51158369905897,54,-1,0.0016105215918469,56.0,0.01580196293511269,0.03312801721062351,2024-08-25,-0.0078662200590418,0.006097111113244844,Buy
52748291,-1,0.9138275,4.030959295,8343810218.196789,0.34260719,0.00696825,32239.595371539937,55,1,-0.0078662200590418,54.0,-0.010101228393751977,0.012974444451045064,2024-08-26,-0.024047986714061,-0.01604194593083692,Sell
109221204,-1,0.88172487,4.008537586,7709122505.224447,0.34465128,0.00433932,24295.82360359328,48,0,-0.024047986714061,55.0,-0.03839210882142191,0.03969194880082577,2024-08-27,-0.0832621196911629,-0.04193370663803051,Sell
100904628,-1,0.98014712,3.977486294,7719337610.22747,0.33576029,0.0008838,-51053.43896402675,30,-1,-0.0832621196911629,48.0,-0.026231145154791576,0.05597133716379658,2024-08-28,0.0286166709408492,-0.003224397258611783,Sell
54779959,-1,0.98126734,3.814669064,7807853971.69623,0.33958914,0.00442518,-16908.418663065124,29,1,0.0286166709408492,30.0,-0.018229660059341898,0.058114261625482604,2024-08-29,-4.35314277119625e-05,-0.017992398410753275,Sell
79644819,-1,1.0027132,3.352931737,7725919471.088631,0.33566867,0.0068722,66462.10359462968,34,-1,-4.35314277119625e-05,29.0,0.00923415768584707,0.016790842836166414,2024-08-30,-0.000870666455596,0.004046952160271478,Buy
21113468,-1,1.02080178,2.217898553,7738863065.098686,0.33557449,0.00639432,88004.75267886417,29,0,-0.000870666455596,34.0,-0.0020000506979586303,0.002704281504473993,2024-08-31,-0.0050859542105679,0.006438011633463732,Buy
63437340,-1,0.93593028,2.357411211,7451306561.333284,0.33477428,0.00494255,103379.80327364655,26,-1,-0.0050859542105679,29.0,-0.013573696202987007,0.018472378512548245,2024-09-01,-0.0347644679427971,-0.02100969049176326,Sell
60322378,-1,1.06264568,6.337719825,7923144017.533679,0.33939077,0.00677308,25574.09071718005,26,-1,-0.0347644679427971,26.0,0.0021290198306268917,0.04098012746536173,2024-09-02,0.0462374816452457,0.026835477262934056,Buy
59898365,-1,0.95021559,4.586226303,7698629461.621419,0.34733965,0.00813751,-47736.620100378175,26,-1,0.0462374816452457,26.0,-0.011037113787967207,0.049843675700217874,2024-09-03,-0.0445843550663502,-0.031084169566022956,Sell
100733975,-1,0.98573969,7.372142345,7608387569.812011,0.33898425,0.00434702,30643.01991329284,27,0,-0.0445843550663502,26.0,0.004121709354793657,0.045768170912686076,2024-09-04,0.0107120014854855,0.0019696789803012125,Buy
73852664,-1,0.94136248,7.697793202,7568050774.027391,0.348263,0.00496005,83593.81556162034,29,-1,0.0107120014854855,27.0,-0.02253158673374481,0.029297569852772667,2024-09-05,-0.0337224066203697,-0.03153374865493709,Sell
182888225,-1,0.90880938,10.716003869,7282338955.761004,0.35657919,0.00714904,20118.58670875116,22,-1,-0.0337224066203697,29.0,-0.027905529239397476,0.03606267184735446,2024-09-06,-0.0607061825833082,-0.0390799217109449,Sell
44856597,-1,0.98154983,4.131274307,7488124393.83114,0.3593211,0.00395368,1651.7984282296966,23,-1,-0.0607061825833082,22.0,-0.02415468723771931,0.04215765074890436,2024-09-07,0.02196452749052,-0.006498074064673087,Sell
48609517,-1,1.01548233,2.861727001,7540678822.488884,0.35805279,0.00425234,10558.654089627673,29,1,0.02196452749052,23.0,-0.00938829479166471,0.04480585292822219,2024-09-08,0.0105767707177941,0.011695947900652984,Buy
75194965,-1,1.03627422,7.578194225,7655335869.275946,0.35184508,0.00449758,47321.64548514446,26,1,0.0105767707177941,29.0,0.01991508314834516,0.008500938159168563,2024-09-09,0.0272039512367214,0.022134128359643998,Buy
50709240,-1,0.99903637,8.632845891,7644490973.50324,0.35237544,0.00645968,-128696.28570943011,33,1,0.0272039512367214,26.0,0.016713511514430623,0.009128625512840667,2024-09-10,0.0123598125887764,0.0023069547291219693,Buy
91827991,-1,0.95445495,5.411321308,7569296970.220804,0.35074918,0.00649547,47097.49553136039,37,-1,0.0123598125887764,33.0,0.006524326033081826,0.024132456915062356,2024-09-11,-0.0199907857262523,-0.01658988455301113,Sell
54167466,-1,0.99432442,6.614454081,7670407358.166181,0.34627371,0.00777793,146919.85521616292,31,-1,-0.0199907857262523,37.0,0.00042944193264499164,0.017767908058650188,2024-09-12,0.0089192989354109,0.0012647049425067523,Buy
68110634,0,1.0903721,5.724035813,7994959536.457594,0.34960639,0.00708724,-89746.67268059764,32,1,0.0089192989354109,31.0,0.007447254995381225,0.026732433305496774,2024-09-13,0.0334132517769851,0.024674014456089917,Buy
31593726,0,0.88162783,3.898855225,7917052527.981235,0.34881724,0.00838507,22956.554213681608,50,1,0.0334132517769851,32.0,0.011058462297267058,0.02136567541535261,2024-09-14,-0.0091571638205948,-0.012892602251912511,Sell
47248437,0,0.88132747,3.924347692,7574102680.09491,0.34759638,0.00673927,28109.05045438925,51,0,-0.0091571638205948,50.0,-0.0060351915796235086,0.03798380508616919,2024-09-15,-0.0423616626952608,-0.023562928318839094,Sell
81474432,0,0.99352425,11.760153151,7719418214.41353,0.35553385,0.00515944,57681.77263662347,39,-1,-0.0423616626952608,51.0,-0.02004998115453411,0.019324273109465478,2024-09-16,-0.0086311169477467,-0.0016252309191276137,Sell
74405397,0,1.00565927,12.374310175,7790549421.046746,0.35134328,0.0130423,12269.718230398605,33,1,-0.0086311169477467,39.0,-0.010301586126154809,0.031258336602046764,2024-09-17,0.0200880212645431,0.007226200587528357,Buy
66685906,0,0.98953959,12.498574776,7775967916.207768,0.34532517,0.01127028,22636.3286685996,45,0,0.0200880212645431,33.0,0.008543444824949458,0.015164754401320407,2024-09-18,0.014173430158052,-0.0021773848887242328,Sell
85955660,0,1.034282,20.854605871,8372655217.044706,0.35334158,0.01246762,134686.56509216898,49,1,0.014173430158052,45.0,0.024143473078213257,0.012501258892039699,2024-09-19,0.0381689678120447,0.023867335243948296,Buy
83002547,0,1.02381001,20.278518564,8572862778.12954,0.34972566,0.01381234,-56161.69971092814,54,0,0.0381689678120447,49.0,0.030335597549049825,0.01399903936081419,2024-09-20,0.0386643946770528,0.026035686771247388,Buy
45394444,0,1.03128915,17.446122954,8854074775.3914,0.35389441,0.01003695,11408.771202248929,54,1,0.0386643946770528,54.0,0.03244418724637562,0.010347628502187916,2024-09-21,0.0204991992500294,0.023703411599410498,Buy
51680699,0,0.97723541,14.996005909,8454268586.74365,0.34111549,0.0095503,25237.17932439025,52,1,0.0204991992500294,54.0,0.015566939222533126,0.025917991699349798,2024-09-22,-0.0124627762594828,-0.0024958113010420556,Sell
90982098,0,1.01210144,26.508000498,8858412795.941319,0.35060171,0.00931459,-50747.15212807676,50,1,-0.0124627762594828,52.0,0.011125770606955259,0.020571221328608183,2024-09-23,0.0253408888303192,0.016336203231736145,Buy
81532487,0,0.96771274,27.533718846,8900789397.68908,0.34971819,0.00890652,33128.54797689605,54,1,0.0253408888303192,50.0,0.005124336457610759,0.01903850672275458,2024-09-24,0.0024948968019959,-0.006842611848816767,Sell
61340076,0,0.93587365,26.228093948,8866893640.99708,0.35883412,0.01081261,6806.408338508569,59,0,0.0024948968019959,54.0,2.6458458634958753e-05,0.026634576840408625,2024-09-25,-0.0277564102564102,-0.014387588833822598,Sell
76916212,0,1.00127317,24.870875017,8882854088.61131,0.35333248,0.00852093,-15276.178342714207,50,1,-0.0277564102564102,59.0,-0.0016178097799695416,0.024344206622387704,2024-09-26,0.0204080841145057,0.008571896751399006,Buy
75438825,0,1.0129602,18.270065484,9219988422.848164,0.35772227,0.00484715,-4976.462989575113,61,1,0.0204080841145057,50.0,0.005534817482942291,0.02888547382383616,2024-09-27,0.0239527785907314,0.014162544712646594,Buy
48588067,0,0.95564224,9.530104313,9165025308.080956,0.358715,0.00691643,-25382.333458379377,64,1,0.0239527785907314,61.0,0.01236555086045686,0.017092011349127346,2024-09-28,-0.0072642101238665,-0.0077195770236689444,Sell
42197969,0,0.94437463,10.414202133,9111820160.93285,0.35937977,0.0076899,-671.4066414012341,63,1,-0.0072642101238665,64.0,0.0033879622829645246,0.0178134914582152,2024-09-29,-0.0065246816179713,-0.007791206895025082,Sell
74919871,0,0.94599893,14.737841011,9267956417.314943,0.37388471,0.00901385,-14598.191750029337,61,0,-0.0065246816179713,63.0,-0.011634283555196842,0.008217962607767304,2024-09-30,-0.0211139589237527,-0.014727809534403287,Sell
145625435,0,0.92052828,22.450165618,8642346832.754719,0.37014873,0.01352946,22970.33476218104,50,1,-0.0211139589237527,61.0,-0.029018768632437044,0.027318152290460685,2024-10-01,-0.0594176653555871,-0.030114220229673555,Sell
82526490,0,0.97318968,14.912598609,8278991605.311924,0.36606632,0.00563493,37578.52073724172,42,-1,-0.0594176653555871,50.0,-0.03828531656948164,0.01945663305185766,2024-10-02,-0.0343243254291051,-0.022975738086930965,Sell
74048945,0,0.98413398,10.775795193,8237248079.70637,0.36661047,0.00599958,13197.928081639113,37,0,-0.0343243254291051,42.0,-0.03326787434103131,0.026693700271349836,2024-10-03,-0.0060616322384017,-0.013809820501111634,Sell
58076620,0,1.02109239,9.240179421,8355205995.622332,0.36190754,0.00653698,-55506.85870131548,41,1,-0.0060616322384017,37.0,-0.004189161567453609,0.031113686022027444,2024-10-04,0.027818472965146,0.012631249021633218,Buy
21089378,0,0.93879757,8.622349572,8351930082.519671,0.36133096,0.0103875,15393.55751938693,49,1,0.027818472965146,41.0,0.007314433221447526,0.018029736414997305,2024-10-05,0.0001864589375983,-0.01094551110986832,Sell
26075703,0,1.03459536,11.85699635,8433701154.808338,0.36132078,0.0122861,-5428.254843241128,50,0,0.0001864589375983,49.0,0.012796943316477691,0.013972898921640437,2024-10-06,0.0103858980466888,0.01538644958163529,Buy
84734375,0,0.99238565,26.92153446,8113032016.756504,0.35003317,0.01204243,-3737.541489730123,50,1,0.0103858980466888,50.0,0.001081781129368425,0.008890332450889797,2024-10-07,-0.0073270135961818,-0.0007976159464602532,Hold
48145037,0,1.01624183,37.055653325,8378302804.385283,0.35839666,0.01009971,21897.96305694047,49,1,-0.0073270135961818,50.0,0.003445572816050825,0.009457879204134798,2024-10-08,0.0072778339976455,0.008655686422568065,Buy
56617078,0,0.91720189,27.454198159,8497961324.419593,0.3726851,0.01037587,41404.14355607628,49,0,0.0072778339976455,49.0,-0.009753941398598776,0.018365898860113618,2024-10-09,-0.02921264459726,-0.016658941983440614,Sell
71057976,0,0.96137996,17.313253382,8568260796.806607,0.37378423,0.01134832,-8687.812817068654,39,1,-0.02921264459726,49.0,-0.005096824919546408,0.020887314308561212,2024-10-10,0.0066443358409753,-0.0059352040064190245,Sell
50234746,0,1.05153308,23.926852862,8474894413.641726,0.36299831,0.01034062,-48770.35214807151,32,-1,0.0066443358409753,39.0,0.00010156113512765792,0.026652097755793098,2024-10-11,0.0228729921616677,0.016452132879752446,Buy
24523928,0,1.04893638,18.014491508,8605976118.107817,0.3633664,0.00850335,-3041.4522996233427,49,0,0.0228729921616677,32.0,0.014945078011954391,0.008120749475502367,2024-10-12,0.0153179060332202,0.01782816465601489,Buy
27448028,0,0.94535615,15.474154149,8480695880.028516,0.35956204,0.01078874,-10511.63118285386,50,1,0.0153179060332202,49.0,0.01167845179633336,0.013390495827119821,2024-10-13,-0.0031555428058878,-0.009458327549055961,Sell
95438517,0,1.11785525,24.807943963,9742614222.886871,0.38581667,0.01738783,31947.65029869008,48,-1,-0.0031555428058878,50.0,0.025914259424242626,0.03557203964244851,2024-10-14,0.0655804150453955,0.04235808434559674,Buy
111782257,0,0.94473333,20.847953152,9279392661.360022,0.37093024,0.01251898,1076.401971056126,65,1,0.0655804150453955,48.0,0.017954227097459828,0.0413339847446368,2024-10-15,-0.0085621909471282,-0.015186613876944942,Sell
53707595,0,1.01664221,17.124047413,9425379746.69889,0.3758029,0.0111346,21325.44346852624,73,0,-0.0085621909471282,65.0,0.019434492482213395,0.04026571328926948,2024-10-16,0.0012852533483729,0.02280573237241536,Buy
48859459,0,0.96293047,22.997540304,9429881731.555063,0.37642837,0.011294,-1012.99888249801,71,-1,0.0012852533483729,73.0,-0.003172818106695638,0.004989341789358142,2024-10-17,-0.0022415167213316,-0.006387116383926703,Sell
64992254,0,1.01182891,27.003396509,9671226743.953487,0.37839681,0.00888983,73342.76311446284,73,1,-0.0022415167213316,71.0,0.004386844770198762,0.008608920638107875,2024-10-18,0.014116797683555,0.011102915136331472,Buy
18098317,0,0.92217522,14.969141624,9724685586.791067,0.37906678,0.00622607,28588.79069853018,72,1,0.014116797683555,73.0,0.004770065095268529,0.008425456034373592,2024-10-19,0.0024349143235822,-0.00901214034128316,Sell
50281781,0,1.07050068,11.186653617,10321626786.753489,0.38718795,0.01129084,15755.8107087831,73,1,0.0024349143235822,72.0,0.018113031098634932,0.018011847247353236,2024-10-20,0.0377873812887676,0.029472534571683025,Buy
68680458,0,0.8803166,11.426175036,10069001814.568647,0.39020654,0.01726919,-28520.620038247667,72,0,0.0377873812887676,73.0,0.0035271047995607285,0.033727446945578575,2024-10-21,-0.0296409812136676,-0.017651832273115994,Sell
72899429,0,0.9095783,13.313277417,9845610570.01769,0.38821114,0.00977952,-4006.79828496906,70,0,-0.0296409812136676,72.0,-0.0028989000852533363,0.03581168186230766,2024-10-22,-0.01684310033086,-0.01466503094077801,Sell
49226505,0,0.90858608,14.533212749,9561318387.713362,0.39156906,0.00932564,3359.740882720449,71,1,-0.01684310033086,70.0,-0.02692596883978177,0.00903661533941606,2024-10-23,-0.0342938249748177,-0.020687743303503203,Sell
72141652,0,1.06198145,13.019189706,10027441807.561407,0.40671492,0.0140465,-8886.082129752613,72,1,-0.0342938249748177,71.0,-0.012445352028008803,0.024347074671598416,2024-10-28,0.0138008692216513,0.017064856887341762,Buy
82280815,0,0.97823271,14.830679383,10229086906.881186,0.39974168,0.01416614,64833.47044422687,72,1,0.0138008692216513,72.0,0.0026509569687244946,0.032822345730155245,2024-10-29,0.0284458266593399,-0.000663658889748325,Hold
92414783,0,0.95442347,16.87739464,10429752915.449903,0.4040711,0.01628592,-79277.8046468012,77,1,0.0284458266593399,72.0,0.01658325510616276,0.010745046459695389,2024-10-30,0.0075030694374971,-0.004592874559041917,Sell
83777815,0,0.84415992,13.038349318,10376834750.22589,0.42629042,0.00884719,-33873.6169810819,77,1,0.0075030694374971,77.0,-0.006010655624939504,0.04284279828254051,2024-10-31,-0.0539808629716555,-0.02361694198265284,Sell
89642556,0,0.94916369,11.135953998,9951482906.379583,0.40748344,0.00819722,55236.25404508412,75,1,-0.0539808629716555,77.0,-0.016198969770079903,0.03307189444970682,2024-11-01,-0.0021191157760813,-0.01314572365608101,Sell
24742365,0,0.88495371,7.707818443,9940913615.1973,0.40911309,0.005083,26714.512565888406,72,1,-0.0021191157760813,75.0,-0.020976339233981834,0.028679605723387507,2024-11-02,-0.0068290389542087,-0.023922046705362684,Sell
66023434,0,0.98975705,7.416499173,9852908269.771912,0.41011435,0.00646224,21508.30278312706,74,1,-0.0068290389542087,72.0,-0.00786759011750647,0.006331953133693039,2024-11-03,-0.0146546156222294,-0.0010820427886467972,Sell
60887708,0,0.97753863,8.500719274,9684815491.775831,0.41241638,0.00985692,19251.98426862305,70,1,-0.0146546156222294,74.0,-0.015386661288527904,0.008946136664395504,2024-11-04,-0.0246763292891456,-0.004304434918353729,Sell
63208146,0,1.02365268,9.684216303,9581306678.630554,0.40060238,0.00681704,110933.97078760562,70,1,-0.0246763292891456,70.0,-0.009577434413546136,0.01817729960209953,2024-11-05,0.0105986416707366,0.012376534635270404,Buy
205710095,0,1.04862866,25.175772946,11000989616.904123,0.40848663,0.01116293,51737.02746257908,70,1,0.0105986416707366,70.0,0.03700129697196786,0.07829229140938196,2024-11-06,0.1250815785343126,0.07227115157725753,Buy
167725746,0,0.97620167,20.750104459,12175218228.888351,0.42462919,0.01788267,-69292.0570751701,77,1,0.1250815785343126,70.0,0.06651807325482939,0.05728725034863679,2024-11-07,0.063873999559439,0.012385916377038815,Buy
128911408,0,0.99795182,16.92868314,12524306381.65817,0.43016721,0.01834088,-69847.6863506072,75,1,0.063873999559439,77.0,0.070555355604234,0.051511555950526686,2024-11-08,0.0227104887189504,0.032850228956650095,Buy
129909777,0,1.00053039,12.208215584,13042664934.772083,0.42441111,0.02091028,21495.3038787162,75,1,0.0227104887189504,75.0,0.04733008767710237,0.021737552702377365,2024-11-09,0.0554057747529177,0.02793007216594372,Buy
225665727,0,0.94875455,20.779683794,12765861155.729977,0.40252519,0.02887775,137765.98074938718,78,1,0.0554057747529177,75.0,0.032426651376283165,0.01997936504226418,2024-11-10,0.0191636906569814,0.0054138613934031354,Buy
263910134,0,0.97782546,29.962313387,13334093008.647812,0.39542048,0.02535939,32581.6668244896,76,1,0.0191636906569814,78.0,0.04473270132362713,0.022243850263357227,2024-11-11,0.0596286385609823,0.01831421466823371,Buy
371713662,0,0.95223501,33.34061201,12711632862.91142,0.39188541,0.04339458,-32589.73996200622,80,1,0.0596286385609823,76.0,0.013473771226103137,0.049246973900012626,2024-11-12,-0.0383710155396543,-0.008553054165266498,Sell
289063190,0,0.91971035,51.653811463,12378180599.820148,0.38869824,0.02457848,4344.008503958816,84,1,-0.0383710155396543,80.0,0.0012354546208031003,0.05163030613837187,2024-11-13,-0.0175512591589187,-0.013350119591926451,Sell
200650832,0,0.92666059,34.612821835,12199488501.475985,0.39813414,0.03218905,21902.057079472463,88,1,-0.0175512591589187,84.0,-0.032342021189100734,0.012881847444839983,2024-11-14,-0.0411037888687292,-0.0310942703494446,Sell
158592577,0,0.96622607,22.577680444,12502943697.656963,0.40277884,0.02362547,85712.0807780677,80,0,-0.0411037888687292,88.0,-0.015937327214153633,0.026011007764686497,2024-11-15,0.010843066385187,-0.01141629674355711,Sell
113544503,0,0.93432517,15.677183132,12715740192.406128,0.40425349,0.0281176,38099.68636897742,86,1,0.010843066385187,80.0,-0.005487571316230466,0.030879914755989155,2024-11-16,0.0137980085348508,-0.01664566732823176,Sell
117116293,0,0.90336275,13.121945711,12501776155.67085,0.40361249,0.02746845,27376.68945593032,90,1,0.0137980085348508,86.0,0.0021462825979999683,0.017684154115165256,2024-11-17,-0.0182022271260379,-0.00975877861709907,Sell
146657097,0,0.99070744,17.39508191,13456688896.83022,0.41119525,0.03836969,116486.02806876926,83,0,-0.0182022271260379,90.0,0.013027834632698134,0.03085218544552127,2024-11-18,0.0434877224892815,0.014178198239441307,Buy
117835311,0,0.87500826,18.168529385,12876676575.966743,0.40685753,0.03830113,-15703.747850927408,90,1,0.0434877224892815,83.0,-0.0018941076275085327,0.039816742178648126,2024-11-19,-0.0309678182457692,-0.017145132125648943,Sell
122205397,0,0.91625586,15.569818899,13097262994.066996,0.42005784,0.02747243,61283.53297162778,83,1,-0.0309678182457692,90.0,-0.00011060796062969946,0.038828584751791635,2024-11-20,-0.0128517281254014,-0.009249173686226192,Sell
253575634,0,0.99925923,19.788689829,14838070936.2623,0.44344932,0.03328793,93728.61561594158,82,1,-0.0128517281254014,83.0,0.016816858951944836,0.06768533290498817,2024-11-21,0.0942701232270051,0.024334990517433052,Buy
192176658,0,0.89341404,15.119706693,14649353721.805525,0.44126065,0.03575972,-29150.55823099031,94,1,0.0942701232270051,82.0,0.024190621277982636,0.06072365968495818,2024-11-22,-0.0088465312676558,-0.011168699758701262,Sell
180297900,0,0.95651821,16.147451017,14560875837.018934,0.42951854,0.03828661,-48257.033829843975,93,0,-0.0088465312676558,94.0,0.03517889939339714,0.05318359428885455,2024-11-23,0.0201131062208421,0.0060196442618908885,Buy
147163438,0,0.90333944,11.388793891,14483494249.990456,0.43235007,0.0345111,-23772.775300276466,80,1,0.0201131062208421,93.0,0.0005233526646133008,0.016970546609180223,2024-11-24,-0.0096965169593464,-0.01052923991565162,Sell
336699986,0,0.96347368,15.590458925,14782300300.238407,0.42983538,0.0362749,114465.7505514333,82,1,-0.0096965169593464,80.0,0.008419898085373467,0.015909009987598324,2024-11-25,0.0148431049946247,0.0018992048252261654,Buy
216778661,0,0.87984954,13.426702331,14497438759.008549,0.43268112,0.0262405,10006.025271594524,79,1,0.0148431049946247,82.0,-0.0071767411297599,0.020874333942368293,2024-11-26,-0.026676811424558,-0.01914803473459837,Sell
236037344,0,0.99424125,17.284288408,17271394180.32801,0.46585385,0.03229464,46031.14901830303,75,0,-0.026676811424558,79.0,0.029404398731001934,0.0646045538793958,2024-11-27,0.1000469026229391,0.019997658690023314,Buy
191686339,0,0.88999417,12.590901697,16738123111.994596,0.46116495,0.02628601,13284.01452259929,77,1,0.1000469026229391,75.0,0.017457134367974633,0.07158116118396318,2024-11-28,-0.0209986880944572,-0.016992107957103285,Sell
146689067,0,0.96643614,12.489713592,16443444004.196457,0.45271207,0.03094409,-36268.35126625025,78,0,-0.0209986880944572,77.0,0.027544278055054102,0.06398091654294052,2024-11-29,0.0035846196366804,0.01177925761068948,Buy
166335895,0,0.98422775,12.053616991,17347491771.9366,0.46515993,0.02744465,-25785.79999449791,84,1,0.0035846196366804,78.0,0.004669670308704269,0.02622772250137466,2024-11-30,0.0314230793838896,0.007576217931814605,Buy
118197698,0,0.93597278,16.031439336,17396887859.408516,0.46689367,0.02677281,-18160.92835761245,81,1,0.0314230793838896,84.0,0.012157397051551937,0.016718212283456962,2024-12-01,0.0014644921340858,-0.008234805634432288,Sell
258871671,0,0.89827073,30.241773826,16860000509.6696,0.46271185,0.04026755,-59870.55929487501,80,0,0.0014644921340858,81.0,0.005105940119981569,0.024698572199680347,2024-12-02,-0.0175697511580307,-0.009479918337884391,Sell
189824308,0,0.85828628,29.529962557,16931926505.85581,0.47037938,0.0335083,-53850.416975233005,76,-1,-0.0175697511580307,80.0,-0.008051197629084931,0.00951712196920579,2024-12-03,-0.0080483338633099,-0.016077585035152463,Sell
295850851,0,0.97475225,28.878213625,18481756274.427246,0.48638461,0.02978846,-6612.405589132337,78,1,-0.0080483338633099,76.0,0.012379409858488302,0.04388665793934613,2024-12-04,0.0627563145968055,0.008168649796942939,Buy
318006505,0,0.92646852,25.555541675,17681224015.618603,0.47150885,0.0484914,24858.55936911865,84,-1,0.0627563145968055,78.0,0.013600501204118301,0.04267083258304012,2024-12-05,-0.0139064771211407,-0.015463888970865092,Sell
277444880,0,1.00341261,24.242699086,19448889259.47805,0.48897586,0.03258551,-17785.158526849,72,1,-0.0139064771211407,84.0,0.0352695694747558,0.04268624201443446,2024-12-06,0.0569588709486026,0.03335332260592806,Buy
94298527,0,0.9741738,15.168739621,19195484606.321407,0.48419644,0.03656297,-13167.50241836242,75,1,0.0569588709486026,72.0,0.013917520577612036,0.03780410369291834,2024-12-07,-0.0012998320946258,0.002144660956987196,Buy
115945130,0,0.88697496,12.184030924,19281282257.126102,0.48701805,0.03505695,-13267.088902191666,79,0,-0.0012998320946258,75.0,0.019110095139684303,0.03281164731883879,2024-12-08,0.0016712465650761,-0.002505228728758632,Sell
415535205,0,0.8509768,31.744871529,17540812158.316734,0.47817128,0.03098994,-13070.379123597872,78,1,0.0016712465650761,79.0,-0.024370191803022166,0.04255799995101181,2024-12-09,-0.0734819898795168,-0.03917351740781164,Sell
333865126,0,0.91853579,29.43714179,16721238230.293076,0.46248622,0.02181382,-15881.891372470418,78,-1,-0.0734819898795168,78.0,-0.03135269619074777,0.03839508821103665,2024-12-10,-0.0222473452578026,-0.044134931051234186,Sell
211392030,0,1.02868329,21.735605737,17608494047.873325,0.46543093,0.01529508,-102858.73686683038,74,1,-0.0222473452578026,78.0,-0.013281139829754334,0.06514835665602971,2024-12-11,0.0558859156480564,0.02672218298922987,Buy
262117053,0,1.01134385,23.025355646,18589824673.46356,0.48536814,0.01644027,-4582.234242175939,83,1,0.0558859156480564,74.0,0.015350625999441966,0.03914936135424144,2024-12-12,0.0124133076080721,0.02255527422467817,Buy
154448196,0,0.976369,17.093997447,18969527036.55912,0.49077559,0.01289913,30915.097180297133,76,1,0.0124133076080721,83.0,0.0248816053264331,0.02702137551774072,2024-12-13,0.0063455927231708,0.005959163214790339,Buy
104365389,0,0.87076989,10.991588536,19382792579.17213,0.50580244,0.0114551,25956.25691277481,83,1,0.0063455927231708,76.0,0.003070320770743,0.011341059568888383,2024-12-14,-0.0095479380190139,-0.011033129372883145,Sell
115237631,0,1.03213615,10.197447224,19976809583.763138,0.51061398,0.01533827,9876.07599068078,80,1,-0.0095479380190139,83.0,0.006757876130407699,0.01651581573215988,2024-12-15,0.0234759736870662,0.01765790493762668,Buy
245887552,0,0.99130302,18.852343249,20587226822.330803,0.51761421,0.02791947,69274.09087708057,83,1,0.0234759736870662,80.0,0.006914717332145866,0.016512176649709286,2024-12-16,0.0068161163283853,0.007431881023488423,Buy
210722930,0,0.87873533,19.687670212,20387344641.5202,0.53639288,0.02237966,-93685.62775110686,87,1,0.0068161163283853,83.0,0.0022400175015984,0.023855488881380095,2024-12-17,-0.0235720375106563,-0.013379657277151754,Sell
337482783,-1,0.89864952,20.811104673,19433937845.32891,0.54724554,0.01418708,-60896.175424968125,81,-1,-0.0235720375106563,87.0,-0.028491225878277463,0.03800645070207377,2024-12-18,-0.0687177564525614,-0.04592592106018212,Sell
427171785,-1,0.88625345,24.265193363,18385253238.574806,0.54824672,0.01423951,-10544.609496799298,75,0,-0.0687177564525614,81.0,-0.050200256429048205,0.023640469653523698,2024-12-19,-0.0583109753239269,-0.040648941239045236,Sell
483284825,-1,0.94825126,23.134964258,17760723139.017906,0.52338972,0.01623103,-37814.60553435609,74,-1,-0.0583109753239269,75.0,-0.037034165950686,0.04615927035346191,2024-12-20,0.0159262339244303,-0.04518248296219777,Sell
172213838,-1,0.96961901,10.125865201,17290779501.81907,0.52815578,0.0076746,52807.27805934986,73,-1,0.0159262339244303,74.0,-0.026852426243952534,0.038391398718157214,2024-12-21,-0.038172537332361,-0.02033554163471735,Sell
125051741,-1,0.92853689,8.181341711,17284388119.316936,0.53732872,0.01259582,-6508.417444612132,73,-1,-0.038172537332361,73.0,-0.013261880603194132,0.027301863430668018,2024-12-22,-0.0175393384016517,-0.019436659467974186,Sell
188094273,-1,1.02410058,12.01077517,18006954971.707104,0.53184328,0.01536289,107559.2260363188,70,0,-0.0175393384016517,73.0,-0.004390532886487067,0.04193218235708578,2024-12-23,0.0425402770745515,0.028821253202260633,Buy
129386827,-1,0.97515533,8.762799492,18263316945.06629,0.53576652,0.0096659,-45008.218611899065,73,-1,0.0425402770745515,70.0,0.015360151900604732,0.0304454167658337,2024-12-24,0.0210795170289144,-0.004467057865208461,Sell
97135776,-1,0.9534383,6.934566458,18211803127.12708,0.53341949,0.00770502,-58903.44547348231,73,1,0.0210795170289144,73.0,0.021547566384602933,0.020762643078342937,2024-12-25,0.0010229050503429,-0.002023349411670208,Sell
127999745,-1,0.94259,8.237484329,17821475552.69248,0.54572192,0.01344722,17155.263835227,79,-1,0.0010229050503429,73.0,-0.008162695644286335,0.0347575826430626,2024-12-26,-0.0465905090121163,-0.023272715996733903,Sell
143845940,-1,1.01494577,7.709954526,18027046957.99274,0.55262276,0.01560198,-18679.89699060272,74,-1,-0.0465905090121163,79.0,-0.01535032087129777,0.027065277088746856,2024-12-27,-0.0004833586521199,0.011893173465075202,Buy
56395169,-1,1.08482431,5.991375291,18578831623.85718,0.55730277,0.01039952,10820.141535335715,72,0,-0.0004833586521199,74.0,-0.008726757670261901,0.03448900234010072,2024-12-28,0.0208935946534505,0.02039779162396572,Buy
51432281,-1,0.92800086,5.790899606,18227719395.657032,0.56015226,0.00827462,-101576.0217255588,73,-1,0.0208935946534505,72.0,0.0020527296537791,0.01770954094358396,2024-12-29,-0.0142520470399933,-0.010841450599263914,Sell
137542744,-1,0.96559236,8.431892612,18399385873.79102,0.56167039,0.01564284,113433.5909609904,65,0,-0.0142520470399933,73.0,0.0027421490639042002,0.017601376431688926,2024-12-30,0.0015848995782554,-0.002677323753965045,Sell
101186692,-1,1.01480877,11.362909495,18483375303.835777,0.56690635,0.01146177,-34682.87975953019,64,0,0.0015848995782554,65.0,-0.006586533220728633,0.007930585417095543,2024-12-31,-0.007092452200448,0.007705888786123053,Buy
