Datetime,Taker Buy Sell Ratio
2025-05-06T00:00:00Z,0.93918532
2025-05-05T00:00:00Z,0.97794346
2025-05-04T00:00:00Z,0.95453648
2025-05-03T00:00:00Z,0.95057161
2025-05-02T00:00:00Z,0.99110126
2025-05-01T00:00:00Z,1.04076132
2025-04-30T00:00:00Z,0.97862686
2025-04-29T00:00:00Z,0.99873562
2025-04-28T00:00:00Z,0.98155681
2025-04-27T00:00:00Z,0.95951964
2025-04-26T00:00:00Z,0.96306884
2025-04-25T00:00:00Z,0.97570077
2025-04-24T00:00:00Z,0.95878129
2025-04-23T00:00:00Z,0.999499
2025-04-22T00:00:00Z,1.06808953
2025-04-21T00:00:00Z,1.00710937
2025-04-20T00:00:00Z,0.93738815
2025-04-19T00:00:00Z,1.061746
2025-04-18T00:00:00Z,0.9971099
2025-04-17T00:00:00Z,0.99048164
2025-04-16T00:00:00Z,1.02173923
2025-04-15T00:00:00Z,0.96173281
2025-04-14T00:00:00Z,0.98318878
2025-04-13T00:00:00Z,1.01293277
2025-04-12T00:00:00Z,1.04837405
2025-04-11T00:00:00Z,1.03484543
2025-04-10T00:00:00Z,0.96790103
2025-04-09T00:00:00Z,1.0281548
2025-04-08T00:00:00Z,0.96929364
2025-04-07T00:00:00Z,0.98949886
2025-04-06T00:00:00Z,0.91844992
2025-04-05T00:00:00Z,0.97206081
2025-04-04T00:00:00Z,0.97233697
2025-04-03T00:00:00Z,1.00589435
2025-04-02T00:00:00Z,0.99486924
2025-04-01T00:00:00Z,1.07310466
2025-03-31T00:00:00Z,1.06379697
2025-03-30T00:00:00Z,0.98760744
2025-03-29T00:00:00Z,0.91563305
2025-03-28T00:00:00Z,0.92536528
2025-03-27T00:00:00Z,1.01046545
2025-03-26T00:00:00Z,0.93395182
2025-03-25T00:00:00Z,0.98312212
2025-03-24T00:00:00Z,1.02964341
2025-03-23T00:00:00Z,1.01834542
2025-03-22T00:00:00Z,1.01069447
2025-03-21T00:00:00Z,0.96914101
2025-03-20T00:00:00Z,0.98776427
2025-03-19T00:00:00Z,1.0574124
2025-03-18T00:00:00Z,1.00727571
2025-03-17T00:00:00Z,1.06403164
2025-03-16T00:00:00Z,0.94561991
2025-03-15T00:00:00Z,1.02510709
2025-03-14T00:00:00Z,0.97941793
2025-03-13T00:00:00Z,1.00381657
2025-03-12T00:00:00Z,0.97944036
2025-03-11T00:00:00Z,0.9894242
2025-03-10T00:00:00Z,0.96478156
2025-03-09T00:00:00Z,0.9161784
2025-03-08T00:00:00Z,0.99876574
2025-03-07T00:00:00Z,0.98009091
2025-03-06T00:00:00Z,0.98186713
2025-03-05T00:00:00Z,0.98754468
2025-03-04T00:00:00Z,0.97997615
2025-03-03T00:00:00Z,0.93265521
2025-03-02T00:00:00Z,1.00449831
2025-03-01T00:00:00Z,0.99103936
2025-02-28T00:00:00Z,0.95940558
2025-02-27T00:00:00Z,0.99463274
2025-02-26T00:00:00Z,0.94842846
2025-02-25T00:00:00Z,0.97745511
2025-02-24T00:00:00Z,0.8822274
2025-02-23T00:00:00Z,1.07542071
2025-02-22T00:00:00Z,1.08529233
2025-02-21T00:00:00Z,0.96957258
2025-02-20T00:00:00Z,1.01113739
2025-02-19T00:00:00Z,0.98557698
2025-02-18T00:00:00Z,0.96734349
2025-02-17T00:00:00Z,1.04045688
2025-02-16T00:00:00Z,0.95522381
2025-02-15T00:00:00Z,0.95454268
2025-02-14T00:00:00Z,1.04559757
2025-02-13T00:00:00Z,0.94045483
2025-02-12T00:00:00Z,1.04366954
2025-02-11T00:00:00Z,0.98792447
2025-02-10T00:00:00Z,0.9679178
2025-02-09T00:00:00Z,0.9628783
2025-02-08T00:00:00Z,0.9455327
2025-02-07T00:00:00Z,0.97629954
2025-02-06T00:00:00Z,0.95609732
2025-02-05T00:00:00Z,1.01941904
2025-02-04T00:00:00Z,0.95375727
2025-02-03T00:00:00Z,0.92374196
2025-02-02T00:00:00Z,0.85909997
2025-02-01T00:00:00Z,0.91619355
2025-01-31T00:00:00Z,1.04346134
2025-01-30T00:00:00Z,1.01866792
2025-01-29T00:00:00Z,0.96706815
2025-01-28T00:00:00Z,0.92991781
2025-01-27T00:00:00Z,0.92029412
2025-01-26T00:00:00Z,0.93828231
2025-01-25T00:00:00Z,0.96687993
2025-01-24T00:00:00Z,0.95373743
2025-01-23T00:00:00Z,0.98411721
2025-01-22T00:00:00Z,0.92108174
2025-01-21T00:00:00Z,0.97289275
2025-01-20T00:00:00Z,0.96049266
2025-01-19T00:00:00Z,0.94090501
2025-01-18T00:00:00Z,0.91859924
2025-01-17T00:00:00Z,1.02716538
2025-01-16T00:00:00Z,0.92688534
2025-01-15T00:00:00Z,1.06227301
2025-01-14T00:00:00Z,0.98823115
2025-01-13T00:00:00Z,0.88848683
2025-01-12T00:00:00Z,0.96111861
2025-01-11T00:00:00Z,0.94805217
2025-01-10T00:00:00Z,1.01436702
2025-01-09T00:00:00Z,0.94276448
2025-01-08T00:00:00Z,0.91951804
2025-01-07T00:00:00Z,0.86034428
2025-01-06T00:00:00Z,0.99756059
2025-01-05T00:00:00Z,0.91779659
2025-01-04T00:00:00Z,0.99526957
2025-01-03T00:00:00Z,1.11025581
2025-01-02T00:00:00Z,1.01736816
2025-01-01T00:00:00Z,0.94447187
2024-12-31T00:00:00Z,1.01480877
2024-12-30T00:00:00Z,0.96559236
2024-12-29T00:00:00Z,0.92800086
2024-12-28T00:00:00Z,1.08482431
2024-12-27T00:00:00Z,1.01494577
2024-12-26T00:00:00Z,0.94259
2024-12-25T00:00:00Z,0.9534383
2024-12-24T00:00:00Z,0.97515533
2024-12-23T00:00:00Z,1.02410058
2024-12-22T00:00:00Z,0.92853689
2024-12-21T00:00:00Z,0.96961901
2024-12-20T00:00:00Z,0.94825126
2024-12-19T00:00:00Z,0.88625345
2024-12-18T00:00:00Z,0.89864952
2024-12-17T00:00:00Z,0.87873533
2024-12-16T00:00:00Z,0.99130302
2024-12-15T00:00:00Z,1.03213615
2024-12-14T00:00:00Z,0.87076989
2024-12-13T00:00:00Z,0.976369
2024-12-12T00:00:00Z,1.01134385
2024-12-11T00:00:00Z,1.02868329
2024-12-10T00:00:00Z,0.91853579
2024-12-09T00:00:00Z,0.8509768
2024-12-08T00:00:00Z,0.88697496
2024-12-07T00:00:00Z,0.9741738
2024-12-06T00:00:00Z,1.00341261
2024-12-05T00:00:00Z,0.92646852
2024-12-04T00:00:00Z,0.97475225
2024-12-03T00:00:00Z,0.85828628
2024-12-02T00:00:00Z,0.89827073
2024-12-01T00:00:00Z,0.93597278
2024-11-30T00:00:00Z,0.98422775
2024-11-29T00:00:00Z,0.96643614
2024-11-28T00:00:00Z,0.88999417
2024-11-27T00:00:00Z,0.99424125
2024-11-26T00:00:00Z,0.87984954
2024-11-25T00:00:00Z,0.96347368
2024-11-24T00:00:00Z,0.90333944
2024-11-23T00:00:00Z,0.95651821
2024-11-22T00:00:00Z,0.89341404
2024-11-21T00:00:00Z,0.99925923
2024-11-20T00:00:00Z,0.91625586
2024-11-19T00:00:00Z,0.87500826
2024-11-18T00:00:00Z,0.99070744
2024-11-17T00:00:00Z,0.90336275
2024-11-16T00:00:00Z,0.93432517
2024-11-15T00:00:00Z,0.96622607
2024-11-14T00:00:00Z,0.92666059
2024-11-13T00:00:00Z,0.91971035
2024-11-12T00:00:00Z,0.95223501
2024-11-11T00:00:00Z,0.97782546
2024-11-10T00:00:00Z,0.94875455
2024-11-09T00:00:00Z,1.00053039
2024-11-08T00:00:00Z,0.99795182
2024-11-07T00:00:00Z,0.97620167
2024-11-06T00:00:00Z,1.04862866
2024-11-05T00:00:00Z,1.02365268
2024-11-04T00:00:00Z,0.97753863
2024-11-03T00:00:00Z,0.98975705
2024-11-02T00:00:00Z,0.88495371
2024-11-01T00:00:00Z,0.94916369
2024-10-31T00:00:00Z,0.84415992
2024-10-30T00:00:00Z,0.95442347
2024-10-29T00:00:00Z,0.97823271
2024-10-28T00:00:00Z,1.06198145
2024-10-27T00:00:00Z,1.04213167
2024-10-26T00:00:00Z,1.01010765
2024-10-25T00:00:00Z,0.92277488
2024-10-24T00:00:00Z,1.0025887
2024-10-23T00:00:00Z,0.90858608
2024-10-22T00:00:00Z,0.9095783
2024-10-21T00:00:00Z,0.8803166
2024-10-20T00:00:00Z,1.07050068
2024-10-19T00:00:00Z,0.92217522
2024-10-18T00:00:00Z,1.01182891
2024-10-17T00:00:00Z,0.96293047
2024-10-16T00:00:00Z,1.01664221
2024-10-15T00:00:00Z,0.94473333
2024-10-14T00:00:00Z,1.11785525
2024-10-13T00:00:00Z,0.94535615
2024-10-12T00:00:00Z,1.04893638
2024-10-11T00:00:00Z,1.05153308
2024-10-10T00:00:00Z,0.96137996
2024-10-09T00:00:00Z,0.91720189
2024-10-08T00:00:00Z,1.01624183
2024-10-07T00:00:00Z,0.99238565
2024-10-06T00:00:00Z,1.03459536
2024-10-05T00:00:00Z,0.93879757
2024-10-04T00:00:00Z,1.02109239
2024-10-03T00:00:00Z,0.98413398
2024-10-02T00:00:00Z,0.97318968
2024-10-01T00:00:00Z,0.92052828
2024-09-30T00:00:00Z,0.94599893
2024-09-29T00:00:00Z,0.94437463
2024-09-28T00:00:00Z,0.95564224
2024-09-27T00:00:00Z,1.0129602
2024-09-26T00:00:00Z,1.00127317
2024-09-25T00:00:00Z,0.93587365
2024-09-24T00:00:00Z,0.96771274
2024-09-23T00:00:00Z,1.01210144
2024-09-22T00:00:00Z,0.97723541
2024-09-21T00:00:00Z,1.03128915
2024-09-20T00:00:00Z,1.02381001
2024-09-19T00:00:00Z,1.034282
2024-09-18T00:00:00Z,0.98953959
2024-09-17T00:00:00Z,1.00565927
2024-09-16T00:00:00Z,0.99352425
2024-09-15T00:00:00Z,0.88132747
2024-09-14T00:00:00Z,0.88162783
2024-09-13T00:00:00Z,1.0903721
2024-09-12T00:00:00Z,0.99432442
2024-09-11T00:00:00Z,0.95445495
2024-09-10T00:00:00Z,0.99903637
2024-09-09T00:00:00Z,1.03627422
2024-09-08T00:00:00Z,1.01548233
2024-09-07T00:00:00Z,0.98154983
2024-09-06T00:00:00Z,0.90880938
2024-09-05T00:00:00Z,0.94136248
2024-09-04T00:00:00Z,0.98573969
2024-09-03T00:00:00Z,0.95021559
2024-09-02T00:00:00Z,1.06264568
2024-09-01T00:00:00Z,0.93593028
2024-08-31T00:00:00Z,1.02080178
2024-08-30T00:00:00Z,1.0027132
2024-08-29T00:00:00Z,0.98126734
2024-08-28T00:00:00Z,0.98014712
2024-08-27T00:00:00Z,0.88172487
2024-08-26T00:00:00Z,0.9138275
2024-08-25T00:00:00Z,1.00015125
2024-08-24T00:00:00Z,0.96998176
2024-08-23T00:00:00Z,1.03985761
2024-08-22T00:00:00Z,0.98143031
2024-08-21T00:00:00Z,0.96259586
2024-08-20T00:00:00Z,0.97361086
2024-08-19T00:00:00Z,1.00587013
2024-08-18T00:00:00Z,0.99385022
2024-08-17T00:00:00Z,1.02712716
2024-08-16T00:00:00Z,0.98903016
2024-08-15T00:00:00Z,0.93918656
2024-08-14T00:00:00Z,0.98563649
2024-08-13T00:00:00Z,0.94312063
2024-08-12T00:00:00Z,1.00947485
2024-08-11T00:00:00Z,0.9662803
2024-08-10T00:00:00Z,1.00267906
2024-08-09T00:00:00Z,0.96858272
2024-08-08T00:00:00Z,1.07460085
2024-08-07T00:00:00Z,0.97306524
2024-08-06T00:00:00Z,1.00670943
2024-08-05T00:00:00Z,0.94484556
2024-08-04T00:00:00Z,0.88696803
2024-08-03T00:00:00Z,0.90097242
2024-08-02T00:00:00Z,0.90038289
2024-08-01T00:00:00Z,0.94158716
2024-07-31T00:00:00Z,0.96271862
2024-07-30T00:00:00Z,0.92462162
2024-07-29T00:00:00Z,1.00453018
2024-07-28T00:00:00Z,0.97950641
2024-07-27T00:00:00Z,0.93395507
2024-07-26T00:00:00Z,1.01421411
2024-07-25T00:00:00Z,0.92988409
2024-07-24T00:00:00Z,0.89948752
2024-07-23T00:00:00Z,0.97928433
2024-07-22T00:00:00Z,0.90520945
2024-07-21T00:00:00Z,0.9769498
2024-07-20T00:00:00Z,1.00159995
2024-07-19T00:00:00Z,1.00067381
2024-07-18T00:00:00Z,0.97809253
2024-07-17T00:00:00Z,0.9689404
2024-07-16T00:00:00Z,0.95683485
2024-07-15T00:00:00Z,1.08195044
2024-07-14T00:00:00Z,1.02157181
2024-07-13T00:00:00Z,1.0151706
2024-07-12T00:00:00Z,0.9786498
2024-07-11T00:00:00Z,1.00759074
2024-07-10T00:00:00Z,1.03118955
2024-07-09T00:00:00Z,0.99903671
2024-07-08T00:00:00Z,0.96775423
2024-07-07T00:00:00Z,0.9472472
2024-07-06T00:00:00Z,1.076411
2024-07-05T00:00:00Z,0.92019506
2024-07-04T00:00:00Z,0.91784653
2024-07-03T00:00:00Z,0.88225354
2024-07-02T00:00:00Z,0.96167369
2024-07-01T00:00:00Z,0.98923536
2024-06-30T00:00:00Z,1.049623
2024-06-29T00:00:00Z,0.98406762
2024-06-28T00:00:00Z,0.92768144
2024-06-27T00:00:00Z,1.03510748
2024-06-26T00:00:00Z,0.99675397
2024-06-25T00:00:00Z,1.02490966
2024-06-24T00:00:00Z,0.91888845
2024-06-23T00:00:00Z,0.86521624
2024-06-22T00:00:00Z,0.94339668
2024-06-21T00:00:00Z,0.95152994
2024-06-20T00:00:00Z,0.97874995
2024-06-19T00:00:00Z,1.03187697
2024-06-18T00:00:00Z,0.93712909
2024-06-17T00:00:00Z,0.95162397
2024-06-16T00:00:00Z,1.0411009
2024-06-15T00:00:00Z,1.04374516
2024-06-14T00:00:00Z,0.97580132
2024-06-13T00:00:00Z,0.93097978
2024-06-12T00:00:00Z,0.98640291
2024-06-11T00:00:00Z,0.90180712
2024-06-10T00:00:00Z,0.97584728
2024-06-09T00:00:00Z,1.05351623
2024-06-08T00:00:00Z,0.95168196
2024-06-07T00:00:00Z,0.87424876
2024-06-06T00:00:00Z,0.91057059
2024-06-05T00:00:00Z,1.03002474
2024-06-04T00:00:00Z,0.99179864
2024-06-03T00:00:00Z,0.96749728
2024-06-02T00:00:00Z,0.9829164
2024-06-01T00:00:00Z,1.06401622
2024-05-31T00:00:00Z,0.99497272
2024-05-30T00:00:00Z,0.97652738
2024-05-29T00:00:00Z,0.94485116
2024-05-28T00:00:00Z,0.92163501
2024-05-27T00:00:00Z,1.03611123
2024-05-26T00:00:00Z,1.04146213
2024-05-25T00:00:00Z,1.00815595
2024-05-24T00:00:00Z,0.96721419
2024-05-23T00:00:00Z,0.98087155
2024-05-22T00:00:00Z,0.96477831
2024-05-21T00:00:00Z,0.98927672
2024-05-20T00:00:00Z,1.07724422
2024-05-19T00:00:00Z,0.92391292
2024-05-18T00:00:00Z,0.9857758
2024-05-17T00:00:00Z,1.06814761
2024-05-16T00:00:00Z,0.93778284
2024-05-15T00:00:00Z,1.03438553
2024-05-14T00:00:00Z,0.93067673
2024-05-13T00:00:00Z,0.99657129
2024-05-12T00:00:00Z,1.0124078
2024-05-11T00:00:00Z,0.98338579
2024-05-10T00:00:00Z,0.90415205
2024-05-09T00:00:00Z,1.04478895
2024-05-08T00:00:00Z,0.94869407
2024-05-07T00:00:00Z,0.93015649
2024-05-06T00:00:00Z,0.94689579
2024-05-05T00:00:00Z,0.97040683
2024-05-04T00:00:00Z,1.01037879
2024-05-03T00:00:00Z,1.03819325
2024-05-02T00:00:00Z,1.04513631
2024-05-01T00:00:00Z,0.9393029
2024-04-30T00:00:00Z,0.91095866
2024-04-29T00:00:00Z,0.93590101
2024-04-28T00:00:00Z,0.99265596
2024-04-27T00:00:00Z,1.01899216
2024-04-26T00:00:00Z,0.97839997
2024-04-25T00:00:00Z,0.96146169
2024-04-24T00:00:00Z,0.93000376
2024-04-23T00:00:00Z,1.01360065
2024-04-22T00:00:00Z,0.99015386
2024-04-21T00:00:00Z,0.95302042
2024-04-20T00:00:00Z,1.00349592
2024-04-19T00:00:00Z,0.9510289
2024-04-18T00:00:00Z,0.99134884
2024-04-17T00:00:00Z,0.96789679
2024-04-16T00:00:00Z,0.96772802
2024-04-15T00:00:00Z,0.95027538
2024-04-14T00:00:00Z,0.96090543
2024-04-13T00:00:00Z,0.89439462
2024-04-12T00:00:00Z,0.86901578
2024-04-11T00:00:00Z,0.95961692
2024-04-10T00:00:00Z,0.96699286
2024-04-09T00:00:00Z,0.92367996
2024-04-08T00:00:00Z,1.04698871
2024-04-07T00:00:00Z,1.01557274
2024-04-06T00:00:00Z,0.9670198
2024-04-05T00:00:00Z,0.95083834
2024-04-04T00:00:00Z,1.00026272
2024-04-03T00:00:00Z,0.94456341
2024-04-02T00:00:00Z,0.88538256
2024-04-01T00:00:00Z,0.90980219
2024-03-31T00:00:00Z,1.07841673
2024-03-30T00:00:00Z,0.96135023
2024-03-29T00:00:00Z,0.9446819
2024-03-28T00:00:00Z,0.99252098
2024-03-27T00:00:00Z,0.94561462
2024-03-26T00:00:00Z,1.01257422
2024-03-25T00:00:00Z,1.01493639
2024-03-24T00:00:00Z,1.0405039
2024-03-23T00:00:00Z,0.98215832
2024-03-22T00:00:00Z,0.92405775
2024-03-21T00:00:00Z,0.97408467
2024-03-20T00:00:00Z,0.98609234
2024-03-19T00:00:00Z,0.939215
2024-03-18T00:00:00Z,0.95101986
2024-03-17T00:00:00Z,0.99601314
2024-03-16T00:00:00Z,0.94047121
2024-03-15T00:00:00Z,0.96778138
2024-03-14T00:00:00Z,0.93550504
2024-03-13T00:00:00Z,0.95700137
2024-03-12T00:00:00Z,0.96091265
2024-03-11T00:00:00Z,0.96427847
2024-03-10T00:00:00Z,0.93209549
2024-03-09T00:00:00Z,0.95418075
2024-03-08T00:00:00Z,0.98297489
2024-03-07T00:00:00Z,0.97692682
2024-03-06T00:00:00Z,0.9923564
2024-03-05T00:00:00Z,0.9418425
2024-03-04T00:00:00Z,0.97507991
2024-03-03T00:00:00Z,0.97248963
2024-03-02T00:00:00Z,0.9344119
2024-03-01T00:00:00Z,0.96980312
2024-02-29T00:00:00Z,0.93390927
2024-02-28T00:00:00Z,0.99699581
2024-02-27T00:00:00Z,1.01353292
2024-02-26T00:00:00Z,0.98771709
2024-02-25T00:00:00Z,1.07049224
2024-02-24T00:00:00Z,1.04364941
2024-02-23T00:00:00Z,0.95492248
2024-02-22T00:00:00Z,0.99649494
2024-02-21T00:00:00Z,0.94453289
2024-02-20T00:00:00Z,0.98777012
2024-02-19T00:00:00Z,1.00995547
2024-02-18T00:00:00Z,1.01746324
2024-02-17T00:00:00Z,0.94562943
2024-02-16T00:00:00Z,0.95434349
2024-02-15T00:00:00Z,0.9964867
2024-02-14T00:00:00Z,1.04025179
2024-02-13T00:00:00Z,0.94671823
2024-02-12T00:00:00Z,1.05520866
2024-02-11T00:00:00Z,0.99494457
2024-02-10T00:00:00Z,0.96938625
2024-02-09T00:00:00Z,1.04997761
2024-02-08T00:00:00Z,0.99535916
2024-02-07T00:00:00Z,1.06168016
2024-02-06T00:00:00Z,1.02033454
2024-02-05T00:00:00Z,1.00948756
2024-02-04T00:00:00Z,0.98673877
2024-02-03T00:00:00Z,0.94805378
2024-02-02T00:00:00Z,0.95745824
2024-02-01T00:00:00Z,0.97775864
2024-01-31T00:00:00Z,0.91752111
2024-01-30T00:00:00Z,1.0061315
2024-01-29T00:00:00Z,1.0200858
2024-01-28T00:00:00Z,0.9795766
2024-01-27T00:00:00Z,0.94025436
2024-01-26T00:00:00Z,1.02330679
2024-01-25T00:00:00Z,1.00224507
2024-01-24T00:00:00Z,0.97421139
2024-01-23T00:00:00Z,0.93704096
2024-01-22T00:00:00Z,0.91379373
2024-01-21T00:00:00Z,0.95113631
2024-01-20T00:00:00Z,0.94665014
2024-01-19T00:00:00Z,0.98015783
2024-01-18T00:00:00Z,0.91914743
2024-01-17T00:00:00Z,0.97509669
2024-01-16T00:00:00Z,0.9785097
2024-01-15T00:00:00Z,0.97588227
2024-01-14T00:00:00Z,0.93254461
2024-01-13T00:00:00Z,0.98470041
2024-01-12T00:00:00Z,0.98173506
2024-01-11T00:00:00Z,0.98476128
2024-01-10T00:00:00Z,1.00943773
2024-01-09T00:00:00Z,0.98262636
2024-01-08T00:00:00Z,1.01852558
2024-01-07T00:00:00Z,0.95934458
2024-01-06T00:00:00Z,0.95860917
2024-01-05T00:00:00Z,0.9893486
2024-01-04T00:00:00Z,0.99375623
2024-01-03T00:00:00Z,0.9056901
2024-01-02T00:00:00Z,0.98220945
2024-01-01T00:00:00Z,1.04271363
2023-12-31T00:00:00Z,0.97013363
2023-12-30T00:00:00Z,0.97921818
2023-12-29T00:00:00Z,0.93653152
2023-12-28T00:00:00Z,0.9572367
2023-12-27T00:00:00Z,1.04680314
2023-12-26T00:00:00Z,0.87838711
2023-12-25T00:00:00Z,0.96738344
2023-12-24T00:00:00Z,0.9271197
2023-12-23T00:00:00Z,0.93583725
2023-12-22T00:00:00Z,1.00066014
2023-12-21T00:00:00Z,1.00049514
2023-12-20T00:00:00Z,1.01643601
2023-12-19T00:00:00Z,0.94836769
2023-12-18T00:00:00Z,0.97842363
2023-12-17T00:00:00Z,0.93071679
2023-12-16T00:00:00Z,0.97044078
2023-12-15T00:00:00Z,0.94138599
2023-12-14T00:00:00Z,0.98767121
2023-12-13T00:00:00Z,0.99102939
2023-12-12T00:00:00Z,0.98595685
2023-12-11T00:00:00Z,0.90751706
2023-12-10T00:00:00Z,0.97998893
2023-12-09T00:00:00Z,0.95675457
2023-12-08T00:00:00Z,0.98181734
2023-12-07T00:00:00Z,1.03028398
2023-12-06T00:00:00Z,0.94067159
2023-12-05T00:00:00Z,0.99934507
2023-12-04T00:00:00Z,0.98685055
2023-12-03T00:00:00Z,1.00481503
2023-12-02T00:00:00Z,1.08513083
2023-12-01T00:00:00Z,1.00598795
2023-11-30T00:00:00Z,1.0030253
2023-11-29T00:00:00Z,0.94757975
2023-11-28T00:00:00Z,1.01788851
2023-11-27T00:00:00Z,0.92126412
2023-11-26T00:00:00Z,0.93902505
2023-11-25T00:00:00Z,0.99310866
2023-11-24T00:00:00Z,0.99067714
2023-11-23T00:00:00Z,0.98785108
2023-11-22T00:00:00Z,1.02807498
2023-11-21T00:00:00Z,0.94774903
2023-11-20T00:00:00Z,0.99051038
2023-11-19T00:00:00Z,1.07976357
2023-11-18T00:00:00Z,0.97069291
2023-11-17T00:00:00Z,0.9522654
2023-11-16T00:00:00Z,0.93376252
2023-11-15T00:00:00Z,1.01313945
2023-11-14T00:00:00Z,0.87703832
2023-11-13T00:00:00Z,0.93162602
2023-11-12T00:00:00Z,0.92054376
2023-11-11T00:00:00Z,0.94708161
2023-11-10T00:00:00Z,0.97213095
2023-11-09T00:00:00Z,1.05700297
2023-11-08T00:00:00Z,0.96004212
2023-11-07T00:00:00Z,0.95946474
2023-11-06T00:00:00Z,0.97155453
2023-11-05T00:00:00Z,1.02761276
2023-11-04T00:00:00Z,1.01032031
2023-11-03T00:00:00Z,0.97844809
2023-11-02T00:00:00Z,0.91915132
2023-11-01T00:00:00Z,0.98622559
2023-10-31T00:00:00Z,0.96583133
2023-10-30T00:00:00Z,0.96443439
2023-10-29T00:00:00Z,1.0169983
2023-10-28T00:00:00Z,0.99018016
2023-10-27T00:00:00Z,0.95045355
2023-10-26T00:00:00Z,0.98258536
2023-10-25T00:00:00Z,0.98184022
2023-10-24T00:00:00Z,0.97477894
2023-10-23T00:00:00Z,1.04076657
2023-10-22T00:00:00Z,1.06099225
2023-10-21T00:00:00Z,1.01953629
2023-10-20T00:00:00Z,1.08828055
2023-10-19T00:00:00Z,0.99945508
2023-10-18T00:00:00Z,1.01590537
2023-10-17T00:00:00Z,0.94194509
2023-10-16T00:00:00Z,1.04248686
2023-10-15T00:00:00Z,1.03729321
2023-10-14T00:00:00Z,1.07346468
2023-10-13T00:00:00Z,1.02009813
2023-10-12T00:00:00Z,0.91966648
2023-10-11T00:00:00Z,0.99712582
2023-10-10T00:00:00Z,0.98390763
2023-10-09T00:00:00Z,0.9067856
2023-10-08T00:00:00Z,1.00219531
2023-10-07T00:00:00Z,0.98226428
2023-10-06T00:00:00Z,1.05415922
2023-10-05T00:00:00Z,0.93528292
2023-10-04T00:00:00Z,0.97203639
2023-10-03T00:00:00Z,0.99643517
2023-10-02T00:00:00Z,0.93717233
2023-10-01T00:00:00Z,1.10994485
2023-09-30T00:00:00Z,1.0161129
2023-09-29T00:00:00Z,1.01633998
2023-09-28T00:00:00Z,1.08468073
2023-09-27T00:00:00Z,1.02755408
2023-09-26T00:00:00Z,1.03545335
2023-09-25T00:00:00Z,1.03236281
2023-09-24T00:00:00Z,0.98273664
2023-09-23T00:00:00Z,1.00382533
2023-09-22T00:00:00Z,0.98880539
2023-09-21T00:00:00Z,0.8910747
2023-09-20T00:00:00Z,0.94522281
2023-09-19T00:00:00Z,1.00091232
2023-09-18T00:00:00Z,1.0177388
2023-09-17T00:00:00Z,0.9370828
2023-09-16T00:00:00Z,0.93496636
2023-09-15T00:00:00Z,1.09024367
2023-09-14T00:00:00Z,1.05069309
2023-09-13T00:00:00Z,1.03529146
2023-09-12T00:00:00Z,1.04818405
2023-09-11T00:00:00Z,0.91607124
2023-09-10T00:00:00Z,0.92718419
2023-09-09T00:00:00Z,0.98342342
2023-09-08T00:00:00Z,0.96647585
2023-09-07T00:00:00Z,1.03350207
2023-09-06T00:00:00Z,1.01440121
2023-09-05T00:00:00Z,1.00184885
2023-09-04T00:00:00Z,0.99681173
2023-09-03T00:00:00Z,1.0351648
2023-09-02T00:00:00Z,0.96991036
2023-09-01T00:00:00Z,0.96743937
2023-08-31T00:00:00Z,0.95927739
2023-08-30T00:00:00Z,0.99148324
2023-08-29T00:00:00Z,1.04646854
2023-08-28T00:00:00Z,1.01319191
2023-08-27T00:00:00Z,1.04832473
2023-08-26T00:00:00Z,0.94004086
2023-08-25T00:00:00Z,1.03404367
2023-08-24T00:00:00Z,0.99423445
2023-08-23T00:00:00Z,1.04257313
2023-08-22T00:00:00Z,0.94723361
2023-08-21T00:00:00Z,0.95251281
2023-08-20T00:00:00Z,0.95008035
2023-08-19T00:00:00Z,0.93557746
2023-08-18T00:00:00Z,0.97517123
2023-08-17T00:00:00Z,0.88221918
2023-08-16T00:00:00Z,0.91555752
2023-08-15T00:00:00Z,0.83459749
2023-08-14T00:00:00Z,0.98611575
2023-08-13T00:00:00Z,0.97794892
2023-08-12T00:00:00Z,0.99517335
2023-08-11T00:00:00Z,0.94661373
2023-08-10T00:00:00Z,0.96687808
2023-08-09T00:00:00Z,1.0271356
2023-08-08T00:00:00Z,1.06560858
2023-08-07T00:00:00Z,0.97961534
2023-08-06T00:00:00Z,0.95402043
2023-08-05T00:00:00Z,1.01417533
2023-08-04T00:00:00Z,0.99755909
2023-08-03T00:00:00Z,0.97440211
2023-08-02T00:00:00Z,0.92815758
2023-08-01T00:00:00Z,0.98884646
2023-07-31T00:00:00Z,0.96938121
2023-07-30T00:00:00Z,0.94383927
2023-07-29T00:00:00Z,1.06271295
2023-07-28T00:00:00Z,1.03566927
2023-07-27T00:00:00Z,0.97274622
2023-07-26T00:00:00Z,1.0655784
2023-07-25T00:00:00Z,1.01454306
2023-07-24T00:00:00Z,0.89876227
2023-07-23T00:00:00Z,1.05288151
2023-07-22T00:00:00Z,0.87281354
2023-07-21T00:00:00Z,0.95166742
2023-07-20T00:00:00Z,0.98451778
2023-07-19T00:00:00Z,0.98580964
2023-07-18T00:00:00Z,0.94439301
2023-07-17T00:00:00Z,0.96037494
2023-07-16T00:00:00Z,0.97723805
2023-07-15T00:00:00Z,0.95040308
2023-07-14T00:00:00Z,0.95296006
2023-07-13T00:00:00Z,1.08805211
2023-07-12T00:00:00Z,0.99259342
2023-07-11T00:00:00Z,0.96080658
2023-07-10T00:00:00Z,1.03519
2023-07-09T00:00:00Z,0.97900261
2023-07-08T00:00:00Z,0.94140976
2023-07-07T00:00:00Z,0.95380487
2023-07-06T00:00:00Z,0.94125929
2023-07-05T00:00:00Z,0.95157204
2023-07-04T00:00:00Z,0.95059911
2023-07-03T00:00:00Z,1.02075271
2023-07-02T00:00:00Z,0.97875783
2023-07-01T00:00:00Z,1.00983973
2023-06-30T00:00:00Z,1.02117335
2023-06-29T00:00:00Z,1.03351695
2023-06-28T00:00:00Z,0.89013238
2023-06-27T00:00:00Z,1.04360909
2023-06-26T00:00:00Z,0.92114004
2023-06-25T00:00:00Z,1.0043178
2023-06-24T00:00:00Z,0.9528291
2023-06-23T00:00:00Z,0.9932011
2023-06-22T00:00:00Z,1.00106501
2023-06-21T00:00:00Z,1.02417192
2023-06-20T00:00:00Z,1.05632733
2023-06-19T00:00:00Z,1.00607308
2023-06-18T00:00:00Z,0.96251002
2023-06-17T00:00:00Z,1.01129026
2023-06-16T00:00:00Z,1.06827698
2023-06-15T00:00:00Z,0.99475801
2023-06-14T00:00:00Z,0.89294409
2023-06-13T00:00:00Z,1.01248527
2023-06-12T00:00:00Z,0.96030833
2023-06-11T00:00:00Z,0.9921933
2023-06-10T00:00:00Z,0.92956885
2023-06-09T00:00:00Z,0.97387897
2023-06-08T00:00:00Z,1.01641383
2023-06-07T00:00:00Z,0.95313
2023-06-06T00:00:00Z,1.07482135
2023-06-05T00:00:00Z,0.90779572
2023-06-04T00:00:00Z,0.97855532
2023-06-03T00:00:00Z,0.94976346
2023-06-02T00:00:00Z,1.04477334
2023-06-01T00:00:00Z,0.98140823
2023-05-31T00:00:00Z,0.93689268
2023-05-30T00:00:00Z,0.97876204
2023-05-29T00:00:00Z,0.9918048
2023-05-28T00:00:00Z,1.10971416
2023-05-27T00:00:00Z,0.98364593
2023-05-26T00:00:00Z,1.04703485
2023-05-25T00:00:00Z,1.01745284
2023-05-24T00:00:00Z,0.90047421
2023-05-23T00:00:00Z,1.07454315
2023-05-22T00:00:00Z,1.04696255
2023-05-21T00:00:00Z,0.92690824
2023-05-20T00:00:00Z,1.04379358
2023-05-19T00:00:00Z,1.01700362
2023-05-18T00:00:00Z,0.97232481
2023-05-17T00:00:00Z,1.00138784
2023-05-16T00:00:00Z,1.00381357
2023-05-15T00:00:00Z,0.997548
2023-05-14T00:00:00Z,1.01110984
2023-05-13T00:00:00Z,0.99593332
2023-05-12T00:00:00Z,1.01521083
2023-05-11T00:00:00Z,0.93480873
2023-05-10T00:00:00Z,0.99440135
2023-05-09T00:00:00Z,0.98955601
2023-05-08T00:00:00Z,0.9806734
2023-05-07T00:00:00Z,0.97527025
2023-05-06T00:00:00Z,0.9193866
2023-05-05T00:00:00Z,1.09260573
2023-05-04T00:00:00Z,0.96817364
2023-05-03T00:00:00Z,1.01804917
2023-05-02T00:00:00Z,1.0406963
2023-05-01T00:00:00Z,0.9570085
2023-04-30T00:00:00Z,0.96934441
2023-04-29T00:00:00Z,1.01234493
2023-04-28T00:00:00Z,0.97728078
2023-04-27T00:00:00Z,1.00732368
2023-04-26T00:00:00Z,1.01682253
2023-04-25T00:00:00Z,1.00323984
2023-04-24T00:00:00Z,0.97868961
2023-04-23T00:00:00Z,0.98212762
2023-04-22T00:00:00Z,1.00956063
2023-04-21T00:00:00Z,0.91461832
2023-04-20T00:00:00Z,0.97758447
2023-04-19T00:00:00Z,0.86758807
2023-04-18T00:00:00Z,0.98930477
2023-04-17T00:00:00Z,0.94047981
2023-04-16T00:00:00Z,1.00733382
2023-04-15T00:00:00Z,0.97657343
2023-04-14T00:00:00Z,1.04768488
2023-04-13T00:00:00Z,1.09987268
2023-04-12T00:00:00Z,1.03122052
2023-04-11T00:00:00Z,0.96155122
2023-04-10T00:00:00Z,1.05230217
2023-04-09T00:00:00Z,0.98282444
2023-04-08T00:00:00Z,0.92211583
2023-04-07T00:00:00Z,0.92054868
2023-04-06T00:00:00Z,0.89807647
2023-04-05T00:00:00Z,1.04011846
2023-04-04T00:00:00Z,1.08397862
2023-04-03T00:00:00Z,0.99454258
2023-04-02T00:00:00Z,0.90075988
2023-04-01T00:00:00Z,0.98174666
2023-03-31T00:00:00Z,1.04950479
2023-03-30T00:00:00Z,0.95908292
2023-03-29T00:00:00Z,1.02157476
2023-03-28T00:00:00Z,1.07578625
2023-03-27T00:00:00Z,0.93084007
2023-03-26T00:00:00Z,1.0378723
2023-03-25T00:00:00Z,0.94431132
2023-03-24T00:00:00Z,0.94080385
2023-03-23T00:00:00Z,1.03625075
2023-03-22T00:00:00Z,0.90563566
2023-03-21T00:00:00Z,1.02646473
2023-03-20T00:00:00Z,0.95354898
2023-03-19T00:00:00Z,1.00511308
2023-03-18T00:00:00Z,0.97913394
2023-03-17T00:00:00Z,1.05632703
2023-03-16T00:00:00Z,1.01214174
2023-03-15T00:00:00Z,0.9715253
2023-03-14T00:00:00Z,0.99154531
2023-03-13T00:00:00Z,1.03206368
2023-03-12T00:00:00Z,1.07391809
2023-03-11T00:00:00Z,1.01822224
2023-03-10T00:00:00Z,0.97974126
2023-03-09T00:00:00Z,0.91076724
2023-03-08T00:00:00Z,1.00702995
2023-03-07T00:00:00Z,0.99411187
2023-03-06T00:00:00Z,1.00592084
2023-03-05T00:00:00Z,1.00314705
2023-03-04T00:00:00Z,0.9630196
2023-03-03T00:00:00Z,0.9110426
2023-03-02T00:00:00Z,0.959054
2023-03-01T00:00:00Z,1.08582128
2023-02-28T00:00:00Z,0.94150646
2023-02-27T00:00:00Z,0.9655359
2023-02-26T00:00:00Z,1.08558387
2023-02-25T00:00:00Z,0.93682501
2023-02-24T00:00:00Z,0.9232333
2023-02-23T00:00:00Z,0.99047878
2023-02-22T00:00:00Z,0.94638815
2023-02-21T00:00:00Z,0.93584688
2023-02-20T00:00:00Z,1.00783688
2023-02-19T00:00:00Z,0.98793172
2023-02-18T00:00:00Z,0.98319449
2023-02-17T00:00:00Z,1.0248274
2023-02-16T00:00:00Z,0.97923446
2023-02-15T00:00:00Z,1.10563126
2023-02-14T00:00:00Z,1.01145573
2023-02-13T00:00:00Z,0.98327472
2023-02-12T00:00:00Z,0.96449594
2023-02-11T00:00:00Z,1.03890946
2023-02-10T00:00:00Z,0.95222722
2023-02-09T00:00:00Z,0.91089934
2023-02-08T00:00:00Z,0.99553773
2023-02-07T00:00:00Z,1.04878469
2023-02-06T00:00:00Z,0.96772844
2023-02-05T00:00:00Z,0.91672552
2023-02-04T00:00:00Z,1.02261824
2023-02-03T00:00:00Z,0.98748626
2023-02-02T00:00:00Z,0.98434002
2023-02-01T00:00:00Z,1.00264623
2023-01-31T00:00:00Z,1.01257075
2023-01-30T00:00:00Z,0.89923051
2023-01-29T00:00:00Z,1.04966576
2023-01-28T00:00:00Z,0.92398667
2023-01-27T00:00:00Z,0.98106422
2023-01-26T00:00:00Z,0.95835221
2023-01-25T00:00:00Z,1.0001453
2023-01-24T00:00:00Z,0.89131269
2023-01-23T00:00:00Z,0.97686521
2023-01-22T00:00:00Z,0.97785805
2023-01-21T00:00:00Z,0.95682756
2023-01-20T00:00:00Z,1.09524918
2023-01-19T00:00:00Z,1.02334629
2023-01-18T00:00:00Z,0.9642944
2023-01-17T00:00:00Z,0.9865014
2023-01-16T00:00:00Z,0.99512184
2023-01-15T00:00:00Z,0.99217559
2023-01-14T00:00:00Z,1.05261877
2023-01-13T00:00:00Z,1.02297951
2023-01-12T00:00:00Z,1.04103066
2023-01-11T00:00:00Z,1.05809518
2023-01-10T00:00:00Z,1.03425033
2023-01-09T00:00:00Z,1.05187235
2023-01-08T00:00:00Z,1.1103328
2023-01-07T00:00:00Z,0.99190049
2023-01-06T00:00:00Z,1.05878198
2023-01-05T00:00:00Z,1.01771188
2023-01-04T00:00:00Z,1.12005567
2023-01-03T00:00:00Z,0.99887091
2023-01-02T00:00:00Z,1.04593844
2023-01-01T00:00:00Z,1.02973548
2022-12-31T00:00:00Z,1.02435074
2022-12-30T00:00:00Z,1.00851948
2022-12-29T00:00:00Z,1.04778012
2022-12-28T00:00:00Z,0.94724421
2022-12-27T00:00:00Z,0.96390376
2022-12-26T00:00:00Z,1.0559471
2022-12-25T00:00:00Z,0.97717647
2022-12-24T00:00:00Z,1.03904121
2022-12-23T00:00:00Z,1.01900711
2022-12-22T00:00:00Z,1.0013201
2022-12-21T00:00:00Z,0.99513599
2022-12-20T00:00:00Z,1.08807603
2022-12-19T00:00:00Z,0.98302307
2022-12-18T00:00:00Z,0.98625137
2022-12-17T00:00:00Z,1.02289635
2022-12-16T00:00:00Z,0.92615486
2022-12-15T00:00:00Z,0.91760946
2022-12-14T00:00:00Z,0.98135532
2022-12-13T00:00:00Z,1.06292939
2022-12-12T00:00:00Z,1.01001639
2022-12-11T00:00:00Z,0.98699968
2022-12-10T00:00:00Z,1.04519966
2022-12-09T00:00:00Z,1.00196875
2022-12-08T00:00:00Z,1.09408794
2022-12-07T00:00:00Z,0.92062927
2022-12-06T00:00:00Z,0.98282979
2022-12-05T00:00:00Z,0.94632159
2022-12-04T00:00:00Z,1.08769503
2022-12-03T00:00:00Z,0.8830271
2022-12-02T00:00:00Z,1.0113608
2022-12-01T00:00:00Z,0.98777292
2022-11-30T00:00:00Z,1.08679213
2022-11-29T00:00:00Z,1.11553269
2022-11-28T00:00:00Z,1.00083182
2022-11-27T00:00:00Z,0.99370947
2022-11-26T00:00:00Z,1.03130392
2022-11-25T00:00:00Z,1.03215707
2022-11-24T00:00:00Z,1.00150659
2022-11-23T00:00:00Z,1.04993376
2022-11-22T00:00:00Z,1.05638059
2022-11-21T00:00:00Z,0.9799958
2022-11-20T00:00:00Z,0.93806156
2022-11-19T00:00:00Z,1.03755646
2022-11-18T00:00:00Z,1.00756143
2022-11-17T00:00:00Z,0.97768753
2022-11-16T00:00:00Z,0.96137063
2022-11-15T00:00:00Z,1.01169757
2022-11-14T00:00:00Z,1.02033554
2022-11-13T00:00:00Z,0.95946248
2022-11-12T00:00:00Z,0.99095007
2022-11-11T00:00:00Z,0.99650228
2022-11-10T00:00:00Z,1.04077571
2022-11-09T00:00:00Z,0.97775929
2022-11-08T00:00:00Z,0.96049515
2022-11-07T00:00:00Z,0.9760006
2022-11-06T00:00:00Z,0.92474299
2022-11-05T00:00:00Z,0.96256385
2022-11-04T00:00:00Z,1.04192462
2022-11-03T00:00:00Z,1.03333869
2022-11-02T00:00:00Z,0.95944211
2022-11-01T00:00:00Z,1.00500789
2022-10-31T00:00:00Z,0.98363051
2022-10-30T00:00:00Z,0.96981694
2022-10-29T00:00:00Z,1.04019342
2022-10-28T00:00:00Z,0.98982785
2022-10-27T00:00:00Z,0.97037236
2022-10-26T00:00:00Z,1.04313716
2022-10-25T00:00:00Z,1.09237105
2022-10-24T00:00:00Z,0.98184063
2022-10-23T00:00:00Z,1.12962323
2022-10-22T00:00:00Z,1.08759308
2022-10-21T00:00:00Z,1.00891417
2022-10-20T00:00:00Z,0.99406465
2022-10-19T00:00:00Z,0.96259447
2022-10-18T00:00:00Z,0.93445926
2022-10-17T00:00:00Z,1.04836897
2022-10-16T00:00:00Z,1.05086679
2022-10-15T00:00:00Z,0.93716921
2022-10-14T00:00:00Z,1.02417795
2022-10-13T00:00:00Z,0.97573459
2022-10-12T00:00:00Z,1.0389448
2022-10-11T00:00:00Z,0.98777499
2022-10-10T00:00:00Z,0.95182613
2022-10-09T00:00:00Z,1.0015966
2022-10-08T00:00:00Z,0.8973828
2022-10-07T00:00:00Z,0.98277318
2022-10-06T00:00:00Z,1.00556016
2022-10-05T00:00:00Z,1.00252349
2022-10-04T00:00:00Z,1.06654715
2022-10-03T00:00:00Z,1.04916262
2022-10-02T00:00:00Z,0.94445663
2022-10-01T00:00:00Z,0.93977428
2022-09-30T00:00:00Z,1.01776645
2022-09-29T00:00:00Z,1.01664888
2022-09-28T00:00:00Z,1.00180593
2022-09-27T00:00:00Z,1.01143052
2022-09-26T00:00:00Z,1.03759329
2022-09-25T00:00:00Z,0.9486341
2022-09-24T00:00:00Z,1.00425897
2022-09-23T00:00:00Z,0.99634054
2022-09-22T00:00:00Z,1.04613136
2022-09-21T00:00:00Z,0.99260688
2022-09-20T00:00:00Z,0.99054373
2022-09-19T00:00:00Z,1.03128172
2022-09-18T00:00:00Z,0.92961396
2022-09-17T00:00:00Z,1.01476651
2022-09-16T00:00:00Z,0.97666776
2022-09-15T00:00:00Z,0.95209384
2022-09-14T00:00:00Z,0.98818119
2022-09-13T00:00:00Z,0.97071682
2022-09-12T00:00:00Z,0.9878765
2022-09-11T00:00:00Z,0.97286743
2022-09-10T00:00:00Z,1.04491797
2022-09-09T00:00:00Z,1.05730526
2022-09-08T00:00:00Z,1.02355865
2022-09-07T00:00:00Z,1.0356608
2022-09-06T00:00:00Z,0.99784483
2022-09-05T00:00:00Z,1.05230568
2022-09-04T00:00:00Z,1.01846989
2022-09-03T00:00:00Z,0.97280294
2022-09-02T00:00:00Z,1.02424091
2022-09-01T00:00:00Z,1.01516545
2022-08-31T00:00:00Z,1.03265185
2022-08-30T00:00:00Z,1.00242672
2022-08-29T00:00:00Z,1.06992844
2022-08-28T00:00:00Z,0.99334113
2022-08-27T00:00:00Z,0.99741958
2022-08-26T00:00:00Z,0.95659491
2022-08-25T00:00:00Z,1.04397875
2022-08-24T00:00:00Z,1.01378731
2022-08-23T00:00:00Z,1.04441026
2022-08-22T00:00:00Z,1.02087853
2022-08-21T00:00:00Z,1.01275012
2022-08-20T00:00:00Z,0.99330919
2022-08-19T00:00:00Z,0.95440147
2022-08-18T00:00:00Z,1.01498217
2022-08-17T00:00:00Z,0.97130587
2022-08-16T00:00:00Z,0.96558281
2022-08-15T00:00:00Z,0.97631093
2022-08-14T00:00:00Z,0.96630284
2022-08-13T00:00:00Z,1.01503215
2022-08-12T00:00:00Z,1.03283914
2022-08-11T00:00:00Z,0.99662066
2022-08-10T00:00:00Z,1.04478295
2022-08-09T00:00:00Z,0.92226408
2022-08-08T00:00:00Z,1.0414553
2022-08-07T00:00:00Z,0.99289119
2022-08-06T00:00:00Z,0.96660415
2022-08-05T00:00:00Z,1.02822661
2022-08-04T00:00:00Z,0.9646939
2022-08-03T00:00:00Z,0.99060781
2022-08-02T00:00:00Z,1.01567829
2022-08-01T00:00:00Z,0.9577695
2022-07-31T00:00:00Z,0.99021603
2022-07-30T00:00:00Z,0.97147318
2022-07-29T00:00:00Z,0.97482961
2022-07-28T00:00:00Z,1.033866
2022-07-27T00:00:00Z,1.05496212
2022-07-26T00:00:00Z,1.004127
2022-07-25T00:00:00Z,0.94586324
2022-07-24T00:00:00Z,1.04129156
2022-07-23T00:00:00Z,0.99377071
2022-07-22T00:00:00Z,0.99719129
2022-07-21T00:00:00Z,1.02796617
2022-07-20T00:00:00Z,0.99031447
2022-07-19T00:00:00Z,1.00188984
2022-07-18T00:00:00Z,1.05691392
2022-07-17T00:00:00Z,1.00074613
2022-07-16T00:00:00Z,1.08557213
2022-07-15T00:00:00Z,1.06603925
2022-07-14T00:00:00Z,1.07690968
2022-07-13T00:00:00Z,1.06214322
2022-07-12T00:00:00Z,0.98384522
2022-07-11T00:00:00Z,0.97631666
2022-07-10T00:00:00Z,0.95168446
2022-07-09T00:00:00Z,1.0204337
2022-07-08T00:00:00Z,1.02543131
2022-07-07T00:00:00Z,1.06473742
2022-07-06T00:00:00Z,1.05647891
2022-07-05T00:00:00Z,1.01734536
2022-07-04T00:00:00Z,1.08471352
2022-07-03T00:00:00Z,1.02123818
2022-07-02T00:00:00Z,1.03270942
2022-07-01T00:00:00Z,1.03320341
2022-06-30T00:00:00Z,1.00630303
2022-06-29T00:00:00Z,1.01075417
2022-06-28T00:00:00Z,0.99156851
2022-06-27T00:00:00Z,0.98790082
2022-06-26T00:00:00Z,1.00688023
2022-06-25T00:00:00Z,1.03126992
2022-06-24T00:00:00Z,1.08993255
2022-06-23T00:00:00Z,1.06670412
2022-06-22T00:00:00Z,0.9674246
2022-06-21T00:00:00Z,1.02107825
2022-06-20T00:00:00Z,1.01681743
2022-06-19T00:00:00Z,1.08345267
2022-06-18T00:00:00Z,0.99662928
2022-06-17T00:00:00Z,1.01144303
2022-06-16T00:00:00Z,0.99470694
2022-06-15T00:00:00Z,1.00709862
2022-06-14T00:00:00Z,1.04961899
2022-06-13T00:00:00Z,1.01248456
2022-06-12T00:00:00Z,1.00818212
2022-06-11T00:00:00Z,0.94360325
2022-06-10T00:00:00Z,0.91627224
2022-06-09T00:00:00Z,0.98203962
2022-06-08T00:00:00Z,0.98490349
2022-06-07T00:00:00Z,0.97135808
2022-06-06T00:00:00Z,1.03622656
2022-06-05T00:00:00Z,1.04303478
2022-06-04T00:00:00Z,1.00668551
2022-06-03T00:00:00Z,0.97490074
2022-06-02T00:00:00Z,0.99320721
2022-06-01T00:00:00Z,0.94544401
2022-05-31T00:00:00Z,0.96210151
2022-05-30T00:00:00Z,1.08671778
2022-05-29T00:00:00Z,1.03974858
2022-05-28T00:00:00Z,1.01605701
2022-05-27T00:00:00Z,1.00146112
2022-05-26T00:00:00Z,0.95809883
2022-05-25T00:00:00Z,0.9699232
2022-05-24T00:00:00Z,0.99396558
2022-05-23T00:00:00Z,0.96929763
2022-05-22T00:00:00Z,1.07799858
2022-05-21T00:00:00Z,1.0029419
2022-05-20T00:00:00Z,0.98569408
2022-05-19T00:00:00Z,1.05341846
2022-05-18T00:00:00Z,0.9326829
2022-05-17T00:00:00Z,1.04763114
2022-05-16T00:00:00Z,0.98337919
2022-05-15T00:00:00Z,1.04473752
2022-05-14T00:00:00Z,1.0293201
2022-05-13T00:00:00Z,1.01844247
2022-05-12T00:00:00Z,0.99240354
2022-05-11T00:00:00Z,0.98427522
2022-05-10T00:00:00Z,1.02129087
2022-05-09T00:00:00Z,0.97354709
2022-05-08T00:00:00Z,0.95600889
2022-05-07T00:00:00Z,0.95068239
2022-05-06T00:00:00Z,0.97901962
2022-05-05T00:00:00Z,0.92085487
2022-05-04T00:00:00Z,1.06647438
2022-05-03T00:00:00Z,0.96212231
2022-05-02T00:00:00Z,1.02874059
2022-05-01T00:00:00Z,1.07196586
2022-04-30T00:00:00Z,0.93747181
2022-04-29T00:00:00Z,0.9277403
2022-04-28T00:00:00Z,1.0501045
2022-04-27T00:00:00Z,1.03407162
2022-04-26T00:00:00Z,0.92508873
2022-04-25T00:00:00Z,1.00302315
2022-04-24T00:00:00Z,0.99092572
2022-04-23T00:00:00Z,0.93899437
2022-04-22T00:00:00Z,0.9741238
2022-04-21T00:00:00Z,0.97396281
2022-04-20T00:00:00Z,0.98714847
2022-04-19T00:00:00Z,1.0513401
2022-04-18T00:00:00Z,1.02427242
2022-04-17T00:00:00Z,0.96625198
2022-04-16T00:00:00Z,1.05613661
2022-04-15T00:00:00Z,1.0501193
2022-04-14T00:00:00Z,0.92593658
2022-04-13T00:00:00Z,1.04374024
2022-04-12T00:00:00Z,1.0170851
2022-04-11T00:00:00Z,0.91361195
2022-04-10T00:00:00Z,0.9359183
2022-04-09T00:00:00Z,1.06611804
2022-04-08T00:00:00Z,0.97456759
2022-04-07T00:00:00Z,0.98283055
2022-04-06T00:00:00Z,0.94018405
2022-04-05T00:00:00Z,0.91190795
2022-04-04T00:00:00Z,0.977133
2022-04-03T00:00:00Z,1.01716694
2022-04-02T00:00:00Z,0.99242302
2022-04-01T00:00:00Z,1.01908619
2022-03-31T00:00:00Z,0.94356837
2022-03-30T00:00:00Z,0.97851544
2022-03-29T00:00:00Z,1.00945085
2022-03-28T00:00:00Z,0.9981537
2022-03-27T00:00:00Z,1.09341858
2022-03-26T00:00:00Z,1.00757556
2022-03-25T00:00:00Z,0.99103832
2022-03-24T00:00:00Z,1.02874387
2022-03-23T00:00:00Z,0.98531389
2022-03-22T00:00:00Z,1.01171564
2022-03-21T00:00:00Z,1.0098698
2022-03-20T00:00:00Z,0.94701835
2022-03-19T00:00:00Z,0.9662615
2022-03-18T00:00:00Z,1.05742049
2022-03-17T00:00:00Z,1.03363573
2022-03-16T00:00:00Z,1.06916541
2022-03-15T00:00:00Z,1.02779081
2022-03-14T00:00:00Z,1.03383488
2022-03-13T00:00:00Z,0.95300193
2022-03-12T00:00:00Z,1.01059259
2022-03-11T00:00:00Z,0.98808824
2022-03-10T00:00:00Z,0.95040963
2022-03-09T00:00:00Z,1.04673486
2022-03-08T00:00:00Z,1.01332017
2022-03-07T00:00:00Z,0.98421445
2022-03-06T00:00:00Z,0.94573288
2022-03-05T00:00:00Z,0.98948029
2022-03-04T00:00:00Z,0.941697
2022-03-03T00:00:00Z,0.93649582
2022-03-02T00:00:00Z,0.98324697
2022-03-01T00:00:00Z,1.00484339
2022-02-28T00:00:00Z,1.04828686
2022-02-27T00:00:00Z,0.96364404
2022-02-26T00:00:00Z,1.01182864
2022-02-25T00:00:00Z,1.04623024
2022-02-24T00:00:00Z,1.01482664
2022-02-23T00:00:00Z,0.9780732
2022-02-22T00:00:00Z,1.02972
2022-02-21T00:00:00Z,1.01639445
2022-02-20T00:00:00Z,0.96465509
2022-02-19T00:00:00Z,0.98157539
2022-02-18T00:00:00Z,0.98601874
2022-02-17T00:00:00Z,0.93279535
2022-02-16T00:00:00Z,0.98427779
2022-02-15T00:00:00Z,1.07893845
2022-02-14T00:00:00Z,1.01540646
2022-02-13T00:00:00Z,0.96785142
2022-02-12T00:00:00Z,0.97618217
2022-02-11T00:00:00Z,0.95301978
2022-02-10T00:00:00Z,0.99119363
2022-02-09T00:00:00Z,1.03249401
2022-02-08T00:00:00Z,0.98059651
2022-02-07T00:00:00Z,1.03279036
2022-02-06T00:00:00Z,1.01587697
2022-02-05T00:00:00Z,1.02232811
2022-02-04T00:00:00Z,1.09312429
2022-02-03T00:00:00Z,1.00437177
2022-02-02T00:00:00Z,0.96739763
2022-02-01T00:00:00Z,1.05691684
2022-01-31T00:00:00Z,1.06155385
2022-01-30T00:00:00Z,1.05647342
2022-01-29T00:00:00Z,1.0231756
2022-01-28T00:00:00Z,1.04405885
2022-01-27T00:00:00Z,1.00434378
2022-01-26T00:00:00Z,1.0265327
2022-01-25T00:00:00Z,1.02770203
2022-01-24T00:00:00Z,1.01103975
2022-01-23T00:00:00Z,1.03507382
2022-01-22T00:00:00Z,0.98692341
2022-01-21T00:00:00Z,0.95057158
2022-01-20T00:00:00Z,1.01866774
2022-01-19T00:00:00Z,0.98513793
2022-01-18T00:00:00Z,0.98965984
2022-01-17T00:00:00Z,0.97743265
2022-01-16T00:00:00Z,1.03443309
2022-01-15T00:00:00Z,0.98984268
2022-01-14T00:00:00Z,1.0034784
2022-01-13T00:00:00Z,0.98616195
2022-01-12T00:00:00Z,1.04885001
2022-01-11T00:00:00Z,1.01806488
2022-01-10T00:00:00Z,0.98225094
2022-01-09T00:00:00Z,1.0119547
2022-01-08T00:00:00Z,0.95873947
2022-01-07T00:00:00Z,0.95923219
2022-01-06T00:00:00Z,0.96412579
2022-01-05T00:00:00Z,0.93929788
2022-01-04T00:00:00Z,1.02426828
2022-01-03T00:00:00Z,0.96142788
2022-01-02T00:00:00Z,1.0541999
2022-01-01T00:00:00Z,0.98500224
2021-12-31T00:00:00Z,0.97185972
2021-12-30T00:00:00Z,0.99198897
2021-12-29T00:00:00Z,0.92930803
2021-12-28T00:00:00Z,0.9195271
2021-12-27T00:00:00Z,0.96373556
2021-12-26T00:00:00Z,0.95324794
2021-12-25T00:00:00Z,1.01973388
2021-12-24T00:00:00Z,0.94760389
2021-12-23T00:00:00Z,1.00478277
2021-12-22T00:00:00Z,0.98384091
2021-12-21T00:00:00Z,1.03559944
2021-12-20T00:00:00Z,0.9864362
2021-12-19T00:00:00Z,0.98763792
2021-12-18T00:00:00Z,1.01762873
2021-12-17T00:00:00Z,0.96821083
2021-12-16T00:00:00Z,0.99223643
2021-12-15T00:00:00Z,1.00841318
2021-12-14T00:00:00Z,1.01635473
2021-12-13T00:00:00Z,0.9048869
2021-12-12T00:00:00Z,1.02194532
2021-12-11T00:00:00Z,0.989121
2021-12-10T00:00:00Z,0.95733338
2021-12-09T00:00:00Z,0.94319719
2021-12-08T00:00:00Z,1.01583492
2021-12-07T00:00:00Z,1.01197414
2021-12-06T00:00:00Z,1.01176913
2021-12-05T00:00:00Z,0.99818031
2021-12-04T00:00:00Z,0.93025272
2021-12-03T00:00:00Z,0.9325035
2021-12-02T00:00:00Z,0.95193673
2021-12-01T00:00:00Z,0.96673176
2021-11-30T00:00:00Z,1.00453851
2021-11-29T00:00:00Z,1.03118117
2021-11-28T00:00:00Z,0.98260216
2021-11-27T00:00:00Z,0.95917604
2021-11-26T00:00:00Z,0.90792891
2021-11-25T00:00:00Z,1.02673689
2021-11-24T00:00:00Z,0.97067635
2021-11-23T00:00:00Z,1.02579308
2021-11-22T00:00:00Z,0.96067005
2021-11-21T00:00:00Z,0.9229867
2021-11-20T00:00:00Z,1.01580042
2021-11-19T00:00:00Z,1.01612507
2021-11-18T00:00:00Z,0.93145228
2021-11-17T00:00:00Z,0.96738478
2021-11-16T00:00:00Z,0.90643575
2021-11-15T00:00:00Z,0.9205372
2021-11-14T00:00:00Z,0.98294752
2021-11-13T00:00:00Z,0.96619936
2021-11-12T00:00:00Z,0.9410572
2021-11-11T00:00:00Z,0.98179052
2021-11-10T00:00:00Z,0.93513654
2021-11-09T00:00:00Z,0.95730646
2021-11-08T00:00:00Z,0.97697735
2021-11-07T00:00:00Z,1.00286379
2021-11-06T00:00:00Z,0.93513264
2021-11-05T00:00:00Z,0.93281598
2021-11-04T00:00:00Z,0.89580062
2021-11-03T00:00:00Z,0.97536174
2021-11-02T00:00:00Z,1.01522341
2021-11-01T00:00:00Z,0.95020896
2021-10-31T00:00:00Z,0.94602361
2021-10-30T00:00:00Z,0.9272524
2021-10-29T00:00:00Z,0.98052009
2021-10-28T00:00:00Z,1.02238752
2021-10-27T00:00:00Z,0.93233957
2021-10-26T00:00:00Z,0.93474528
2021-10-25T00:00:00Z,0.96741728
2021-10-24T00:00:00Z,0.92797383
2021-10-23T00:00:00Z,1.00538718
2021-10-22T00:00:00Z,0.91574546
2021-10-21T00:00:00Z,0.92860934
2021-10-20T00:00:00Z,0.96967729
2021-10-19T00:00:00Z,0.97764345
2021-10-18T00:00:00Z,0.92354668
2021-10-17T00:00:00Z,0.92102152
2021-10-16T00:00:00Z,0.92789768
2021-10-15T00:00:00Z,0.97153182
2021-10-14T00:00:00Z,1.03083186
2021-10-13T00:00:00Z,0.98980447
2021-10-12T00:00:00Z,0.97273339
2021-10-11T00:00:00Z,0.9813564
2021-10-10T00:00:00Z,0.92002423
2021-10-09T00:00:00Z,0.96618159
2021-10-08T00:00:00Z,0.94644876
2021-10-07T00:00:00Z,0.9687464
2021-10-06T00:00:00Z,0.98957077
2021-10-05T00:00:00Z,1.02102801
2021-10-04T00:00:00Z,0.99113582
2021-10-03T00:00:00Z,1.00481443
2021-10-02T00:00:00Z,1.01670609
2021-10-01T00:00:00Z,1.08327839
2021-09-30T00:00:00Z,1.02137714
2021-09-29T00:00:00Z,0.99361363
2021-09-28T00:00:00Z,0.97470997
2021-09-27T00:00:00Z,0.96082191
2021-09-26T00:00:00Z,1.0168846
2021-09-25T00:00:00Z,1.00730871
2021-09-24T00:00:00Z,0.9846907
2021-09-23T00:00:00Z,0.99850963
2021-09-22T00:00:00Z,1.04733774
2021-09-21T00:00:00Z,0.95566153
2021-09-20T00:00:00Z,0.93166795
2021-09-19T00:00:00Z,0.92103551
2021-09-18T00:00:00Z,0.96288638
2021-09-17T00:00:00Z,0.92359491
2021-09-16T00:00:00Z,0.96381516
2021-09-15T00:00:00Z,1.03372886
2021-09-14T00:00:00Z,1.02980155
2021-09-13T00:00:00Z,0.96970268
2021-09-12T00:00:00Z,0.9875221
2021-09-11T00:00:00Z,0.99113774
2021-09-10T00:00:00Z,0.94227108
2021-09-09T00:00:00Z,0.97055322
2021-09-08T00:00:00Z,0.98733335
2021-09-07T00:00:00Z,0.91657821
2021-09-06T00:00:00Z,0.91699561
2021-09-05T00:00:00Z,0.97005711
2021-09-04T00:00:00Z,0.94733654
2021-09-03T00:00:00Z,0.98594599
2021-09-02T00:00:00Z,0.95814149
2021-09-01T00:00:00Z,1.04937872
2021-08-31T00:00:00Z,0.98842896
2021-08-30T00:00:00Z,0.95626389
2021-08-29T00:00:00Z,0.96411659
2021-08-28T00:00:00Z,0.9255189
2021-08-27T00:00:00Z,1.04239497
2021-08-26T00:00:00Z,0.9317768
2021-08-25T00:00:00Z,0.97441885
2021-08-24T00:00:00Z,0.93229029
2021-08-23T00:00:00Z,0.9947329
2021-08-22T00:00:00Z,0.96199114
2021-08-21T00:00:00Z,0.93641219
2021-08-20T00:00:00Z,0.98387913
2021-08-19T00:00:00Z,0.98157935
2021-08-18T00:00:00Z,0.98079636
2021-08-17T00:00:00Z,0.9413867
2021-08-16T00:00:00Z,0.91628615
2021-08-15T00:00:00Z,0.96307153
2021-08-14T00:00:00Z,0.94190901
2021-08-13T00:00:00Z,1.0106461
2021-08-12T00:00:00Z,0.94424209
2021-08-11T00:00:00Z,0.96746584
2021-08-10T00:00:00Z,0.95898677
2021-08-09T00:00:00Z,0.97423425
2021-08-08T00:00:00Z,0.95672047
2021-08-07T00:00:00Z,1.00815912
2021-08-06T00:00:00Z,0.98687592
2021-08-05T00:00:00Z,0.97769082
2021-08-04T00:00:00Z,1.01933517
2021-08-03T00:00:00Z,0.94680426
2021-08-02T00:00:00Z,0.98316256
2021-08-01T00:00:00Z,0.98589281
2021-07-31T00:00:00Z,1.00248643
2021-07-30T00:00:00Z,1.00710529
2021-07-29T00:00:00Z,1.0360501
2021-07-28T00:00:00Z,0.96680111
2021-07-27T00:00:00Z,0.97961342
2021-07-26T00:00:00Z,0.98919967
2021-07-25T00:00:00Z,0.99902931
2021-07-24T00:00:00Z,1.01707159
2021-07-23T00:00:00Z,1.05424091
2021-07-22T00:00:00Z,1.02664469
2021-07-21T00:00:00Z,1.06272429
2021-07-20T00:00:00Z,0.9862346
2021-07-19T00:00:00Z,0.92961509
2021-07-18T00:00:00Z,0.9946326
2021-07-17T00:00:00Z,1.01219402
2021-07-16T00:00:00Z,1.00093582
2021-07-15T00:00:00Z,0.99598896
2021-07-14T00:00:00Z,1.00724472
2021-07-13T00:00:00Z,0.96309007
2021-07-12T00:00:00Z,0.91231998
2021-07-11T00:00:00Z,1.02152741
2021-07-10T00:00:00Z,0.98122437
2021-07-09T00:00:00Z,1.02750049
2021-07-08T00:00:00Z,0.95490833
2021-07-07T00:00:00Z,0.98501429
2021-07-06T00:00:00Z,1.01455215
2021-07-05T00:00:00Z,0.94598195
2021-07-04T00:00:00Z,1.01847847
2021-07-03T00:00:00Z,1.03473966
2021-07-02T00:00:00Z,1.00152728
2021-07-01T00:00:00Z,0.97378174
2021-06-30T00:00:00Z,1.01702303
2021-06-29T00:00:00Z,1.00516771
2021-06-28T00:00:00Z,1.02045393
2021-06-27T00:00:00Z,1.03626611
2021-06-26T00:00:00Z,1.01812656
2021-06-25T00:00:00Z,0.97576324
2021-06-24T00:00:00Z,1.03301011
2021-06-23T00:00:00Z,1.02780715
2021-06-22T00:00:00Z,1.01027788
2021-06-21T00:00:00Z,0.98455776
2021-06-20T00:00:00Z,1.008614
2021-06-19T00:00:00Z,1.03011616
2021-06-18T00:00:00Z,0.93432281
2021-06-17T00:00:00Z,0.98928426
2021-06-16T00:00:00Z,0.9387244
2021-06-15T00:00:00Z,0.96821418
2021-06-14T00:00:00Z,1.00182085
2021-06-13T00:00:00Z,1.0368628
2021-06-12T00:00:00Z,1.00847714
2021-06-11T00:00:00Z,1.00677505
2021-06-10T00:00:00Z,0.9773043
2021-06-09T00:00:00Z,1.0315017
2021-06-08T00:00:00Z,0.98220868
2021-06-07T00:00:00Z,0.98829325
2021-06-06T00:00:00Z,1.02730128
2021-06-05T00:00:00Z,0.98565862
2021-06-04T00:00:00Z,0.97975335
2021-06-03T00:00:00Z,0.99856307
2021-06-02T00:00:00Z,0.98662695
2021-06-01T00:00:00Z,0.9844924
2021-05-31T00:00:00Z,1.03733532
2021-05-30T00:00:00Z,1.01376062
2021-05-29T00:00:00Z,0.99197571
2021-05-28T00:00:00Z,0.97830626
2021-05-27T00:00:00Z,0.99036937
2021-05-26T00:00:00Z,0.99372068
2021-05-25T00:00:00Z,0.99075192
2021-05-24T00:00:00Z,1.03079283
2021-05-23T00:00:00Z,0.97710005
2021-05-22T00:00:00Z,1.00668659
2021-05-21T00:00:00Z,0.98969011
2021-05-20T00:00:00Z,0.99599701
2021-05-19T00:00:00Z,0.95603531
2021-05-18T00:00:00Z,0.99353102
2021-05-17T00:00:00Z,0.9549747
2021-05-16T00:00:00Z,0.95682617
2021-05-15T00:00:00Z,0.94840162
2021-05-14T00:00:00Z,0.98340702
2021-05-13T00:00:00Z,0.98895725
2021-05-12T00:00:00Z,0.95816168
2021-05-11T00:00:00Z,0.95654842
2021-05-10T00:00:00Z,0.95480022
2021-05-09T00:00:00Z,0.92977252
2021-05-08T00:00:00Z,1.00006532
2021-05-07T00:00:00Z,0.95379134
2021-05-06T00:00:00Z,0.9412196
2021-05-05T00:00:00Z,0.9596552
2021-05-04T00:00:00Z,0.9401178
2021-05-03T00:00:00Z,1.00305219
2021-05-02T00:00:00Z,0.94979865
2021-05-01T00:00:00Z,1.00194732
2021-04-30T00:00:00Z,0.96967411
2021-04-29T00:00:00Z,0.98657549
2021-04-28T00:00:00Z,0.98437318
2021-04-27T00:00:00Z,1.00752112
2021-04-26T00:00:00Z,1.0218843
2021-04-25T00:00:00Z,0.98132738
2021-04-24T00:00:00Z,0.95848582
2021-04-23T00:00:00Z,0.95750572
2021-04-22T00:00:00Z,0.97991742
2021-04-21T00:00:00Z,1.00178551
2021-04-20T00:00:00Z,0.98228716
2021-04-19T00:00:00Z,0.96914872
2021-04-18T00:00:00Z,0.92108129
2021-04-17T00:00:00Z,0.93473257
2021-04-16T00:00:00Z,0.92965643
2021-04-15T00:00:00Z,0.9752365
2021-04-14T00:00:00Z,0.94885078
2021-04-13T00:00:00Z,1.00875325
2021-04-12T00:00:00Z,0.92248539
2021-04-11T00:00:00Z,0.96716262
2021-04-10T00:00:00Z,1.00476218
2021-04-09T00:00:00Z,0.93139443
2021-04-08T00:00:00Z,0.98995517
2021-04-07T00:00:00Z,0.91951827
2021-04-06T00:00:00Z,0.92741763
2021-04-05T00:00:00Z,0.96843133
2021-04-04T00:00:00Z,0.96632953
2021-04-03T00:00:00Z,0.92668137
2021-04-02T00:00:00Z,1.02445053
2021-04-01T00:00:00Z,0.9803928
2021-03-31T00:00:00Z,0.98234509
2021-03-30T00:00:00Z,1.02519794
2021-03-29T00:00:00Z,1.04121377
2021-03-28T00:00:00Z,0.97272491
2021-03-27T00:00:00Z,0.99279274
2021-03-26T00:00:00Z,1.05754569
2021-03-25T00:00:00Z,0.99290152
2021-03-24T00:00:00Z,0.92638219
2021-03-23T00:00:00Z,0.95592869
2021-03-22T00:00:00Z,0.95938065
2021-03-21T00:00:00Z,1.00524227
2021-03-20T00:00:00Z,0.98012015
2021-03-19T00:00:00Z,0.9905447
2021-03-18T00:00:00Z,0.99932185
2021-03-17T00:00:00Z,0.99348075
2021-03-16T00:00:00Z,0.98597585
2021-03-15T00:00:00Z,0.97567467
2021-03-14T00:00:00Z,0.96162621
2021-03-13T00:00:00Z,1.00064374
2021-03-12T00:00:00Z,0.96725171
2021-03-11T00:00:00Z,1.00821646
2021-03-10T00:00:00Z,0.96107078
2021-03-09T00:00:00Z,0.97931369
2021-03-08T00:00:00Z,0.98363176
2021-03-07T00:00:00Z,1.00258527
2021-03-06T00:00:00Z,0.99924654
2021-03-05T00:00:00Z,1.00306189
2021-03-04T00:00:00Z,0.98549415
2021-03-03T00:00:00Z,1.00191485
2021-03-02T00:00:00Z,0.9827663
2021-03-01T00:00:00Z,1.01915959
2021-02-28T00:00:00Z,1.00422582
2021-02-27T00:00:00Z,1.00586184
2021-02-26T00:00:00Z,0.95291082
2021-02-25T00:00:00Z,0.96039737
2021-02-24T00:00:00Z,0.97766664
2021-02-23T00:00:00Z,0.99129333
2021-02-22T00:00:00Z,0.9860664
2021-02-21T00:00:00Z,0.98411309
2021-02-20T00:00:00Z,0.96979469
2021-02-19T00:00:00Z,0.97750975
2021-02-18T00:00:00Z,0.9972447
2021-02-17T00:00:00Z,0.99050305
2021-02-16T00:00:00Z,1.01596689
2021-02-15T00:00:00Z,1.00194004
2021-02-14T00:00:00Z,1.03427546
2021-02-13T00:00:00Z,0.99379087
2021-02-12T00:00:00Z,0.99309091
2021-02-11T00:00:00Z,0.99054859
2021-02-10T00:00:00Z,0.99925627
2021-02-09T00:00:00Z,1.00157732
2021-02-08T00:00:00Z,1.02104332
2021-02-07T00:00:00Z,0.98465203
2021-02-06T00:00:00Z,1.00364766
2021-02-05T00:00:00Z,1.01260659
2021-02-04T00:00:00Z,0.98929147
2021-02-03T00:00:00Z,1.00667036
2021-02-02T00:00:00Z,1.02318382
2021-02-01T00:00:00Z,1.01116721
2021-01-31T00:00:00Z,0.9986201
2021-01-30T00:00:00Z,1.01034062
2021-01-29T00:00:00Z,1.0011967
2021-01-28T00:00:00Z,1.042839
2021-01-27T00:00:00Z,1.00280579
2021-01-26T00:00:00Z,1.00347359
2021-01-25T00:00:00Z,0.99474202
2021-01-24T00:00:00Z,1.02111214
2021-01-23T00:00:00Z,1.02151214
2021-01-22T00:00:00Z,1.01552818
2021-01-21T00:00:00Z,1.00324684
2021-01-20T00:00:00Z,1.00389414
2021-01-19T00:00:00Z,1.01265323
2021-01-18T00:00:00Z,1.03387703
2021-01-17T00:00:00Z,0.99578868
2021-01-16T00:00:00Z,1.03718504
2021-01-15T00:00:00Z,1.02774187
2021-01-14T00:00:00Z,1.01045626
2021-01-13T00:00:00Z,1.05195888
2021-01-12T00:00:00Z,1.02337161
2021-01-11T00:00:00Z,1.02688468
2021-01-10T00:00:00Z,1.00695808
2021-01-09T00:00:00Z,1.03389929
2021-01-08T00:00:00Z,1.00741946
2021-01-07T00:00:00Z,1.0181158
2021-01-06T00:00:00Z,1.03306983
2021-01-05T00:00:00Z,1.0165608
2021-01-04T00:00:00Z,1.01978615
2021-01-03T00:00:00Z,1.03473159
2021-01-02T00:00:00Z,1.0302234
2021-01-01T00:00:00Z,1.04317779
2020-12-31T00:00:00Z,1.01804362
2020-12-30T00:00:00Z,1.00814667
2020-12-29T00:00:00Z,1.02674536
2020-12-28T00:00:00Z,1.00942778
2020-12-27T00:00:00Z,1.03735217
2020-12-26T00:00:00Z,1.02287036
2020-12-25T00:00:00Z,1.00506017
2020-12-24T00:00:00Z,1.03141029
2020-12-23T00:00:00Z,1.03025888
2020-12-22T00:00:00Z,1.01959216
2020-12-21T00:00:00Z,0.9998148
2020-12-20T00:00:00Z,1.05593458
2020-12-19T00:00:00Z,1.06053399
2020-12-18T00:00:00Z,1.0287433
2020-12-17T00:00:00Z,1.03851181
2020-12-16T00:00:00Z,1.0343826
2020-12-15T00:00:00Z,1.00201424
2020-12-14T00:00:00Z,1.02034724
2020-12-13T00:00:00Z,1.03723524
2020-12-12T00:00:00Z,1.07501873
2020-12-11T00:00:00Z,1.02822251
2020-12-10T00:00:00Z,1.03392645
2020-12-09T00:00:00Z,1.04002412
2020-12-08T00:00:00Z,1.02651426
2020-12-07T00:00:00Z,1.0197992
2020-12-06T00:00:00Z,1.03378144
2020-12-05T00:00:00Z,1.04009382
2020-12-04T00:00:00Z,1.02642345
2020-12-03T00:00:00Z,1.08370886
2020-12-02T00:00:00Z,1.03293345
2020-12-01T00:00:00Z,1.06463057
2020-11-30T00:00:00Z,1.04283016
2020-11-29T00:00:00Z,1.04810859
2020-11-28T00:00:00Z,1.04305981
2020-11-27T00:00:00Z,1.03595238
2020-11-26T00:00:00Z,1.03468553
2020-11-25T00:00:00Z,1.02997307
2020-11-24T00:00:00Z,1.0434683
2020-11-23T00:00:00Z,1.02659703
2020-11-22T00:00:00Z,1.05167093
2020-11-21T00:00:00Z,1.03105032
2020-11-20T00:00:00Z,1.0263684
2020-11-19T00:00:00Z,1.02777503
2020-11-18T00:00:00Z,1.04117479
2020-11-17T00:00:00Z,1.04187019
2020-11-16T00:00:00Z,1.03324791
2020-11-15T00:00:00Z,1.03865629
2020-11-14T00:00:00Z,1.03236024
2020-11-13T00:00:00Z,1.03090118
2020-11-12T00:00:00Z,1.02431405
2020-11-11T00:00:00Z,1.03938441
2020-11-10T00:00:00Z,1.01078953
2020-11-09T00:00:00Z,1.02724066
2020-11-08T00:00:00Z,1.03804274
2020-11-07T00:00:00Z,1.02671628
2020-11-06T00:00:00Z,1.00400788
2020-11-05T00:00:00Z,1.02731038
2020-11-04T00:00:00Z,1.00717094
2020-11-03T00:00:00Z,1.02346076
2020-11-02T00:00:00Z,1.00244112
2020-11-01T00:00:00Z,1.00122593
2020-10-31T00:00:00Z,1.02979569
2020-10-30T00:00:00Z,0.99790659
2020-10-29T00:00:00Z,0.9996627
2020-10-28T00:00:00Z,0.99302135
2020-10-27T00:00:00Z,1.04440395
2020-10-26T00:00:00Z,1.03406976
2020-10-25T00:00:00Z,1.03755488
2020-10-24T00:00:00Z,1.04945299
2020-10-23T00:00:00Z,1.01515596
2020-10-22T00:00:00Z,1.04230642
2020-10-21T00:00:00Z,1.04905032
2020-10-20T00:00:00Z,1.01965827
2020-10-19T00:00:00Z,1.00013191
2020-10-18T00:00:00Z,1.0286377
2020-10-17T00:00:00Z,1.01083055
2020-10-16T00:00:00Z,1.00575134
2020-10-15T00:00:00Z,1.04025865
2020-10-14T00:00:00Z,1.00330595
2020-10-13T00:00:00Z,1.00990637
2020-10-12T00:00:00Z,1.03810544
2020-10-11T00:00:00Z,1.05503966
2020-10-10T00:00:00Z,1.03923973
2020-10-09T00:00:00Z,1.00029173
2020-10-08T00:00:00Z,0.95862599
2020-10-07T00:00:00Z,1.01918628
2020-10-06T00:00:00Z,0.98355337
2020-10-05T00:00:00Z,1.01619417
2020-10-04T00:00:00Z,0.99808123
2020-10-03T00:00:00Z,0.94979773
2020-10-02T00:00:00Z,0.98192577
2020-10-01T00:00:00Z,0.9856372
2020-09-30T00:00:00Z,0.97452714
2020-09-29T00:00:00Z,0.96711119
2020-09-28T00:00:00Z,0.99443179
2020-09-27T00:00:00Z,0.9899117
2020-09-26T00:00:00Z,0.96241249
2020-09-25T00:00:00Z,0.97320904
2020-09-24T00:00:00Z,0.99182786
2020-09-23T00:00:00Z,0.95084044
2020-09-22T00:00:00Z,0.96235389
2020-09-21T00:00:00Z,0.95362016
2020-09-20T00:00:00Z,0.96876326
2020-09-19T00:00:00Z,0.95548845
2020-09-18T00:00:00Z,0.97345373
2020-09-17T00:00:00Z,0.98013955
2020-09-16T00:00:00Z,0.95716209
2020-09-15T00:00:00Z,0.97237357
2020-09-14T00:00:00Z,0.99106159
2020-09-13T00:00:00Z,0.95363642
2020-09-12T00:00:00Z,0.97443038
2020-09-11T00:00:00Z,0.96399122
2020-09-10T00:00:00Z,0.96924647
2020-09-09T00:00:00Z,1.00630372
2020-09-08T00:00:00Z,0.97366671
2020-09-07T00:00:00Z,0.97837936
2020-09-06T00:00:00Z,1.05069571
2020-09-05T00:00:00Z,1.02484512
2020-09-04T00:00:00Z,1.04327284
2020-09-03T00:00:00Z,1.03329537
2020-09-02T00:00:00Z,1.03246937
2020-09-01T00:00:00Z,1.07786218
2020-08-31T00:00:00Z,1.04588285
2020-08-30T00:00:00Z,1.09534006
2020-08-29T00:00:00Z,1.04012492
2020-08-28T00:00:00Z,1.04940538
2020-08-27T00:00:00Z,1.03345928
2020-08-26T00:00:00Z,1.04170984
2020-08-25T00:00:00Z,0.98400623
2020-08-24T00:00:00Z,1.0640369
2020-08-23T00:00:00Z,1.05980172
2020-08-22T00:00:00Z,1.05515926
2020-08-21T00:00:00Z,1.01566831
2020-08-20T00:00:00Z,1.04936869
2020-08-19T00:00:00Z,1.00087257
2020-08-18T00:00:00Z,1.00260141
2020-08-17T00:00:00Z,1.05147096
2020-08-16T00:00:00Z,1.05792466
2020-08-15T00:00:00Z,1.0669397
2020-08-14T00:00:00Z,1.09223256
2020-08-13T00:00:00Z,1.06143339
2020-08-12T00:00:00Z,1.05378329
2020-08-11T00:00:00Z,1.01297349
2020-08-10T00:00:00Z,1.04081885
2020-08-09T00:00:00Z,1.01522545
2020-08-08T00:00:00Z,1.04850663
2020-08-07T00:00:00Z,1.01765367
2020-08-06T00:00:00Z,1.02816042
2020-08-05T00:00:00Z,1.06404216
2020-08-04T00:00:00Z,1.05610916
2020-08-03T00:00:00Z,1.04723998
2020-08-02T00:00:00Z,1.06637209
2020-08-01T00:00:00Z,1.05533619
2020-07-31T00:00:00Z,1.07052496
2020-07-30T00:00:00Z,1.05077861
2020-07-29T00:00:00Z,1.03168468
2020-07-28T00:00:00Z,1.04089897
2020-07-27T00:00:00Z,1.02788215
2020-07-26T00:00:00Z,1.04022625
2020-07-25T00:00:00Z,1.03798271
2020-07-24T00:00:00Z,0.99702157
2020-07-23T00:00:00Z,1.02720463
2020-07-22T00:00:00Z,1.00979519
2020-07-21T00:00:00Z,1.0605269
2020-07-20T00:00:00Z,0.97893874
2020-07-19T00:00:00Z,1.01448233
2020-07-18T00:00:00Z,1.0768972
2020-07-17T00:00:00Z,0.97314837
2020-07-16T00:00:00Z,0.96272397
2020-07-15T00:00:00Z,0.9346074
2020-07-14T00:00:00Z,1.05633668
2020-07-13T00:00:00Z,1.04511776
2020-07-12T00:00:00Z,1.0213007
2020-07-11T00:00:00Z,0.96080063
2020-07-10T00:00:00Z,0.98362894
2020-07-09T00:00:00Z,0.98221996
2020-07-08T00:00:00Z,1.03719844
2020-07-07T00:00:00Z,1.02088657
2020-07-06T00:00:00Z,1.08088619
2020-07-05T00:00:00Z,0.98199574
2020-07-04T00:00:00Z,1.11571422
2020-07-03T00:00:00Z,0.9511334
2020-07-02T00:00:00Z,0.94779259
2020-07-01T00:00:00Z,1.06801118
2020-06-30T00:00:00Z,0.97701118
2020-06-29T00:00:00Z,0.99363384
2020-06-28T00:00:00Z,1.03373115
2020-06-27T00:00:00Z,0.97082987
2020-06-26T00:00:00Z,1.00712159
2020-06-25T00:00:00Z,1.00725653
2020-06-24T00:00:00Z,0.98212885
2020-06-23T00:00:00Z,1.0069346
2020-06-22T00:00:00Z,1.08003516
2020-06-21T00:00:00Z,1.01221858
2020-06-20T00:00:00Z,0.96143619
2020-06-19T00:00:00Z,1.00457473
2020-06-18T00:00:00Z,1.00126852
2020-06-17T00:00:00Z,1.01607833
2020-06-16T00:00:00Z,1.01964371
2020-06-15T00:00:00Z,1.01733559
2020-06-14T00:00:00Z,0.93517412
2020-06-13T00:00:00Z,1.07081382
2020-06-12T00:00:00Z,1.01499497
2020-06-11T00:00:00Z,0.96437751
2020-06-10T00:00:00Z,1.02356386
2020-06-09T00:00:00Z,0.99445464
2020-06-08T00:00:00Z,1.03990653
2020-06-07T00:00:00Z,1.0040707
2020-06-06T00:00:00Z,1.05161627
2020-06-05T00:00:00Z,0.98895843
2020-06-04T00:00:00Z,0.99189334
2020-06-03T00:00:00Z,1.01253661
2020-06-02T00:00:00Z,0.99379098
2020-06-01T00:00:00Z,1.00981485
2020-05-31T00:00:00Z,0.99662676
2020-05-30T00:00:00Z,1.02575333
2020-05-29T00:00:00Z,0.99737278
2020-05-28T00:00:00Z,1.05952559
2020-05-27T00:00:00Z,1.02214492
2020-05-26T00:00:00Z,0.96743673
2020-05-25T00:00:00Z,1.01481041
2020-05-24T00:00:00Z,0.99406911
2020-05-23T00:00:00Z,0.97124002
2020-05-22T00:00:00Z,1.0243557
2020-05-21T00:00:00Z,0.96571954
2020-05-20T00:00:00Z,0.9963138
2020-05-19T00:00:00Z,1.02078194
2020-05-18T00:00:00Z,1.03776093
2020-05-17T00:00:00Z,1.06440021
2020-05-16T00:00:00Z,1.01312316
2020-05-15T00:00:00Z,0.97845062
2020-05-14T00:00:00Z,1.02556637
2020-05-13T00:00:00Z,1.07381036
2020-05-12T00:00:00Z,1.034077
2020-05-11T00:00:00Z,0.97097581
2020-05-10T00:00:00Z,0.99840711
2020-05-09T00:00:00Z,0.99169886
2020-05-08T00:00:00Z,1.00698842
2020-05-07T00:00:00Z,1.06815753
2020-05-06T00:00:00Z,1.01079523
2020-05-05T00:00:00Z,0.99839408
2020-05-04T00:00:00Z,1.02782547
2020-05-03T00:00:00Z,0.96559583
2020-05-02T00:00:00Z,1.02400687
2020-05-01T00:00:00Z,0.99516447
2020-04-30T00:00:00Z,0.98288598
2020-04-29T00:00:00Z,1.02560237
2020-04-28T00:00:00Z,0.99973008
2020-04-27T00:00:00Z,0.97185726
2020-04-26T00:00:00Z,1.01567151
2020-04-25T00:00:00Z,0.99316632
2020-04-24T00:00:00Z,1.01854144
2020-04-23T00:00:00Z,1.02263523
2020-04-22T00:00:00Z,1.03263538
2020-04-21T00:00:00Z,1.01310576
2020-04-20T00:00:00Z,0.97110022
2020-04-19T00:00:00Z,0.97098154
2020-04-18T00:00:00Z,1.02993853
2020-04-17T00:00:00Z,1.01035575
2020-04-16T00:00:00Z,1.03908122
2020-04-15T00:00:00Z,0.9467117
2020-04-14T00:00:00Z,0.92684922
2020-04-13T00:00:00Z,0.97849231
2020-04-12T00:00:00Z,1.02847606
2020-04-11T00:00:00Z,0.96266924
2020-04-10T00:00:00Z,0.96994199
2020-04-09T00:00:00Z,0.96333438
2020-04-08T00:00:00Z,1.07274875
2020-04-07T00:00:00Z,0.94100174
2020-04-06T00:00:00Z,1.02101526
2020-04-05T00:00:00Z,0.95264883
2020-04-04T00:00:00Z,1.02702823
2020-04-03T00:00:00Z,0.90106136
2020-04-02T00:00:00Z,1.0964055
2020-04-01T00:00:00Z,0.87879436
2020-03-31T00:00:00Z,0.96762177
2020-03-30T00:00:00Z,1.03629611
2020-03-29T00:00:00Z,0.76583531
2020-03-28T00:00:00Z,1.06318411
2020-03-27T00:00:00Z,0.9736239
2020-03-26T00:00:00Z,0.98340075
2020-03-25T00:00:00Z,0.93347637
2020-03-24T00:00:00Z,1.02390247
2020-03-23T00:00:00Z,1.02014203
2020-03-22T00:00:00Z,0.92649465
2020-03-21T00:00:00Z,0.98350177
2020-03-20T00:00:00Z,1.00794371
2020-03-19T00:00:00Z,1.0006061
2020-03-18T00:00:00Z,1.04767672
2020-03-17T00:00:00Z,0.9971053
2020-03-16T00:00:00Z,0.93007641
2020-03-15T00:00:00Z,0.94445405
2020-03-14T00:00:00Z,0.99451058
2020-03-13T00:00:00Z,1.02239748
2020-03-12T00:00:00Z,0.99220659
2020-03-11T00:00:00Z,1.02544738
2020-03-10T00:00:00Z,0.99685147
2020-03-09T00:00:00Z,1.03728952
2020-03-08T00:00:00Z,0.97473884
2020-03-07T00:00:00Z,1.00833151
2020-03-06T00:00:00Z,1.12364713
2020-03-05T00:00:00Z,1.05019909
2020-03-04T00:00:00Z,1.0000038
2020-03-03T00:00:00Z,0.99158175
2020-03-02T00:00:00Z,1.07893548
2020-03-01T00:00:00Z,1.00794834
2020-02-29T00:00:00Z,0.97111095
2020-02-28T00:00:00Z,0.9942825
2020-02-27T00:00:00Z,1.00548223
2020-02-26T00:00:00Z,0.93863785
2020-02-25T00:00:00Z,0.93580032
2020-02-24T00:00:00Z,0.94911551
2020-02-23T00:00:00Z,1.07356086
2020-02-22T00:00:00Z,0.98265563
2020-02-21T00:00:00Z,1.0471602
2020-02-20T00:00:00Z,1.00218797
2020-02-19T00:00:00Z,0.97593825
2020-02-18T00:00:00Z,1.01372973
2020-02-17T00:00:00Z,1.01690507
2020-02-16T00:00:00Z,0.95153538
2020-02-15T00:00:00Z,0.9413503
2020-02-14T00:00:00Z,1.07014182
2020-02-13T00:00:00Z,0.99735857
2020-02-12T00:00:00Z,1.0466593
2020-02-11T00:00:00Z,1.07349512
2020-02-10T00:00:00Z,0.98350487
2020-02-09T00:00:00Z,1.01724179
2020-02-08T00:00:00Z,1.00282511
2020-02-07T00:00:00Z,1.01942006
2020-02-06T00:00:00Z,1.0500689
2020-02-05T00:00:00Z,1.10787839
2020-02-04T00:00:00Z,0.92194451
2020-02-03T00:00:00Z,1.00807971
2020-02-02T00:00:00Z,0.98064702
2020-02-01T00:00:00Z,1.10053805
2020-01-31T00:00:00Z,0.89044996
2020-01-30T00:00:00Z,1.11907737
2020-01-29T00:00:00Z,0.92376529
2020-01-28T00:00:00Z,1.04441536
2020-01-27T00:00:00Z,0.98752139
2020-01-26T00:00:00Z,1.16362054
2020-01-25T00:00:00Z,0.93927277
2020-01-24T00:00:00Z,1.05144622
2020-01-23T00:00:00Z,0.88383571
2020-01-22T00:00:00Z,0.9737906
2020-01-21T00:00:00Z,1.05108926
2020-01-20T00:00:00Z,0.95860752
2020-01-19T00:00:00Z,0.92873508
2020-01-18T00:00:00Z,0.99094201
2020-01-17T00:00:00Z,1.02983963
2020-01-16T00:00:00Z,0.96645821
2020-01-15T00:00:00Z,1.00648266
2020-01-14T00:00:00Z,1.02793646
2020-01-13T00:00:00Z,0.93127776
2020-01-12T00:00:00Z,0.98453626
2020-01-11T00:00:00Z,0.99172827
2020-01-10T00:00:00Z,1.06198666
2020-01-09T00:00:00Z,0.98376924
2020-01-08T00:00:00Z,0.93803273
2020-01-07T00:00:00Z,0.99746634
2020-01-06T00:00:00Z,1.01025458
2020-01-05T00:00:00Z,1.0107028
2020-01-04T00:00:00Z,1.0464044
2020-01-03T00:00:00Z,1.03273051
2020-01-02T00:00:00Z,0.92051172
2020-01-01T00:00:00Z,1.0455299
2019-12-31T00:00:00Z,1.08028023
2019-12-30T00:00:00Z,0.90417001
2019-12-29T00:00:00Z,1.03688182
2019-12-28T00:00:00Z,1.06539214
2019-12-27T00:00:00Z,0.9212994
2019-12-26T00:00:00Z,1.06685948
2019-12-25T00:00:00Z,0.91040737
2019-12-24T00:00:00Z,1.01743016
2019-12-23T00:00:00Z,0.94941617
2019-12-22T00:00:00Z,1.1688712
2019-12-21T00:00:00Z,0.9684865
2019-12-20T00:00:00Z,1.04712097
2019-12-19T00:00:00Z,0.85504095
2019-12-18T00:00:00Z,0.99258095
2019-12-17T00:00:00Z,0.93719096
2019-12-16T00:00:00Z,0.92936218
2019-12-15T00:00:00Z,1.0162314
2019-12-14T00:00:00Z,0.91559286
2019-12-13T00:00:00Z,0.97558244
2019-12-12T00:00:00Z,1.00890347
2019-12-11T00:00:00Z,0.97948695
2019-12-10T00:00:00Z,0.87419256
2019-12-09T00:00:00Z,0.91610926
2019-12-08T00:00:00Z,1.07015831
2019-12-07T00:00:00Z,0.94931329
2019-12-06T00:00:00Z,0.97660007
2019-12-05T00:00:00Z,1.0195794
2019-12-04T00:00:00Z,0.93958141
2019-12-03T00:00:00Z,0.83637749
2019-12-02T00:00:00Z,0.85027932
2019-12-01T00:00:00Z,1.08105513
2019-11-30T00:00:00Z,0.79769593
2019-11-29T00:00:00Z,1.15276485
2019-11-28T00:00:00Z,0.78702579
2019-11-27T00:00:00Z,1.09111519
2019-11-26T00:00:00Z,0.92407191
2019-11-25T00:00:00Z,1.07467326
2019-11-24T00:00:00Z,0.85497585
2019-11-23T00:00:00Z,1.08079188
2019-11-22T00:00:00Z,0.93830679
2019-11-21T00:00:00Z,0.75103133
2019-11-20T00:00:00Z,0.96350503
2019-11-19T00:00:00Z,0.96521279
2019-11-18T00:00:00Z,0.71393904
2019-11-17T00:00:00Z,1.1210564
2019-11-16T00:00:00Z,1.1598394
2019-11-15T00:00:00Z,0.84587154
2019-11-14T00:00:00Z,0.74121661
2019-11-13T00:00:00Z,1.26792763
2019-11-12T00:00:00Z,1.07667303
2019-11-11T00:00:00Z,0.76748179
2019-11-10T00:00:00Z,1.19353178
2019-11-09T00:00:00Z,1.02826898
2019-11-08T00:00:00Z,0.85740226
2019-11-07T00:00:00Z,0.83975339
2019-11-06T00:00:00Z,0.89569746
2019-11-05T00:00:00Z,0.97309373
2019-11-04T00:00:00Z,1.32931071
2019-11-03T00:00:00Z,0.78381003
2019-11-02T00:00:00Z,1.08626614
2019-11-01T00:00:00Z,0.98569584
2019-10-31T00:00:00Z,1.05375269
2019-10-30T00:00:00Z,0.81071051
2019-10-29T00:00:00Z,1.1239928
2019-10-28T00:00:00Z,0.99961534
2019-10-27T00:00:00Z,1.01242039
2019-10-26T00:00:00Z,0.96765933
2019-10-25T00:00:00Z,1.1681944
2019-10-24T00:00:00Z,0.84191173
2019-10-23T00:00:00Z,0.84599942
2019-10-22T00:00:00Z,0.87865602
2019-10-21T00:00:00Z,0.94006039
2019-10-20T00:00:00Z,1.16280513
2019-10-19T00:00:00Z,0.96241985
2019-10-18T00:00:00Z,0.87163681
2019-10-17T00:00:00Z,1.14196885
2019-10-16T00:00:00Z,0.90503465
2019-10-15T00:00:00Z,0.86335735
2019-10-14T00:00:00Z,1.12788647
2019-10-13T00:00:00Z,1.0201591
2019-10-12T00:00:00Z,0.89887101
2019-10-11T00:00:00Z,0.90138649
2019-10-10T00:00:00Z,0.88169967
2019-10-09T00:00:00Z,1.15678306
2019-10-08T00:00:00Z,0.91150905
2019-10-07T00:00:00Z,1.30851688
2019-10-06T00:00:00Z,0.85606207
2019-10-05T00:00:00Z,1.02149918
2019-10-04T00:00:00Z,1.25238576
2019-10-03T00:00:00Z,0.78154881
2019-10-02T00:00:00Z,1.12365268
2019-10-01T00:00:00Z,0.93366848
2019-09-30T00:00:00Z,1.12450578
2019-09-29T00:00:00Z,0.9303016
2019-09-28T00:00:00Z,0.89316734
2019-09-27T00:00:00Z,1.10098411
2019-09-26T00:00:00Z,0.93556262
2019-09-25T00:00:00Z,1.01450791
2019-09-24T00:00:00Z,0.91921792
2019-09-23T00:00:00Z,0.79247263
2019-09-22T00:00:00Z,0.94504428
2019-09-21T00:00:00Z,0.98206577
2019-09-20T00:00:00Z,0.93448272
2019-09-19T00:00:00Z,0.99553725
2019-09-18T00:00:00Z,0.99217119
2019-09-17T00:00:00Z,1.12137316
2019-09-16T00:00:00Z,1.00369999
2019-09-15T00:00:00Z,0.94913777
2019-09-14T00:00:00Z,1.22461182
2019-09-13T00:00:00Z,0.99077911
2019-09-12T00:00:00Z,1.12589607
2019-09-11T00:00:00Z,0.97027675
2019-09-10T00:00:00Z,0.93884918
2019-09-09T00:00:00Z,1.03681358
2019-09-08T00:00:00Z,0.97501146
2019-09-07T00:00:00Z,1.23128107
2019-09-06T00:00:00Z,0.91684459
2019-09-05T00:00:00Z,0.85774419
2019-09-04T00:00:00Z,0.9123432
2019-09-03T00:00:00Z,1.08515215
2019-09-02T00:00:00Z,1.15390354
2019-09-01T00:00:00Z,0.9490534
2019-08-31T00:00:00Z,1.07642243
2019-08-30T00:00:00Z,1.00459417
2019-08-29T00:00:00Z,1.04077575
2019-08-28T00:00:00Z,0.81706788
2019-08-27T00:00:00Z,0.7898115
2019-08-26T00:00:00Z,1.09822525
2019-08-25T00:00:00Z,0.88600438
2019-08-24T00:00:00Z,0.86925438
2019-08-23T00:00:00Z,1.02487569
2019-08-22T00:00:00Z,0.98818362
2019-08-21T00:00:00Z,0.80540091
2019-08-20T00:00:00Z,0.93425565
2019-08-19T00:00:00Z,1.03989496
2019-08-18T00:00:00Z,1.17587685
2019-08-17T00:00:00Z,0.92709785
2019-08-16T00:00:00Z,0.9360252
2019-08-15T00:00:00Z,1.03308824
2019-08-14T00:00:00Z,0.80609915
2019-08-13T00:00:00Z,0.84675573
2019-08-12T00:00:00Z,0.8423029
2019-08-11T00:00:00Z,1.13976637
2019-08-10T00:00:00Z,0.77812908
2019-08-09T00:00:00Z,0.81045585
2019-08-08T00:00:00Z,0.85547626
2019-08-07T00:00:00Z,0.91416714
2019-08-06T00:00:00Z,0.91309804
2019-08-05T00:00:00Z,1.06694703
2019-08-04T00:00:00Z,0.97871276
2019-08-03T00:00:00Z,1.13536326
2019-08-02T00:00:00Z,0.88263636
2019-08-01T00:00:00Z,1.00775633
2019-07-31T00:00:00Z,1.19602393
2019-07-30T00:00:00Z,1.12597585
2019-07-29T00:00:00Z,0.9392683
2019-07-28T00:00:00Z,1.06913696
2019-07-27T00:00:00Z,0.89239392
2019-07-26T00:00:00Z,1.01546559
2019-07-25T00:00:00Z,0.9812594
2019-07-24T00:00:00Z,1.02296661
2019-07-23T00:00:00Z,1.04711344
2019-07-22T00:00:00Z,0.83582057
2019-07-21T00:00:00Z,0.88285612
2019-07-20T00:00:00Z,1.04987567
2019-07-19T00:00:00Z,0.91743991
2019-07-18T00:00:00Z,1.03085802
2019-07-17T00:00:00Z,0.99890897
2019-07-16T00:00:00Z,0.85405591
2019-07-15T00:00:00Z,1.03203136
2019-07-14T00:00:00Z,1.02417639
2019-07-13T00:00:00Z,0.80674363
2019-07-12T00:00:00Z,1.02529774
2019-07-11T00:00:00Z,0.79703364
2019-07-10T00:00:00Z,0.84499217
2019-07-09T00:00:00Z,0.9332323
2019-07-08T00:00:00Z,1.06077129
2019-07-07T00:00:00Z,1.15966902
2019-07-06T00:00:00Z,0.98474879
2019-07-05T00:00:00Z,0.9524818
2019-07-04T00:00:00Z,0.88265715
2019-07-03T00:00:00Z,1.04160137
2019-07-02T00:00:00Z,1.01029288
2019-07-01T00:00:00Z,1.06590571
2019-06-30T00:00:00Z,0.81151353
2019-06-29T00:00:00Z,1.03125899
2019-06-28T00:00:00Z,1.07462001
2019-06-27T00:00:00Z,0.87119067
2019-06-26T00:00:00Z,1.04523732
2019-06-25T00:00:00Z,1.0174979
2019-06-24T00:00:00Z,1.002922
2019-06-23T00:00:00Z,0.96262153
2019-06-22T00:00:00Z,1.04235797
2019-06-21T00:00:00Z,1.06898151
2019-06-20T00:00:00Z,1.06052319
2019-06-19T00:00:00Z,1.24720271
2019-06-18T00:00:00Z,0.87205835
2019-06-17T00:00:00Z,1.05149972
2019-06-16T00:00:00Z,0.98037612
2019-06-15T00:00:00Z,1.05889029
2019-06-14T00:00:00Z,1.15207924
2019-06-13T00:00:00Z,0.90928797
2019-06-12T00:00:00Z,1.09824722
2019-06-11T00:00:00Z,0.98536003
2019-06-10T00:00:00Z,1.21026705
2019-06-09T00:00:00Z,0.81512816
2019-06-08T00:00:00Z,0.88839569
2019-06-07T00:00:00Z,0.96109406
2019-06-06T00:00:00Z,0.97318483
2019-06-05T00:00:00Z,1.01381642
2019-06-04T00:00:00Z,0.94220683
2019-06-03T00:00:00Z,0.85317083
2019-06-02T00:00:00Z,0.9959226
2019-06-01T00:00:00Z,1.007941
2019-05-31T00:00:00Z,0.98719215
2019-05-30T00:00:00Z,0.96103722
2019-05-29T00:00:00Z,0.98043287
2019-05-28T00:00:00Z,0.9285387
2019-05-27T00:00:00Z,0.96007951
2019-05-26T00:00:00Z,1.06022565
2019-05-25T00:00:00Z,1.00022426
2019-05-24T00:00:00Z,0.912947
2019-05-23T00:00:00Z,0.87400892
2019-05-22T00:00:00Z,0.79966292
2019-05-21T00:00:00Z,0.99007977
2019-05-20T00:00:00Z,0.9164202
2019-05-19T00:00:00Z,1.10363604
2019-05-18T00:00:00Z,0.88931782
2019-05-17T00:00:00Z,0.91899175
2019-05-16T00:00:00Z,0.97871942
2019-05-15T00:00:00Z,1.04659746
2019-05-14T00:00:00Z,1.02390173
2019-05-13T00:00:00Z,1.01694917
2019-05-12T00:00:00Z,0.96595632
2019-05-11T00:00:00Z,1.09651915
2019-05-10T00:00:00Z,0.97320313
2019-05-09T00:00:00Z,0.96083811
2019-05-08T00:00:00Z,0.99046681
2019-05-07T00:00:00Z,0.96111162
2019-05-06T00:00:00Z,1.10708621
2019-05-05T00:00:00Z,0.96860753
2019-05-04T00:00:00Z,0.86223711
2019-05-03T00:00:00Z,1.07411413
2019-05-02T00:00:00Z,1.04820275
2019-05-01T00:00:00Z,0.89112715
2019-04-30T00:00:00Z,1.17181684
2019-04-29T00:00:00Z,0.94382038
2019-04-28T00:00:00Z,0.91266742
2019-04-27T00:00:00Z,1.03616108
2019-04-26T00:00:00Z,1.0337117
2019-04-25T00:00:00Z,0.78484251
2019-04-24T00:00:00Z,0.89732662
2019-04-23T00:00:00Z,0.94687619
2019-04-22T00:00:00Z,1.0466374
2019-04-21T00:00:00Z,0.88601144
2019-04-20T00:00:00Z,0.89564531
2019-04-19T00:00:00Z,0.96254136
2019-04-18T00:00:00Z,1.1010845
2019-04-17T00:00:00Z,1.01790876
2019-04-16T00:00:00Z,1.12391199
2019-04-15T00:00:00Z,0.81359067
2019-04-14T00:00:00Z,1.20673438
2019-04-13T00:00:00Z,0.92812251
2019-04-12T00:00:00Z,0.93777176
2019-04-11T00:00:00Z,0.89185534
2019-04-10T00:00:00Z,1.01750824
2019-04-09T00:00:00Z,0.91455496
2019-04-08T00:00:00Z,0.98283685
2019-04-07T00:00:00Z,1.0164054
2019-04-06T00:00:00Z,1.01986918
2019-04-05T00:00:00Z,1.04896059
2019-04-04T00:00:00Z,0.96640172
2019-04-03T00:00:00Z,0.99528504
2019-04-02T00:00:00Z,1.10951978
2019-04-01T00:00:00Z,0.89497481
2019-03-31T00:00:00Z,1.00596576
2019-03-30T00:00:00Z,0.94134856
2019-03-29T00:00:00Z,1.12139595
2019-03-28T00:00:00Z,0.92294053
2019-03-27T00:00:00Z,1.23922727
2019-03-26T00:00:00Z,1.04933892
2019-03-25T00:00:00Z,0.83564648
2019-03-24T00:00:00Z,0.89821105
2019-03-23T00:00:00Z,1.00987079
2019-03-22T00:00:00Z,1.05826086
2019-03-21T00:00:00Z,0.7717929
2019-03-20T00:00:00Z,1.04147426
2019-03-19T00:00:00Z,1.07529734
2019-03-18T00:00:00Z,0.97657789
2019-03-17T00:00:00Z,0.92801391
2019-03-16T00:00:00Z,1.08628714
2019-03-15T00:00:00Z,1.17976427
2019-03-14T00:00:00Z,0.95845446
2019-03-13T00:00:00Z,0.93648298
2019-03-12T00:00:00Z,1.02522809
2019-03-11T00:00:00Z,0.99310257
2019-03-10T00:00:00Z,0.82994925
2019-03-09T00:00:00Z,1.0359482
2019-03-08T00:00:00Z,1.01682092
2019-03-07T00:00:00Z,0.98830978
2019-03-06T00:00:00Z,1.08503939
2019-03-05T00:00:00Z,1.13464023
2019-03-04T00:00:00Z,0.94786686
2019-03-03T00:00:00Z,0.92493337
2019-03-02T00:00:00Z,0.92329938
2019-03-01T00:00:00Z,1.00086357
2019-02-28T00:00:00Z,0.97577652
2019-02-27T00:00:00Z,0.98394515
2019-02-26T00:00:00Z,0.93267872
2019-02-25T00:00:00Z,1.04732007
2019-02-24T00:00:00Z,0.95172081
2019-02-23T00:00:00Z,1.03423072
2019-02-22T00:00:00Z,1.06364044
2019-02-21T00:00:00Z,0.90745286
2019-02-20T00:00:00Z,1.06681732
2019-02-19T00:00:00Z,1.00679207
2019-02-18T00:00:00Z,1.08147623
2019-02-17T00:00:00Z,1.00927658
2019-02-16T00:00:00Z,1.07772216
2019-02-15T00:00:00Z,1.06712094
2019-02-14T00:00:00Z,0.88254241
2019-02-13T00:00:00Z,0.88526725
2019-02-12T00:00:00Z,1.03434088
2019-02-11T00:00:00Z,0.90939266
2019-02-10T00:00:00Z,1.02162475
2019-02-09T00:00:00Z,1.02230959
2019-02-08T00:00:00Z,1.08397138
2019-02-07T00:00:00Z,1.00140968
2019-02-06T00:00:00Z,0.92634441
2019-02-05T00:00:00Z,0.97024045
2019-02-04T00:00:00Z,1.04299595
2019-02-03T00:00:00Z,0.82089118
2019-02-02T00:00:00Z,1.15957809
2019-02-01T00:00:00Z,1.06306991
2019-01-31T00:00:00Z,0.93186582
2019-01-30T00:00:00Z,1.00569843
2019-01-29T00:00:00Z,0.96136748
2019-01-28T00:00:00Z,0.93751441
2019-01-27T00:00:00Z,0.82441982
2019-01-26T00:00:00Z,1.01810517
2019-01-25T00:00:00Z,0.90698931
2019-01-24T00:00:00Z,0.99238078
2019-01-23T00:00:00Z,0.86245727
2019-01-22T00:00:00Z,1.0528215
2019-01-21T00:00:00Z,1.01442798
2019-01-20T00:00:00Z,0.88298383
2019-01-19T00:00:00Z,1.06935346
2019-01-18T00:00:00Z,0.89550012
2019-01-17T00:00:00Z,1.06755985
2019-01-16T00:00:00Z,1.00199226
2019-01-15T00:00:00Z,0.93999193
2019-01-14T00:00:00Z,1.0913358
2019-01-13T00:00:00Z,0.9832304
2019-01-12T00:00:00Z,0.98958266
2019-01-11T00:00:00Z,0.97140304
2019-01-10T00:00:00Z,0.94382223
2019-01-09T00:00:00Z,1.04391466
2019-01-08T00:00:00Z,0.97355033
2019-01-07T00:00:00Z,0.86653546
2019-01-06T00:00:00Z,1.0480313
2019-01-05T00:00:00Z,0.99853719
2019-01-04T00:00:00Z,0.96161851
2019-01-03T00:00:00Z,0.90918595
2019-01-02T00:00:00Z,1.06092748
2019-01-01T00:00:00Z,1.12970096
2018-12-31T00:00:00Z,0.9314082
2018-12-30T00:00:00Z,1.02805067
2018-12-29T00:00:00Z,1.01603867
2018-12-28T00:00:00Z,1.08658024
2018-12-27T00:00:00Z,0.85759889
2018-12-26T00:00:00Z,0.99618033
2018-12-25T00:00:00Z,0.97061767
2018-12-24T00:00:00Z,0.97760431
2018-12-23T00:00:00Z,1.0401898
2018-12-22T00:00:00Z,1.10996267
2018-12-21T00:00:00Z,0.94007796
2018-12-20T00:00:00Z,1.09607058
2018-12-19T00:00:00Z,0.9854224
2018-12-18T00:00:00Z,1.05103136
2018-12-17T00:00:00Z,1.10477856
2018-12-16T00:00:00Z,1.01746422
2018-12-15T00:00:00Z,1.00200248
2018-12-14T00:00:00Z,0.85164561
2018-12-13T00:00:00Z,0.86933014
2018-12-12T00:00:00Z,1.03695482
2018-12-11T00:00:00Z,0.9179959
2018-12-10T00:00:00Z,0.88542985
2018-12-09T00:00:00Z,1.07492038
2018-12-08T00:00:00Z,1.02424934
2018-12-07T00:00:00Z,1.02161848
2018-12-06T00:00:00Z,0.92938518
2018-12-05T00:00:00Z,0.83877287
2018-12-04T00:00:00Z,1.08741875
2018-12-03T00:00:00Z,0.84493821
2018-12-02T00:00:00Z,0.91595703
2018-12-01T00:00:00Z,1.15748165
2018-11-30T00:00:00Z,0.96911368
2018-11-29T00:00:00Z,0.95884756
2018-11-28T00:00:00Z,1.14535633
2018-11-27T00:00:00Z,1.01700285
2018-11-26T00:00:00Z,0.91240636
2018-11-25T00:00:00Z,1.00294465
2018-11-24T00:00:00Z,0.92506666
2018-11-23T00:00:00Z,1.02239363
2018-11-22T00:00:00Z,0.87133453
2018-11-21T00:00:00Z,0.99334343
2018-11-20T00:00:00Z,0.94357378
2018-11-19T00:00:00Z,0.89587767
2018-11-18T00:00:00Z,1.07696817
2018-11-17T00:00:00Z,0.97583347
2018-11-16T00:00:00Z,0.88325434
2018-11-15T00:00:00Z,0.99504635
2018-11-14T00:00:00Z,0.91311414
2018-11-13T00:00:00Z,0.83450832
2018-11-12T00:00:00Z,0.83285445
2018-11-11T00:00:00Z,0.93753608
2018-11-10T00:00:00Z,1.09113036
2018-11-09T00:00:00Z,0.84561361
2018-11-08T00:00:00Z,0.85756387
2018-11-07T00:00:00Z,0.98839284
2018-11-06T00:00:00Z,1.12468614
2018-11-05T00:00:00Z,1.02289502
2018-11-04T00:00:00Z,1.18430501
2018-11-03T00:00:00Z,0.88474509
2018-11-02T00:00:00Z,1.11626054
2018-11-01T00:00:00Z,1.14180709
2018-10-31T00:00:00Z,1.05788809
2018-10-30T00:00:00Z,1.01569825
2018-10-29T00:00:00Z,0.7121951
2018-10-28T00:00:00Z,0.96487311
2018-10-27T00:00:00Z,1.05481063
2018-10-26T00:00:00Z,0.94352222
2018-10-25T00:00:00Z,0.90818572
2018-10-24T00:00:00Z,0.94317571
2018-10-23T00:00:00Z,0.95457084
2018-10-22T00:00:00Z,0.86335675
2018-10-21T00:00:00Z,0.94234609
2018-10-20T00:00:00Z,1.07364543
2018-10-19T00:00:00Z,1.02579783
2018-10-18T00:00:00Z,0.90712338
2018-10-17T00:00:00Z,0.99744241
2018-10-16T00:00:00Z,1.03550249
2018-10-15T00:00:00Z,1.09919935
2018-10-14T00:00:00Z,0.95570001
2018-10-13T00:00:00Z,1.03349019
2018-10-12T00:00:00Z,0.91233707
2018-10-11T00:00:00Z,0.92102418
2018-10-10T00:00:00Z,0.89878386
2018-10-09T00:00:00Z,1.0173325
2018-10-08T00:00:00Z,1.0065269
2018-10-07T00:00:00Z,1.14522442
2018-10-06T00:00:00Z,0.98969366
2018-10-05T00:00:00Z,0.87413692
2018-10-04T00:00:00Z,0.97457072
2018-10-03T00:00:00Z,1.00228447
2018-10-02T00:00:00Z,1.04240787
2018-10-01T00:00:00Z,0.95915043
2018-09-30T00:00:00Z,0.92630253
2018-09-29T00:00:00Z,1.03973004
2018-09-28T00:00:00Z,0.97549885
2018-09-27T00:00:00Z,1.07844988
2018-09-26T00:00:00Z,1.06527108
2018-09-25T00:00:00Z,0.92192768
2018-09-24T00:00:00Z,0.90014046
2018-09-23T00:00:00Z,1.00825375
2018-09-22T00:00:00Z,1.01733331
2018-09-21T00:00:00Z,1.05474687
2018-09-20T00:00:00Z,1.05590155
2018-09-19T00:00:00Z,1.05280049
2018-09-18T00:00:00Z,1.04117865
2018-09-17T00:00:00Z,1.01133939
2018-09-16T00:00:00Z,1.03243611
2018-09-15T00:00:00Z,1.02521539
2018-09-14T00:00:00Z,0.94772385
2018-09-13T00:00:00Z,0.98356544
2018-09-12T00:00:00Z,1.0111882
2018-09-11T00:00:00Z,1.09329546
2018-09-10T00:00:00Z,0.96722988
2018-09-09T00:00:00Z,1.0666784
2018-09-08T00:00:00Z,1.01450384
2018-09-07T00:00:00Z,0.99313735
2018-09-06T00:00:00Z,1.20853281
2018-09-05T00:00:00Z,0.85329134
2018-09-04T00:00:00Z,1.01075337
2018-09-03T00:00:00Z,0.94937453
2018-09-02T00:00:00Z,1.16974057
2018-09-01T00:00:00Z,0.87354916
