datetime,Neutral,Taker Buy Dominant,Taker Sell Dominant
2025-05-05,-,1820.11,-
2025-05-04,-,1808.89,-
2025-05-03,-,1833.62893235,-
2025-05-02,-,1842.2649999999999,-
2025-05-01,-,1838.505,-
2025-04-30,-,1793.78,-
2025-04-29,-,1802.935,-
2025-04-28,-,1799.88,-
2025-04-27,-,1791.9418,-
2025-04-26,-,1820.9802256,-
2025-04-25,1781.0349999999999,-,-
2025-04-24,1769.87,-,-
2025-04-23,1795.91,-,-
2025-04-22,1756.53,-,-
2025-04-21,1579.69,-,-
2025-04-20,1587.36,-,-
2025-04-19,1613.15,-,-
2025-04-18,1579.53,-,-
2025-04-17,1587.365,-,-
2025-04-16,1577.3968,-,-
2025-04-15,1588.77666345,-,-
2025-04-14,1623.73305,-,-
2025-04-13,1597.4250000000002,-,-
2025-04-12,1644.18,-,-
2025-04-11,1566.72,-,-
2025-04-10,1522.25,-,-
2025-04-09,1669.19,-,-
2025-04-08,1472.9499999999998,-,-
2025-04-07,1552.995,-,-
2025-04-06,1579.79,-,-
2025-04-05,1805.775,-,-
2025-04-04,1816.4050000000002,-,-
2025-04-03,1816.6,-,-
2025-04-02,1795.22,-,-
2025-04-01,1905.41705,-,-
2025-03-31,1822.44,-,-
2025-03-30,1807.37515,-,-
2025-03-29,1827.745,-,-
2025-03-28,1896.365,-,-
2025-03-27,2003.58,-,-
2025-03-26,2009.3589386499998,-,-
2025-03-25,2066.5600000000004,-,-
2025-03-24,2081.495,-,-
2025-03-23,2005.88,-,-
2025-03-22,1980.46,-,-
2025-03-21,1965.5749999999998,-,-
2025-03-20,1982.689999985,-,-
2025-03-19,2056.867499995,-,-
2025-03-18,1931.475,-,-
2025-03-17,-,-,1926.4650000000001
2025-03-16,-,-,1887.0525
2025-03-15,-,-,1937.45
2025-03-14,-,-,1911.5749999999998
2025-03-13,-,-,1864.3866864000001
2025-03-12,-,-,1908.15
2025-03-11,-,-,1923.1
2025-03-10,-,-,1864.96
2025-03-09,-,-,2019.95235
2025-03-08,-,-,2203.1949999999997
2025-03-07,-,-,2140.9444000000003
2025-03-06,-,-,2202.45
2025-03-05,-,-,2241.59
2025-03-04,-,-,2171.175
2025-03-03,-,-,2148.9501818999997
2025-03-02,-,-,2518.37
2025-03-01,-,-,2217.17
2025-02-28,-,-,2236.75
2025-02-27,-,-,2306.92
2025-02-26,-,-,2333.52
2025-02-25,-,-,2495.41
2025-02-24,-,-,2513.73
2025-02-23,-,-,2819.99
2025-02-22,-,-,2763.6009972
2025-02-21,-,-,2661.69
2025-02-20,-,-,2739.04
2025-02-19,-,-,2715.64
2025-02-18,-,-,2670.63
2025-02-17,-,-,2744
2025-02-16,-,-,2661.7214
2025-02-15,-,-,2693.58
2025-02-14,-,-,2725.9
2025-02-13,-,-,2676
2025-02-12,-,-,2738.2
2025-02-11,-,-,2602.58
2025-02-10,-,-,2661.24
2025-02-09,-,-,2627.73
2025-02-08,-,-,2632.71
2025-02-07,-,-,2622.5
2025-02-06,-,-,2687.1
2025-02-05,-,-,2788.27
2025-02-04,-,-,2732.1
2025-02-03,-,-,2882.44
2025-02-02,-,-,2869.27
2025-02-01,-,-,3117.47768975
2025-01-31,-,-,3299.97135
2025-01-30,-,-,3247.63
2025-01-29,-,-,3113.975
2025-01-28,-,-,3077.1400000000003
2025-01-27,-,-,3182.085
2025-01-26,-,-,3233.0600000000004
2025-01-25,-,-,3318.6068999999998
2025-01-24,-,-,3310.1000000000004
2025-01-23,-,-,3338.4
2025-01-22,-,-,3242.06718635
2025-01-21,-,-,3327.54
2025-01-20,-,-,3280.635
2025-01-19,-,-,3214.325
2025-01-18,-,-,3307.51
2025-01-17,-,-,3474.1802583500003
2025-01-16,-,-,3307.98
2025-01-15,-,-,3450.815
2025-01-14,-,-,3224.9849999999997
2025-01-13,-,-,3136.79
2025-01-12,-,-,3266.27
2025-01-11,-,-,3283.0299999999997
2025-01-10,-,-,3267.1949999999997
2025-01-09,-,-,3219.2349999999997
2025-01-08,-,-,3327.01
2025-01-07,-,-,3380.92
2025-01-06,-,-,3687.47
2025-01-05,-,-,3635.99
2025-01-04,-,-,3656.62
2025-01-03,-,-,3607.93
2025-01-02,-,-,3452.62
2025-01-01,-,-,3358.98
2024-12-31,-,-,3337.4
2024-12-30,-,-,3360.79
2024-12-29,-,-,3354.6
2024-12-28,-,-,3403
2024-12-27,-,-,3329.2
2024-12-26,-,-,3331.68
2024-12-25,-,-,3494.41
2024-12-24,-,-,3493.1899999999996
2024-12-23,-,-,3419.33655
2024-12-22,-,-,3279.09
2024-12-21,-,-,3337.51
2024-12-20,-,-,3471.36
2024-12-19,3417.005,-,-
2024-12-18,-,3626.105,-
2024-12-17,-,3893.035,-
2024-12-16,-,3987.4841,-
2024-12-15,-,3957.8372,-
2024-12-14,-,3869.5950000000003,-
2024-12-13,-,3906.83,-
2024-12-12,-,3881.9075056,-
2024-12-11,-,3831.96,-
2024-12-10,-,3629.0699999999997,-
2024-12-09,-,3713.64,-
2024-12-08,-,4004.55,-
2024-12-07,-,4000.17715,-
2024-12-06,-,4003.96,-
2024-12-05,-,3788.84,-
2024-12-04,-,3839.5,-
2024-12-03,-,3617.08,-
2024-12-02,-,3643.47,-
2024-12-01,-,3709.76,-
2024-11-30,-,3705.8,-
2024-11-29,-,3593.13,-
2024-11-28,-,3579.31,-
2024-11-27,-,3655.99,-
2024-11-26,-,3324,-
2024-11-25,-,3414.87,-
2024-11-24,-,3361.78,-
2024-11-23,-,3396.74,-
2024-11-22,-,3327.78,-
2024-11-21,-,3358.33,-
2024-11-20,-,3070.06,-
2024-11-19,-,3108.74,-
2024-11-18,-,3208.3936787000002,-
2024-11-17,-,3076,-
2024-11-16,-,3133.59,-
2024-11-15,-,3090.5283719999998,-
2024-11-14,-,3058.9049999999997,-
2024-11-13,-,3189.665,-
2024-11-12,-,3247.09,-
2024-11-11,-,3373.025,-
2024-11-10,-,3186.02,-
2024-11-09,-,3127.82,-
2024-11-08,-,2962,-
2024-11-07,-,2895.5649999999996,-
2024-11-06,-,2722.38862505,-
2024-11-05,-,2422.4110554,-
2024-11-04,-,2397.495,-
2024-11-03,-,2457.04,-
2024-11-02,-,2493.48965,-
2024-11-01,-,2511.635,-
2024-10-31,-,2518.72,-
2024-10-30,-,2658.75,-
2024-10-29,2638.255,-,-
2024-10-28,2566.82,-,-
2024-10-27,2507.6585673,-,-
2024-10-26,2482.165,-,-
2024-10-25,2438.65,-,-
2024-10-24,2535.1800000000003,-,-
2024-10-23,2524.335,-,-
2024-10-22,-,2622.335,-
2024-10-21,2666.635,-,-
2024-10-20,-,2746.7349999999997,-
2024-10-19,-,2648.21,-
2024-10-18,2641.995,-,-
2024-10-17,2605.5950000000003,-,-
2024-10-16,-,2611.105,-
2024-10-15,-,2607.185,-
2024-10-14,-,2629.785,-
2024-10-13,-,2468.34,-
2024-10-12,-,2476.4,-
2024-10-11,-,2439.25,-
2024-10-10,-,2384.505,-
2024-10-09,-,2369.8320169999997,-
2024-10-08,-,2440.725,-
2024-10-07,-,2422.81,-
2024-10-06,-,2440.0150000000003,-
2024-10-05,-,2414.7,-
2024-10-04,2414.5603969,-,-
2024-10-03,2349.79668675,-,-
2024-10-02,-,-,2364.67
2024-10-01,-,-,2448.86
2024-09-30,-,-,2602.09616905
2024-09-29,-,-,2658.1400000000003
2024-09-28,-,-,2675.7203
2024-09-27,-,-,2695.4525
2024-09-26,-,-,2632.26
2024-09-25,-,-,2580.1394499999997
2024-09-24,-,-,2653.49
2024-09-23,-,-,2647.5249999999996
2024-09-22,-,-,2581.4
2024-09-21,-,-,2613.08
2024-09-20,-,-,2561.4
2024-09-19,-,-,2465.4583626000003
2024-09-18,-,-,2374.55
2024-09-17,-,-,2341.9318999999996
2024-09-16,-,-,2295.6477
2024-09-15,-,-,2316.67
2024-09-14,-,-,2417.995
2024-09-13,-,-,2440.545
2024-09-12,-,-,2361.86
2024-09-11,-,-,2340.575
2024-09-10,-,-,2388.4918
2024-09-09,-,-,2360.01
2024-09-08,-,-,2297.31
2024-09-07,-,-,2273.66
2024-09-06,-,-,2224.7200000000003
2024-09-05,-,-,2368.6899999999996
2024-09-04,-,-,2450.4700000000003
2024-09-03,-,-,2425.07209225
2024-09-02,-,-,2538.065
2024-09-01,-,-,2426.5699999999997
2024-08-31,-,-,2513.17
2024-08-30,-,-,2525.95
2024-08-29,-,-,2528.01
2024-08-28,-,-,2528.37
2024-08-27,-,-,2458.0950000000003
2024-08-26,-,-,2681.21
2024-08-25,-,-,2747.495
2024-08-24,-,-,2768.375
2024-08-23,-,-,2762.645
2024-08-22,-,-,2623.18
2024-08-21,-,-,2631.12
2024-08-20,-,-,2573.2799999999997
2024-08-19,-,-,2636.685
2024-08-18,-,-,2612.285
2024-08-17,2614.41770315,-,-
2024-08-16,-,-,2593.035
2024-08-15,-,-,2570.09
2024-08-14,2662.2100499999997,-,-
2024-08-13,-,-,2703
2024-08-12,2723.215,-,-
2024-08-11,-,-,2555.425
2024-08-10,-,-,2610.16
2024-08-09,-,-,2598.86993685
2024-08-08,2683.6862,-,-
2024-08-07,-,-,2343.16
2024-08-06,-,-,2462.2200000000003
2024-08-05,-,-,2419.7349999999997
2024-08-04,-,-,2688.785
2024-08-03,2903.64,-,-
2024-08-02,-,2989.225,-
2024-08-01,-,3203.37,-
2024-07-31,-,3232.5605874000003,-
2024-07-30,-,3278.995,-
2024-07-29,-,3318.1544507,-
2024-07-28,-,3270.22232685,-
2024-07-27,-,3249.6549999999997,-
2024-07-26,-,3275.1466499999997,-
2024-07-25,-,3174.85,-
2024-07-24,-,3335.7777275,-
2024-07-23,-,3483.0550000000003,-
2024-07-22,-,3440.5299999999997,-
2024-07-21,-,3535.6463000000003,-
2024-07-20,-,3518.6099999999997,-
2024-07-19,-,3505.0550000000003,-
2024-07-18,-,3426.73,-
2024-07-17,-,3387.945,-
2024-07-16,-,3444.495,-
2024-07-15,-,3485.135,-
2024-07-14,-,3245.295,-
2024-07-13,-,3176.37,-
2024-07-12,-,3134,-
2024-07-11,-,3099.575,-
2024-07-10,3101.26,-,-
2024-07-09,3066.2043,-,-
2024-07-08,3019,-,-
2024-07-07,2931.0628134500002,-,-
2024-07-06,-,3067.2799,-
2024-07-05,-,2982,-
2024-07-04,-,3059.71,-
2024-07-03,-,3295.3999999999996,-
2024-07-02,-,3420.4049999999997,-
2024-07-01,-,3441.8999999999996,-
2024-06-30,-,3437.765,-
2024-06-29,-,3378.4383461999996,-
2024-06-28,-,3379.805,-
2024-06-27,-,3448.875,-
2024-06-26,-,3371.2349999999997,-
2024-06-25,-,3394.6,-
2024-06-24,-,3352.16,-
2024-06-23,-,3420.74,-
2024-06-22,-,3495.76,-
2024-06-21,-,3518,-
2024-06-20,-,3512.64,-
2024-06-19,-,3560.1549999999997,-
2024-06-18,-,3483.4049999999997,-
2024-06-17,-,3511.46,-
2024-06-16,3624.235,-,-
2024-06-15,-,-,3568.355
2024-06-14,-,-,3481.04
2024-06-13,-,-,3469.05
2024-06-12,-,-,3560.12
2024-06-11,-,-,3497.38
2024-06-10,-,-,3667.7349999999997
2024-06-09,-,-,3706.2200000000003
2024-06-08,-,-,3681.21
2024-06-07,-,-,3678.36
2024-06-06,-,-,3812.565
2024-06-05,-,-,3865.965
2024-06-04,-,-,3810.85
2024-06-03,-,-,3767.18
2024-06-02,-,-,3780.97
2024-06-01,-,-,3815.59
2024-05-31,-,-,3762.29
2024-05-30,-,-,3747.73
2024-05-29,-,-,3767.51
2024-05-28,-,-,3844.12
2024-05-27,-,-,3894.02
2024-05-26,-,-,3825.81
2024-05-25,-,-,3749.32
2024-05-24,-,-,3728.02
2024-05-23,-,-,3783.5
2024-05-22,-,-,3737.82
2024-05-21,-,-,3789.5
2024-05-20,-,-,3661.42
2024-05-19,-,-,3071.21
2024-05-18,-,-,3122.9
2024-05-17,-,-,3092.2
2024-05-16,-,-,2944.81
2024-05-15,-,-,3033.41
2024-05-14,-,-,2881.93
2024-05-13,-,-,2950.3206
2024-05-12,-,-,2929.29
2024-05-11,-,-,2912.45
2024-05-10,-,-,2909.82
2024-05-09,-,-,3036.07
2024-05-08,-,-,2974
2024-05-07,-,-,3006.04
2024-05-06,-,-,3063.02
2024-05-05,-,-,3136.87
2024-05-04,-,-,3117.23
2024-05-03,-,-,3102.8
2024-05-02,-,-,2986.3814
2024-05-01,-,-,2972.24
2024-04-30,-,-,3014.05
2024-04-29,-,-,3216.6
2024-04-28,-,-,3263
2024-04-27,-,-,3253.39
2024-04-26,-,-,3131
2024-04-25,-,-,3155.99
2024-04-24,-,-,3139.9
2024-04-23,-,-,3219.49
2024-04-22,-,-,3200.45
2024-04-21,-,-,3147.67
2024-04-20,-,-,3156.51
2024-04-19,-,-,3057.79
2024-04-18,-,-,3065.589
2024-04-17,-,-,2985.4
2024-04-16,-,-,3085.2
2024-04-15,-,-,3102.37
2024-04-14,-,-,3155.99
2024-04-13,-,-,3009.59
2024-04-12,-,-,3239.31
2024-04-11,-,-,3502.69
2024-04-10,-,-,3544.75
2024-04-09,-,-,3506.04
2024-04-08,-,-,3694.42
2024-04-07,-,-,3454.09
2024-04-06,-,-,3352.2
2024-04-05,-,-,3318.22
2024-04-04,-,-,3328.24
2024-04-03,-,-,3311.87
2024-04-02,-,-,3278.92
2024-04-01,-,-,3504.97
2024-03-31,-,-,3645.21
2024-03-30,-,-,3506.94
2024-03-29,-,-,3510.93
2024-03-28,-,-,3560.79
2024-03-27,-,-,3500.18
2024-03-26,-,-,3587.48
2024-03-25,-,-,3591.02
2024-03-24,-,-,3454.59
2024-03-23,-,-,3330.86
2024-03-22,-,-,3336.35
2024-03-21,-,-,3492.38
2024-03-20,-,-,3515.76
2024-03-19,3159.31,-,-
2024-03-18,3520.61,-,-
2024-03-17,-,3642.62,-
2024-03-16,-,3522,-
2024-03-15,-,3741.98,-
2024-03-14,-,3881.6800000000003,-
2024-03-13,-,4005.05,-
2024-03-12,-,3979.96,-
2024-03-11,-,4065.495,-
2024-03-10,-,3880.1949999999997,-
2024-03-09,-,3906.4849999999997,-
2024-03-08,-,3885.31,-
2024-03-07,-,3868.755,-
2024-03-06,-,3819.3599999999997,-
2024-03-05,-,3556.8050000000003,-
2024-03-04,-,3627.8900000000003,-
2024-03-03,-,3488.09,-
2024-03-02,-,3421.395,-
2024-03-01,-,3434.33,-
2024-02-29,-,3341.6949999999997,-
2024-02-28,-,3383.19,-
2024-02-27,-,3243.01,-
2024-02-26,-,3177.165,-
2024-02-25,-,3112.79,-
2024-02-24,-,2992.505,-
2024-02-23,-,2922.265,-
2024-02-22,-,2971.32,-
2024-02-21,-,2968.3975499999997,-
2024-02-20,-,3015.0699999999997,-
2024-02-19,-,2944.635,-
2024-02-18,-,2881.1549999999997,-
2024-02-17,-,2786.445,-
2024-02-16,-,2803.1,-
2024-02-15,-,2822.89481515,-
2024-02-14,-,2775.2650000000003,-
2024-02-13,-,2640.38,-
2024-02-12,-,2659.5699999999997,-
2024-02-11,-,2507.21,-
2024-02-10,-,2500.24,-
2024-02-09,-,2487.44,-
2024-02-08,2419.915,-,-
2024-02-07,2424.865,-,-
2024-02-06,-,2372.6549999999997,-
2024-02-05,-,2301.175,-
2024-02-04,-,2289.62,-
2024-02-03,-,2296.49,-
2024-02-02,-,2308.41,-
2024-02-01,-,2303.935,-
2024-01-31,-,2283.25,-
2024-01-30,-,2343.25,-
2024-01-29,-,2317.5639,-
2024-01-28,-,2256.8926704,-
2024-01-27,-,2268.0200000000004,-
2024-01-26,-,2267.675,-
2024-01-25,-,2218.64,-
2024-01-24,-,2234.97,-
2024-01-23,-,2242.41,-
2024-01-22,-,2314.14,-
2024-01-21,-,2456.89,-
2024-01-20,-,2471,-
2024-01-19,-,2490.72,-
2024-01-18,-,2468.82,-
2024-01-17,-,2529.4,-
2024-01-16,-,2587.4,-
2024-01-15,-,2511.78,-
2024-01-14,-,2472.88,-
2024-01-13,-,2578.19,-
2024-01-12,-,2522.56,-
2024-01-11,-,2618.41,-
2024-01-10,-,2584.52,-
2024-01-09,-,2344.82,-
2024-01-08,-,2332.29,-
2024-01-07,-,2222.5,-
2024-01-06,-,2240.78,-
2024-01-05,-,2268.63,-
2024-01-04,-,2269.02,-
2024-01-03,-,2210.45,-
2024-01-02,-,2355.88,-
2024-01-01,-,2351.99,-
2023-12-31,-,2282,-
2023-12-30,-,2291.68,-
2023-12-29,-,2299.31,-
2023-12-28,-,2345.27,-
2023-12-27,-,2378.35,-
2023-12-26,-,2230.81,-
2023-12-25,-,2271.98,-
2023-12-24,-,2265.12,-
2023-12-23,-,2308.68,-
2023-12-22,-,2324.73,-
2023-12-21,-,2239.64,-
2023-12-20,-,2202.17,-
2023-12-19,-,2177.87,-
2023-12-18,-,2218.73,-
2023-12-17,-,2196.52,-
2023-12-16,-,2228.8900000000003,-
2023-12-15,-,2220.5,-
2023-12-14,-,2315.7975,-
2023-12-13,-,2260.46,-
2023-12-12,-,2203.2299999999996,-
2023-12-11,-,2224.8050000000003,-
2023-12-10,-,2352.39,-
2023-12-09,-,2340.88,-
2023-12-08,-,2358.96,-
2023-12-07,-,2356.2219,-
2023-12-06,-,2233.32,-
2023-12-05,-,2293.64,-
2023-12-04,-,2243.25,-
2023-12-03,-,2193.33,-
2023-12-02,2165.46,-,-
2023-12-01,2087.41,-,-
2023-11-30,2052.04,-,-
2023-11-29,2029.4,-,-
2023-11-28,2048.92,-,-
2023-11-27,2027.45,-,-
2023-11-26,2063.11,-,-
2023-11-25,2084.17,-,-
2023-11-24,2081.325,-,-
2023-11-23,2062.31488475,-,-
2023-11-22,2063.995,-,-
2023-11-21,1934.475,-,-
2023-11-20,2022.54,-,-
2023-11-19,2011.49,-,-
2023-11-18,1962.6,-,-
2023-11-17,1960.88,-,-
2023-11-16,1961.81,-,-
2023-11-15,2058.5,-,-
2023-11-14,1979.49,-,-
2023-11-13,2054.375,-,-
2023-11-12,2045.495,-,-
2023-11-11,2053.175,-,-
2023-11-10,2078.16,-,-
2023-11-09,2121.01,-,-
2023-11-08,1889,-,-
2023-11-07,1886.25,-,-
2023-11-06,1900.95,-,-
2023-11-05,1893.2849999999999,-,-
2023-11-04,1856.213,-,-
2023-11-03,1832.5949999999998,-,-
2023-11-02,1800.74,-,-
2023-11-01,1846.7350000000001,-,-
2023-10-31,1815.06,-,-
2023-10-30,1809.145,-,-
2023-10-29,1795.14,-,-
2023-10-28,1776.2124999500002,-,-
2023-10-27,1779.775,-,-
2023-10-26,1803.455,-,-
2023-10-25,1787.1149999999998,-,-
2023-10-24,1784.74,-,-
2023-10-23,1765.1399999999999,-,-
2023-10-22,1663.5749999999998,-,-
2023-10-21,1628.995,-,-
2023-10-20,1604.4650000000001,-,-
2023-10-19,1567.3049999999998,-,-
2023-10-18,1563.73,-,-
2023-10-17,1565.2,-,-
2023-10-16,1600.08,-,-
2023-10-15,1557.855,-,-
2023-10-14,1555.1149999999998,-,-
2023-10-13,1552.1950000000002,-,-
2023-10-12,1539.61,-,-
2023-10-11,1566.615,-,-
2023-10-10,1567.615,-,-
2023-10-09,1580.13,-,-
2023-10-08,1633.1,-,-
2023-10-07,1634.415,-,-
2023-10-06,1645.225,-,-
2023-10-05,1612.0149999999999,-,-
2023-10-04,1646.855,-,-
2023-10-03,1656.86,-,-
2023-10-02,1662.61,-,-
2023-10-01,1733.395,-,-
2023-09-30,1670.94,-,-
2023-09-29,1667.45,-,-
2023-09-28,1652.8850000000002,-,-
2023-09-27,1598.415,-,-
2023-09-26,1593.66,-,-
2023-09-25,-,-,1588.315
2023-09-24,1580.72,-,-
2023-09-23,-,-,1593.83
2023-09-22,-,-,1593.205
2023-09-21,-,-,1584.32
2023-09-20,-,-,1622.33225
2023-09-19,-,-,1643.35
2023-09-18,-,-,1637.1
2023-09-17,-,-,1622.475
2023-09-16,-,-,1634.65699345
2023-09-15,-,-,1641.35
2023-09-14,-,-,1626.59
2023-09-13,-,-,1607.63
2023-09-12,-,-,1593.13
2023-09-11,-,-,1551.84
2023-09-10,-,-,1617.42
2023-09-09,-,-,1635.48
2023-09-08,-,-,1636.43
2023-09-07,-,-,1647.99
2023-09-06,-,-,1633.02
2023-09-05,-,-,1634.38
2023-09-04,-,-,1630.6
2023-09-03,-,-,1635.97
2023-09-02,-,-,1637.03
2023-09-01,-,-,1629.05
2023-08-31,-,-,1645.82
2023-08-30,-,-,1705.4
2023-08-29,-,-,1729.46
2023-08-28,-,-,1653.25
2023-08-27,-,-,1657.73
2023-08-26,-,-,1646.98
2023-08-25,-,-,1653.5
2023-08-24,-,-,1660.8
2023-08-23,-,-,1679.54
2023-08-22,-,-,1634.46
2023-08-21,-,-,1667.51
2023-08-20,-,-,1685.15
2023-08-19,-,-,1669.655
2023-08-18,-,-,1661.43
2023-08-17,-,-,1681.5
2023-08-16,-,-,1807.781262
2023-08-15,-,-,1828.92
2023-08-14,-,-,1845.3
2023-08-13,-,-,1840.73
2023-08-12,-,-,1849.69
2023-08-11,-,-,1848.2
2023-08-10,-,-,1851.68
2023-08-09,-,-,1855.2566108
2023-08-08,-,-,1856.14849187935
2023-08-07,-,-,1827.52
2023-08-06,-,-,1829.78
2023-08-05,-,-,1835.61
2023-08-04,-,-,1828.45
2023-08-03,-,-,1835.78
2023-08-02,-,-,1839.64
2023-08-01,-,-,1872.88
2023-07-31,-,-,1856.2
2023-07-30,-,-,1861.78
2023-07-29,-,-,1880.61
2023-07-28,-,-,1874.4600087
2023-07-27,-,-,1861.0849972
2023-07-26,-,-,1872
2023-07-25,-,-,1857.96
2023-07-24,-,-,1850
2023-07-23,-,-,1888.78
2023-07-22,-,-,1866.17
2023-07-21,-,-,1891.9
2023-07-20,-,-,1891.6
2023-07-19,-,-,1888.82
2023-07-18,-,-,1897.57
2023-07-17,-,-,1911.52
2023-07-16,-,-,1922.8
2023-07-15,-,-,1931.41
2023-07-14,-,-,1937.82
2023-07-13,-,-,2004.58
2023-07-12,-,-,1871.91
2023-07-11,-,-,1878.26
2023-07-10,-,-,1880.46
2023-07-09,-,-,1863.01
2023-07-08,-,-,1865.24
2023-07-07,-,-,1870.78
2023-07-06,-,-,1847.79
2023-07-05,-,-,1910.41
2023-07-04,-,-,1936.3295
2023-07-03,-,-,1955.54
2023-07-02,-,-,1937.48
2023-07-01,-,-,1924.39
2023-06-30,-,-,1933.59
2023-06-29,-,-,1852.09
2023-06-28,-,-,1828.255
2023-06-27,1889.6675,-,-
2023-06-26,1859.26,-,-
2023-06-25,1899.27,-,-
2023-06-24,1875.9,-,-
2023-06-23,1892.63,-,-
2023-06-22,1872.6,-,-
2023-06-21,1889.37,-,-
2023-06-20,-,1792,-
2023-06-19,-,1736.68,-
2023-06-18,-,1720.83,-
2023-06-17,-,1727.6,-
2023-06-16,-,1717.47,-
2023-06-15,-,1665.77,-
2023-06-14,-,1651,-
2023-06-13,-,1739.54,-
2023-06-12,-,1742.63,-
2023-06-11,-,1753.4,-
2023-06-10,-,1752.38,-
2023-06-09,-,1840.37,-
2023-06-08,-,1846.33,-
2023-06-07,-,1832.4158,-
2023-06-06,-,1884.36,-
2023-06-05,-,1810.83,-
2023-06-04,-,1890.32,-
2023-06-03,-,1892.1,-
2023-06-02,-,1906.7,-
2023-06-01,-,1861.98,-
2023-05-31,-,1873.72,-
2023-05-30,-,1900.88,-
2023-05-29,-,1893.21,-
2023-05-28,-,1908.92,-
2023-05-27,-,1830.5,-
2023-05-26,-,1828.29,-
2023-05-25,-,1806,-
2023-05-24,-,1800.23,-
2023-05-23,-,1854.26,-
2023-05-22,-,1817.6465,-
2023-05-21,-,1805,-
2023-05-20,-,1819.57,-
2023-05-19,-,1812.5,-
2023-05-18,-,1800.91,-
2023-05-17,-,1822.15,-
2023-05-16,-,1824.4,-
2023-05-15,-,1817.04,-
2023-05-14,-,1800.03,-
2023-05-13,-,1795.94,-
2023-05-12,-,1808.05,-
2023-05-11,-,1795.4,-
2023-05-10,-,1841.42,-
2023-05-09,-,1847.44,-
2023-05-08,-,1848.29,-
2023-05-07,-,1872.56,-
2023-05-06,-,1897.62,-
2023-05-05,-,1993.46,-
2023-05-04,-,1877.33,-
2023-05-03,-,1905,-
2023-05-02,-,1870.28,-
2023-05-01,-,1830.99,-
2023-04-30,-,1869.98,-
2023-04-29,-,1907.9,-
2023-04-28,-,1891.8,-
2023-04-27,-,1908.93,-
2023-04-26,-,1866.01,-
2023-04-25,-,1866.43,-
2023-04-24,-,1842,-
2023-04-23,-,1862.025,-
2023-04-22,-,1874.22,-
2023-04-21,-,1848.89,-
2023-04-20,-,1942.87,-
2023-04-19,-,1935.13,-
2023-04-18,-,2103.5550000000003,-
2023-04-17,-,2075.0950000000003,-
2023-04-16,-,2119.125,-
2023-04-15,-,2091.605,-
2023-04-14,-,2101.115,-
2023-04-13,-,2011.795,-
2023-04-12,1917.73,-,-
2023-04-11,-,1890.7649999999999,-
2023-04-10,-,1910.71,-
2023-04-09,-,1859.222065555,-
2023-04-08,-,1849.6554500000002,-
2023-04-07,-,1864.685,-
2023-04-06,-,1872.44,-
2023-04-05,-,1909.095,-
2023-04-04,1870.99,-,-
2023-04-03,1810.68,-,-
2023-04-02,1794.905,-,-
2023-04-01,1821.1100000000001,-,-
2023-03-31,1822.005,-,-
2023-03-30,1793.6262499999998,-,-
2023-03-29,1793.3049999999998,-,-
2023-03-28,1772.99,-,-
2023-03-27,1715.57,-,-
2023-03-26,1775.4,-,-
2023-03-25,1743.4,-,-
2023-03-24,1750.87,-,-
2023-03-23,1816.79,-,-
2023-03-22,1735.15,-,-
2023-03-21,1802.1,-,-
2023-03-20,1736.99,-,-
2023-03-19,1785.15,-,-
2023-03-18,1763.29,-,-
2023-03-17,1789.7,-,-
2023-03-16,1676.49,-,-
2023-03-15,1654.1,-,-
2023-03-14,1703.23,-,-
2023-03-13,-,-,1678.82
2023-03-12,-,-,1586.35
2023-03-11,-,-,1481.23
2023-03-10,-,-,1429.91
2023-03-09,-,-,1437.48
2023-03-08,-,-,1532.48
2023-03-07,1561.86,-,-
2023-03-06,1565.85,-,-
2023-03-05,1564.58,-,-
2023-03-04,1566.77,-,-
2023-03-03,1569.45,-,-
2023-03-02,1647.88,-,-
2023-03-01,1665.17,-,-
2023-02-28,1605.12,-,-
2023-02-27,1633.55,-,-
2023-02-26,1641.3837555,-,-
2023-02-25,1594.6,-,-
2023-02-24,1607.84,-,-
2023-02-23,1650.59,-,-
2023-02-22,1643.2,-,-
2023-02-21,1659.59,-,-
2023-02-20,1703.36,-,-
2023-02-19,1680.35,-,-
2023-02-18,1691.89,-,-
2023-02-17,1693.97,-,-
2023-02-16,1638.17,-,-
2023-02-15,1674.92,-,-
2023-02-14,1556,-,-
2023-02-13,1506.2595,-,-
2023-02-12,1515.29,-,-
2023-02-11,1538.66,-,-
2023-02-10,1513.52,-,-
2023-02-09,1545.54,-,-
2023-02-08,1650.43,-,-
2023-02-07,1671.2877175,-,-
2023-02-06,1614.29,-,-
2023-02-05,1629.49,-,-
2023-02-04,1666.41,-,-
2023-02-03,1663.73,-,-
2023-02-02,1643.4,-,-
2023-02-01,1641.6,-,-
2023-01-31,1585.39,-,-
2023-01-30,1566.32,-,-
2023-01-29,1645.04,-,-
2023-01-28,1572.38,-,-
2023-01-27,1597.807,-,-
2023-01-26,1601.14,-,-
2023-01-25,1611.39,-,-
2023-01-24,1556.06,-,-
2023-01-23,1626.54,-,-
2023-01-22,1627.5,-,-
2023-01-21,1626.5,-,-
2023-01-20,1658.64,-,-
2023-01-19,1551.18,-,-
2023-01-18,1511.9,-,-
2023-01-17,1565.47,-,-
2023-01-16,1576.82,-,-
2023-01-15,1552.52,-,-
2023-01-14,1549.914835,-,-
2023-01-13,1450.8,-,-
2023-01-12,1416.094701,-,-
2023-01-11,1389.24,-,-
2023-01-10,1335.58,-,-
2023-01-09,1320.48,-,-
2023-01-08,1289.73,-,-
2023-01-07,1263.9450000000002,-,-
2023-01-06,1269.16,-,-
2023-01-05,1250.9875885000001,-,-
2023-01-04,1256.65,-,-
2023-01-03,1214.505,-,-
2023-01-02,1214.03,-,-
2023-01-01,1200.19,-,-
2022-12-31,1195.895,-,-
2022-12-30,1199.56,-,-
2022-12-29,1200.68,-,-
2022-12-28,1189.9050000000002,-,-
2022-12-27,1211.51,-,-
2022-12-26,1227.825,-,-
2022-12-25,1218.51,-,-
2022-12-24,1220.505,-,-
2022-12-23,1219.995,-,-
2022-12-22,1217.63,-,-
2022-12-21,1213.8249999999998,-,-
2022-12-20,1217.4250000000002,-,-
2022-12-19,-,-,1167.77
2022-12-18,-,-,1183.31
2022-12-17,-,-,1187.2
2022-12-16,-,-,1167.08
2022-12-15,-,-,1266.49
2022-12-14,-,-,1307.73
2022-12-13,-,-,1320.705
2022-12-12,-,-,1275.36
2022-12-11,-,-,1263.37
2022-12-10,-,-,1266.51
2022-12-09,-,-,1263.1
2022-12-08,-,-,1280.4
2022-12-07,-,-,1231.33
2022-12-06,-,-,1271.37
2022-12-05,-,-,1259.47
2022-12-04,-,-,1279.68
2022-12-03,-,-,1240.91
2022-12-02,-,-,1295.3
2022-12-01,-,-,1276.3
2022-11-30,-,-,1294.77
2022-11-29,-,-,1216.33
2022-11-28,-,-,1168.17
2022-11-27,-,-,1193.46
2022-11-26,-,-,1205.56
2022-11-25,-,-,1198.9850000000001
2022-11-24,-,-,1203.32
2022-11-23,-,-,1184.2849999999999
2022-11-22,-,-,1138.42
2022-11-21,-,-,1107.3
2022-11-20,-,-,1141.8762115
2022-11-19,-,-,1217.71
2022-11-18,-,-,1211.925
2022-11-17,-,-,1200.37
2022-11-16,-,-,1216.16
2022-11-15,-,-,1253.05
2022-11-14,-,-,1242.9
2022-11-13,-,-,1221.49
2022-11-12,-,-,1256.8
2022-11-11,-,-,1287.97
2022-11-10,-,-,1299.22
2022-11-09,-,-,1101.8
2022-11-08,-,-,1334.42
2022-11-07,-,-,1568
2022-11-06,-,-,1568.71
2022-11-05,-,-,1627.14
2022-11-04,-,-,1644.8
2022-11-03,-,-,1530.93
2022-11-02,-,-,1518.6
2022-11-01,-,-,1578.7791
2022-10-31,-,-,1572.89
2022-10-30,-,-,1590.625
2022-10-29,-,-,1619.835
2022-10-28,-,-,1554.7849999999999
2022-10-27,-,-,1513.94
2022-10-26,-,-,1566.0549999999998
2022-10-25,-,-,1459.885
2022-10-24,-,-,1343.755
2022-10-23,-,-,1363.96
2022-10-22,-,-,1313.775
2022-10-21,-,-,1299.73
2022-10-20,-,-,1282.85
2022-10-19,-,-,1285.1950000000002
2022-10-18,-,-,1310.75
2022-10-17,-,-,1331.4
2022-10-16,-,-,1306.03
2022-10-15,-,-,1275
2022-10-14,-,-,1296.74
2022-10-13,-,-,1287.5
2022-10-12,-,-,1294.49
2022-10-11,-,-,1279.93
2022-10-10,-,-,1290.19
2022-10-09,-,-,1323.18
2022-10-08,-,-,1315.38
2022-10-07,-,-,1331.46
2022-10-06,-,-,1352.06
2022-10-05,-,-,1352.29
2022-10-04,-,-,1361.55
2022-10-03,1323.3,-,-
2022-10-02,1276.71,-,-
2022-10-01,1311.69,-,-
2022-09-30,1328.615,-,-
2022-09-29,1335.875,-,-
2022-09-28,1337.2,-,-
2022-09-27,1328.14,-,-
2022-09-26,1336.43,-,-
2022-09-25,1294.63,-,-
2022-09-24,1317.01,-,-
2022-09-23,1327.225,-,-
2022-09-22,1326.42,-,-
2022-09-21,1246.32,-,-
2022-09-20,-,1323.2222000000002,-
2022-09-19,-,1376.115,-
2022-09-18,-,1334.6682634,-
2022-09-17,-,1468.955,-
2022-09-16,-,1433.9,-
2022-09-15,-,1472.395,-
2022-09-14,-,1638.35,-
2022-09-13,-,1574.5749999999998,-
2022-09-12,-,1716.5549999999998,-
2022-09-11,-,1766.18,-
2022-09-10,-,1774.6950000000002,-
2022-09-09,-,1719.045,-
2022-09-08,1635.19,-,-
2022-09-07,1630,-,-
2022-09-06,1558.895,-,-
2022-09-05,1617.38,-,-
2022-09-04,1579.145,-,-
2022-09-03,1557.45,-,-
2022-09-02,1575.49,-,-
2022-09-01,1585.9,-,-
2022-08-31,1554.29,-,-
2022-08-30,-,-,1524.0900000000001
2022-08-29,-,-,1552.48
2022-08-28,-,-,1426.54
2022-08-27,-,-,1491.31
2022-08-26,1508.27,-,-
2022-08-25,1695.6,-,-
2022-08-24,-,-,1656.56
2022-08-23,-,-,1664.8049999999998
2022-08-22,-,-,1624.7649999999999
2022-08-21,-,-,1618.125
2022-08-20,-,-,1575.915
2022-08-19,-,-,1609.375
2022-08-18,-,-,1846.615
2022-08-17,-,-,1834.2350000000001
2022-08-16,-,-,1876.95008867
2022-08-15,-,-,1899.795
2022-08-14,1935.79,-,-
2022-08-13,-,-,1983.655
2022-08-12,-,1959,-
2022-08-11,-,-,1880.9250000000002
2022-08-10,-,-,1854.04
2022-08-09,-,-,1702.85
2022-08-08,-,-,1777.26
2022-08-07,-,-,1700.15
2022-08-06,-,-,1690.63
2022-08-05,-,-,1736.605
2022-08-04,-,-,1608.005
2022-08-03,-,-,1618.605
2022-08-02,-,-,1630.97
2022-08-01,-,-,1630.8491
2022-07-31,-,-,1679.9790268450001
2022-07-30,-,-,1696.745
2022-07-29,-,-,1722.145
2022-07-28,-,-,1724.67
2022-07-27,-,-,1636.52
2022-07-26,-,-,1449.58
2022-07-25,-,-,1440.48
2022-07-24,-,-,1597.95
2022-07-23,-,-,1548.8600000000001
2022-07-22,-,-,1535.52322067
2022-07-21,-,-,1575.4650000000001
2022-07-20,-,-,1521.59
2022-07-19,-,-,1542.869660165
2022-07-18,-,-,1581.42
2022-07-17,-,-,1338.226153395
2022-07-16,-,-,1355.9850000000001
2022-07-15,-,-,1231.3249999999998
2022-07-14,-,-,1192.71
2022-07-13,-,-,1115.005
2022-07-12,-,-,1037.5549999999998
2022-07-11,-,-,1096.24
2022-07-10,-,-,1167.68
2022-07-09,-,-,1216.78
2022-07-08,-,-,1214.08
2022-07-07,-,-,1237.38
2022-07-06,-,-,1186.05
2022-07-05,-,-,1132.56
2022-07-04,-,-,1150.165
2022-07-03,-,-,1073.83
2022-07-02,-,-,1066.1950000000002
2022-07-01,-,-,1058.295
2022-06-30,-,-,1070.32
2022-06-29,-,-,1098.865
2022-06-28,-,-,1142.98
2022-06-27,-,-,1191.125
2022-06-26,-,-,1197.81
2022-06-25,-,-,1241.7350000000001
2022-06-24,-,-,1224.4050000000002
2022-06-23,-,-,1144.1399999999999
2022-06-22,-,-,1049.08
2022-06-21,-,-,1124.87
2022-06-20,-,-,1127.7549563349999
2022-06-19,-,-,1127.3624
2022-06-18,995.0427429250001,-,-
2022-06-17,1085.605,-,-
2022-06-16,1067.3049999999998,-,-
2022-06-15,1236.9,-,-
2022-06-14,1207.58,-,-
2022-06-13,1209.49,-,-
2022-06-12,1434.58,-,-
2022-06-11,1530.97,-,-
2022-06-10,1661.66,-,-
2022-06-09,1788.16,-,-
2022-06-08,1791.73,-,-
2022-06-07,1813.05,-,-
2022-06-06,1859.06,-,-
2022-06-05,1805.46,-,-
2022-06-04,1803.38,-,-
2022-06-03,1774.15,-,-
2022-06-02,1833.54,-,-
2022-06-01,1817.78,-,-
2022-05-31,1940.585,-,-
2022-05-30,1998.28,-,-
2022-05-29,1811.975,-,-
2022-05-28,1791.205,-,-
2022-05-27,1724.0909499999998,-,-
2022-05-26,1791.3400000000001,-,-
2022-05-25,1941.48,-,-
2022-05-24,1978.14,-,-
2022-05-23,1971.525,-,-
2022-05-22,2041.586338225,-,-
2022-05-21,1973.585,-,-
2022-05-20,1958.6950000000002,-,-
2022-05-19,2017.428996805,-,-
2022-05-18,1912.02097806,-,-
2022-05-17,2089.66,-,-
2022-05-16,2020.1950000000002,-,-
2022-05-15,2143.52,-,-
2022-05-14,2054.325,-,-
2022-05-13,2006.54,-,-
2022-05-12,1955.7350000000001,-,-
2022-05-11,-,2076.75,-
2022-05-10,-,2342.05,-
2022-05-09,-,2230.505,-
2022-05-08,-,2519.6549999999997,-
2022-05-07,-,2635.813274375,-
2022-05-06,-,2692.5950000000003,-
2022-05-05,-,2747.69,-
2022-05-04,-,2940.585,-
2022-05-03,-,2781.5,-
2022-05-02,-,2856.415,-
2022-05-01,-,2825.975,-
2022-04-30,-,2727.2200000000003,-
2022-04-29,-,2816.935,-
2022-04-28,-,2937.1,-
2022-04-27,-,2889.24,-
2022-04-26,-,2809.6000000000004,-
2022-04-25,-,3006.835,-
2022-04-24,-,2921.76,-
2022-04-23,-,2932.9700000000003,-
2022-04-22,-,2963.0037,-
2022-04-21,-,2984.1549999999997,-
2022-04-20,-,3076.96,-
2022-04-19,-,3102.3944837199997,-
2022-04-18,-,3056.31,-
2022-04-17,-,2988.3500000000004,-
2022-04-16,-,3060.01,-
2022-04-15,-,3041.0597337050003,-
2022-04-14,-,3021.775,-
2022-04-13,-,3117.574855045,-
2022-04-12,-,3028.27404692,-
2022-04-11,-,2979.4849999999997,-
2022-04-10,-,3201.9449999999997,-
2022-04-09,-,3258.6000000000004,-
2022-04-08,-,3194.06,-
2022-04-07,-,3227.6499999999996,-
2022-04-06,-,3168.6,-
2022-04-05,-,3406.99,-
2022-04-04,-,3520.72,-
2022-04-03,-,3521.89,-
2022-04-02,-,3444.28,-
2022-04-01,-,3455.5,-
2022-03-31,-,3281.96,-
2022-03-30,-,3385.86,-
2022-03-29,-,3401.71,-
2022-03-28,-,3332.8,-
2022-03-27,-,3296.6,-
2022-03-26,-,3145.69,-
2022-03-25,-,3104.15,-
2022-03-24,-,3111.29,-
2022-03-23,-,3036,-
2022-03-22,-,2970.44,-
2022-03-21,-,2892.24,-
2022-03-20,-,2861.2,-
2022-03-19,-,2950.89,-
2022-03-18,2940.38,-,-
2022-03-17,2814.24,-,-
2022-03-16,2773.8500000000004,-,-
2022-03-15,2619,-,-
2022-03-14,2590.23,-,-
2022-03-13,2516.17,-,-
2022-03-12,2568.6,-,-
2022-03-11,2557.16,-,-
2022-03-10,2607.56748053,-,-
2022-03-09,2728.39,-,-
2022-03-08,2576.8,-,-
2022-03-07,2493.01,-,-
2022-03-06,2550.88,-,-
2022-03-05,2665.88,-,-
2022-03-04,2622.32,-,-
2022-03-03,2834.1,-,-
2022-03-02,2948.83,-,-
2022-03-01,2976.1,-,-
2022-02-28,2922.1794674,-,-
2022-02-27,2617.1,-,-
2022-02-26,2779.62,-,-
2022-02-25,2767.98,-,-
2022-02-24,2598.13,-,-
2022-02-23,2579.81,-,-
2022-02-22,2636.89534945,-,-
2022-02-21,2568.22,-,-
2022-02-20,2621.99,-,-
2022-02-19,2764.3613418,-,-
2022-02-18,2781.3,-,-
2022-02-17,2892.06,-,-
2022-02-16,3123.24,-,-
2022-02-15,3184.48,-,-
2022-02-14,2930.6,-,-
2022-02-13,2871.7,-,-
2022-02-12,2918.88,-,-
2022-02-11,2927.39568779,-,-
2022-02-10,3072.99,-,-
2022-02-09,3243.94,-,-
2022-02-08,3118.26,-,-
2022-02-07,3141.88,-,-
2022-02-06,3057,-,-
2022-02-05,3016.52,-,-
2022-02-04,2995.11,-,-
2022-02-03,2695.03,-,-
2022-02-02,2681.68,-,-
2022-02-01,2790.16,-,-
2022-01-31,2687.32230973,-,-
2022-01-30,2603.85,-,-
2022-01-29,2601.43,-,-
2022-01-28,2546.3,-,-
2022-01-27,2424.44,-,-
2022-01-26,2463.19,-,-
2022-01-25,2457.85,-,-
2022-01-24,2440.61,-,-
2022-01-23,2539.84,-,-
2022-01-22,2411.95328008,-,-
2022-01-21,2569.42,-,-
2022-01-20,3001.68,-,-
2022-01-19,3084.42,-,-
2022-01-18,3161.64,-,-
2022-01-17,3210.3,-,-
2022-01-16,3349.46,-,-
2022-01-15,3328.12,-,-
2022-01-14,3308.45,-,-
2022-01-13,3241.78,-,-
2022-01-12,3371.71,-,-
2022-01-11,3239.7,-,-
2022-01-10,3084.29,-,-
2022-01-09,3151.58,-,-
2022-01-08,3081,-,-
2022-01-07,3196.26,-,-
2022-01-06,3408.35,-,-
2022-01-05,3539.83,-,-
2022-01-04,3786.84621051,-,-
2022-01-03,3764.9,-,-
2022-01-02,-,3831.2,-
2022-01-01,3766.78,-,-
2021-12-31,-,3677.22620961,-
2021-12-30,-,3710,-
2021-12-29,-,3628.29,-
2021-12-28,-,3793.12,-
2021-12-27,-,4038.09,-
2021-12-26,-,4064.19,-
2021-12-25,-,4096.53,-
2021-12-24,-,4046.36,-
2021-12-23,-,4111.555,-
2021-12-22,-,3980.6,-
2021-12-21,-,4017.316085965,-
2021-12-20,-,3943.915,-
2021-12-19,-,3924.0299999999997,-
2021-12-18,-,3961.88,-
2021-12-17,-,3877.455,-
2021-12-16,-,3957.925,-
2021-12-15,-,4019.08,-
2021-12-14,-,3860.76589743,-
2021-12-13,-,3783.29,-
2021-12-12,-,4134.29613368,-
2021-12-11,-,4089.295,-
2021-12-10,-,3900.95354071,-
2021-12-09,-,4107.69761773,-
2021-12-08,-,4438.615,-
2021-12-07,-,4308.775,-
2021-12-06,-,4354.3150000000005,-
2021-12-05,-,4198.975,-
2021-12-04,-,4123.04,-
2021-12-03,-,4220.65,-
2021-12-02,-,4515.12,-
2021-12-01,-,4586.365,-
2021-11-30,-,4627.344999999999,-
2021-11-29,-,4444.6849999999995,-
2021-11-28,-,4296.81723992,-
2021-11-27,-,4095.87,-
2021-11-26,-,4041.465,-
2021-11-25,-,4524.145,-
2021-11-24,-,4271.53,-
2021-11-23,-,4341.535,-
2021-11-22,-,4089.535,-
2021-11-21,-,4263.25,-
2021-11-20,-,4414.44,-
2021-11-19,-,4297.675,-
2021-11-18,-,3998.34,-
2021-11-17,-,4289.0599999999995,-
2021-11-16,-,4211.28170688,-
2021-11-15,-,4563.889999999999,-
2021-11-14,-,4627.431832775,-
2021-11-13,-,4645.801010245001,-
2021-11-12,-,4667.27,-
2021-11-11,-,4722.481848415,-
2021-11-10,-,4632.835,-
2021-11-09,-,4732.545,-
2021-11-08,-,4810.56,-
2021-11-07,-,4615.875,-
2021-11-06,-,4518.68,-
2021-11-05,-,4479.55,-
2021-11-04,-,4536.99,-
2021-11-03,-,4603.605,-
2021-11-02,-,4589.945,-
2021-11-01,-,4323.16811395,-
2021-10-31,-,4288.67,-
2021-10-30,-,4322.71556128,-
2021-10-29,-,4417.731191105,-
2021-10-28,-,4286.124062819999,-
2021-10-27,-,3923.06,-
2021-10-26,-,4129.63,-
2021-10-25,-,4219.35,-
2021-10-24,-,4082.36414312,-
2021-10-23,-,4168.605,-
2021-10-22,-,3971.76,-
2021-10-21,-,4054.575,-
2021-10-20,-,4161.52,-
2021-10-19,-,3876.86,-
2021-10-18,-,3746,-
2021-10-17,-,3846.195,-
2021-10-16,-,3829.885,-
2021-10-15,-,3868.9849999999997,-
2021-10-14,-,3790.6450000000004,-
2021-10-13,-,3607.08,-
2021-10-12,-,3489.635,-
2021-10-11,-,3543.05,-
2021-10-10,-,3416.7681753099996,-
2021-10-09,-,3575.05,-
2021-10-08,-,3562.76,-
2021-10-07,-,3587.47,-
2021-10-06,-,3576.4700000000003,-
2021-10-05,-,3515.9700000000003,-
2021-10-04,-,3384.71,-
2021-10-03,-,3418,-
2021-10-02,-,3389.6,-
2021-10-01,-,3309.91,-
2021-09-30,-,3000.59,-
2021-09-29,-,2850.3,-
2021-09-28,-,2805.65,-
2021-09-27,-,2926.19771973,-
2021-09-26,-,3060.81,-
2021-09-25,-,2924.62444096,-
2021-09-24,-,2929.12,-
2021-09-23,-,3153.77,-
2021-09-22,-,3076.88,-
2021-09-21,-,2765.32,-
2021-09-20,-,2976.48,-
2021-09-19,-,3328.59,-
2021-09-18,-,3435.64,-
2021-09-17,-,3398.36913554,-
2021-09-16,-,3569.16,-
2021-09-15,-,3613.55,-
2021-09-14,-,3434.79,-
2021-09-13,-,3284.98,-
2021-09-12,-,3406.37,-
2021-09-11,-,3266.77,-
2021-09-10,-,3209.18,-
2021-09-09,-,3424.49,-
2021-09-08,-,3498.4,-
2021-09-07,-,3432.3,-
2021-09-06,-,3928.29,-
2021-09-05,-,3951.98,-
2021-09-04,-,3887.09,-
2021-09-03,-,3937.95633447,-
2021-09-02,-,3787.69,-
2021-09-01,-,3829.19,-
2021-08-31,-,3431.58150471,-
2021-08-30,-,3228.23426138,-
2021-08-29,-,3225.18,-
2021-08-28,-,3244.48,-
2021-08-27,-,3273.70299205,-
2021-08-26,-,3093.47,-
2021-08-25,-,3227.72,-
2021-08-24,-,3172.8,-
2021-08-23,-,3321.32230563,-
2021-08-22,-,3240.7,-
2021-08-21,-,3226.33,-
2021-08-20,-,3285.4,-
2021-08-19,-,3184.37,-
2021-08-18,-,3014.15,-
2021-08-17,3011.82569183,-,-
2021-08-16,3147.89,-,-
2021-08-15,3310.11,-,-
2021-08-14,3265.6,-,-
2021-08-13,3324.02,-,-
2021-08-12,3046.32,-,-
2021-08-11,3162.91,-,-
2021-08-10,3141.63,-,-
2021-08-09,3163.03859042,-,-
2021-08-08,3012.73,-,-
2021-08-07,3160.96,-,-
2021-08-06,-,-,2891.58
2021-08-05,-,-,2828.68
2021-08-04,-,-,2724.91
2021-08-03,-,-,2508.04
2021-08-02,-,-,2608.12
2021-08-01,-,-,2557.3
2021-07-31,2531.01,-,-
2021-07-30,2462.76,-,-
2021-07-29,-,-,2382.25
2021-07-28,-,-,2299.9988
2021-07-27,-,-,2300.8
2021-07-26,-,-,2228.8
2021-07-25,2190.7,-,-
2021-07-24,2185.26741317,-,-
2021-07-23,2124.3,-,-
2021-07-22,-,-,2023.52
2021-07-21,-,-,1995
2021-07-20,-,-,1786.39
2021-07-19,1818.26,-,-
2021-07-18,1891.57,-,-
2021-07-17,1899.01,-,-
2021-07-16,-,-,1876.44
2021-07-15,-,-,1918.07
2021-07-14,-,-,1994.475
2021-07-13,-,-,1940.115
2021-07-12,-,-,2033.4450000000002
2021-07-11,2139.455,-,-
2021-07-10,2110.685,-,-
2021-07-09,-,-,2146.730451895
2021-07-08,-,-,2116.25
2021-07-07,-,-,2316.15
2021-07-06,-,-,2322.82
2021-07-05,-,-,2197.23
2021-07-04,-,-,2323.1549999999997
2021-07-03,-,-,2227.23
2021-07-02,-,-,2154.665
2021-07-01,-,-,2108.75
2021-06-30,-,-,2275.12
2021-06-29,-,-,2164.355
2021-06-28,-,-,2083.595
2021-06-27,-,-,1981.732086615
2021-06-26,-,-,1829.925
2021-06-25,-,-,1810.91
2021-06-24,-,-,1989.00618743
2021-06-23,-,-,1968.0549999999998
2021-06-22,-,-,1878.055483645
2021-06-21,-,-,1887.23
2021-06-20,-,-,2243.01
2021-06-19,-,-,2166.799999805
2021-06-18,-,-,2232.67
2021-06-17,2371.75,-,-
2021-06-16,2367.6016623699998,-,-
2021-06-15,2544.325,-,-
2021-06-14,2581.08,-,-
2021-06-13,2508.935,-,-
2021-06-12,2368.62,-,-
2021-06-11,2353.295,-,-
2021-06-10,2470.395,-,-
2021-06-09,2609.99,-,-
2021-06-08,-,-,2508.79
2021-06-07,2592.6319222849997,-,-
2021-06-06,2711.619951485,-,-
2021-06-05,2629.12,-,-
2021-06-04,2690.0699999999997,-,-
2021-06-03,2856.52,-,-
2021-06-02,2706.71,-,-
2021-06-01,2633.650032935,-,-
2021-05-31,2706.14,-,-
2021-05-30,2386.6,-,-
2021-05-29,2278.64,-,-
2021-05-28,2412.99,-,-
2021-05-27,2741.46,-,-
2021-05-26,2885.41,-,-
2021-05-25,2704.95,-,-
2021-05-24,2648.2,-,-
2021-05-23,-,-,2098.33
2021-05-22,-,-,2294.87
2021-05-21,2431.54,-,-
2021-05-20,2772.02,-,-
2021-05-19,2443.76,-,-
2021-05-18,3376.48,-,-
2021-05-17,3281.42,-,-
2021-05-16,3582.43,-,-
2021-05-15,3646.01,-,-
2021-05-14,4079.58,-,-
2021-05-13,3718.52,-,-
2021-05-12,3821.67,-,-
2021-05-11,-,4173.8,-
2021-05-10,3948.34,-,-
2021-05-09,3924.9,-,-
2021-05-08,3910.26,-,-
2021-05-07,3481.47,-,-
2021-05-06,3491.13085146,-,-
2021-05-05,3524.34,-,-
2021-05-04,3241.47,-,-
2021-05-03,3431.04,-,-
2021-05-02,2951.79,-,-
2021-05-01,2947.41,-,-
2021-04-30,2773.705,-,-
2021-04-29,2758.115,-,-
2021-04-28,2748.75,-,-
2021-04-27,2665.985,-,-
2021-04-26,2534.84,-,-
2021-04-25,2320.205,-,-
2021-04-24,2216.88,-,-
2021-04-23,2367.7,-,-
2021-04-22,2400.1099999999997,-,-
2021-04-21,2357.51,-,-
2021-04-20,2332.202965785,-,-
2021-04-19,2163.355,-,-
2021-04-18,2237.147467145,-,-
2021-04-17,2318.585,-,-
2021-04-16,2425.52,-,-
2021-04-15,2516,-,-
2021-04-14,2431.3436217649996,-,-
2021-04-13,2299.745,-,-
2021-04-12,2137.7250000000004,-,-
2021-04-11,2150,-,-
2021-04-10,2133.7127761399997,-,-
2021-04-09,2066.755,-,-
2021-04-08,2080.26,-,-
2021-04-07,1962.93,-,-
2021-04-06,2112.48,-,-
2021-04-05,2106.83,-,-
2021-04-04,2076.565,-,-
2021-04-03,2010.7150000000001,-,-
2021-04-02,2134.92,-,-
2021-04-01,1968.05,-,-
2021-03-31,-,-,1918.0300000000002
2021-03-30,-,-,1841.07
2021-03-29,-,-,1816.8049999999998
2021-03-28,-,-,1686.495
2021-03-27,-,-,1713.27
2021-03-26,-,-,1699.33
2021-03-25,-,-,1587.03
2021-03-24,-,-,1582.6031357450001
2021-03-23,-,-,1669.27
2021-03-22,-,-,1681.9850000000001
2021-03-21,-,-,1783.78222004
2021-03-20,-,-,1804.921191945
2021-03-19,-,-,1809.51
2021-03-18,-,-,1776.489883665
2021-03-17,-,-,1822.9650000000001
2021-03-16,-,-,1805.13
2021-03-15,-,-,1792.91
2021-03-14,-,-,1849.0375615799999
2021-03-13,-,-,1921.8
2021-03-12,-,-,1767.2350000000001
2021-03-11,-,-,1825.865
2021-03-10,-,-,1795.405
2021-03-09,-,-,1870.875
2021-03-08,-,-,1833.365
2021-03-07,-,-,1726.8535337150001
2021-03-06,-,-,1651.143306715
2021-03-05,-,-,1528.99
2021-03-04,-,-,1539.25716316
2021-03-03,-,-,1568.92
2021-03-02,-,-,1487.9299999999998
2021-03-01,-,-,1571.0549999999998
2021-02-28,-,-,1419.19
2021-02-27,-,-,1459.315
2021-02-26,-,-,1444.59
2021-02-25,-,-,1480.4250000000002
2021-02-24,-,-,1624.685
2021-02-23,-,-,1577.68
2021-02-22,-,-,1778.125
2021-02-21,-,-,1933.92
2021-02-20,-,-,1915.67
2021-02-19,-,-,1956.3899999999999
2021-02-18,-,-,1939
2021-02-17,-,-,1849.6638339750002
2021-02-16,-,-,1781.68
2021-02-15,-,-,1779.155
2021-02-14,-,-,1801.79
2021-02-13,-,-,1815.875
2021-02-12,-,-,1845.04
2021-02-11,-,-,1786.205
2021-02-10,-,-,1742.665
2021-02-09,-,-,1771.575
2021-02-08,-,-,1752.04
2021-02-07,-,-,1614.59
2021-02-06,-,-,1678.8049999999998
2021-02-05,-,-,1720.86
2021-02-04,-,-,1596.94
2021-02-03,-,-,1666.16
2021-02-02,-,-,1513.06
2021-02-01,-,-,1374.0749999999998
2021-01-31,-,-,1314.201179695
2021-01-30,-,-,1378.05
2021-01-29,-,-,1379.065
2021-01-28,-,-,1331.44
2021-01-27,-,-,1241.1
2021-01-26,-,-,1366.1950000000002
2021-01-25,-,-,1318.655
2021-01-24,-,-,1392.67
2021-01-23,-,-,1233.5149999999999
2021-01-22,-,-,1234.885
2021-01-21,-,-,1111.35718116
2021-01-20,-,-,1377.56
2021-01-19,-,-,1368.05
2021-01-18,-,-,1258.145
2021-01-17,-,-,1232.45
2021-01-16,-,-,1228.171814505
2021-01-15,-,-,1169.705
2021-01-14,-,-,1231.3916985249998
2021-01-13,-,-,1129.471444145
2021-01-12,-,-,1049.0900000000001
2021-01-11,-,-,1088.460721935
2021-01-10,-,-,1255.30773048
2021-01-09,1280.12,-,-
2021-01-08,1217.541563395,-,-
2021-01-07,1224.87,-,-
2021-01-06,1209.53,-,-
2021-01-05,1101.235,-,-
2021-01-04,1042.2,-,-
2021-01-03,978.365,-,-
2021-01-02,774.9509694650001,-,-
2021-01-01,729.99,-,-
2020-12-31,737.14,-,-
2020-12-30,752.1800000000001,-,-
2020-12-29,732,-,-
2020-12-28,729.81,-,-
2020-12-27,683.99,-,-
2020-12-26,636.44,-,-
2020-12-25,626.47,-,-
2020-12-24,612.42178863,-,-
2020-12-23,585.26,-,-
2020-12-22,636.565,-,-
2020-12-21,607.99,-,-
2020-12-20,638.3399999999999,-,-
2020-12-19,659.04,-,-
2020-12-18,654.25,-,-
2020-12-17,643.27337544,-,-
2020-12-16,637.7749480049999,-,-
2020-12-15,588.88,-,-
2020-12-14,586.29,-,-
2020-12-13,590.705,-,-
2020-12-12,568.065,-,-
2020-12-11,544.23527709,-,-
2020-12-10,558.79,-,-
2020-12-09,573.465,-,-
2020-12-08,554.81,-,-
2020-12-07,591.415,-,-
2020-12-06,602.16,-,-
2020-12-05,596.94,-,-
2020-12-04,567.72,-,-
2020-12-03,616.53,-,-
2020-12-02,597.581394475,-,-
2020-12-01,586.13,-,-
2020-11-30,616.4983675000001,-,-
2020-11-29,576.1800000000001,-,-
2020-11-28,537.855,-,-
2020-11-27,518.14,-,-
2020-11-26,519.6949999999999,-,-
2020-11-25,569.585,-,-
2020-11-24,604.993474825,-,-
2020-11-23,608.88437415,-,-
2020-11-22,560.12,-,-
2020-11-21,552.215,-,-
2020-11-20,510,-,-
2020-11-19,471.49,-,-
2020-11-18,478.95,-,-
2020-11-17,482.58500000000004,-,-
2020-11-16,460.55,-,-
2020-11-15,448.58,-,-
2020-11-14,461.16,-,-
2020-11-13,476.915,-,-
2020-11-12,462.82468652,-,-
2020-11-11,463.81,-,-
2020-11-10,450.77,-,-
2020-11-09,444.41499999999996,-,-
2020-11-08,454.605,-,-
2020-11-07,435.64,-,-
2020-11-06,455.9606,-,-
2020-11-05,416.82500000000005,-,-
2020-11-04,402.445,-,-
2020-11-03,387.895,-,-
2020-11-02,383.338731055,-,-
2020-11-01,396.67,-,-
2020-10-31,386.72,-,-
2020-10-30,382.75,-,-
2020-10-29,387.13,-,-
2020-10-28,388.48,-,-
2020-10-27,403.73821766000003,-,-
2020-10-26,393.115,-,-
2020-10-25,406.2,-,-
2020-10-24,412.30516834499997,-,-
2020-10-23,409.455,-,-
2020-10-22,-,414.395,-
2020-10-21,-,391.51,-
2020-10-20,-,368.8,-
2020-10-19,-,379.36,-
2020-10-18,-,378.14,-
2020-10-17,-,368.39,-
2020-10-16,-,365.61,-
2020-10-15,-,377.64,-
2020-10-14,-,378.75,-
2020-10-13,-,381.06,-
2020-10-12,-,386.74,-
2020-10-11,-,374.34540852,-
2020-10-10,-,370.85,-
2020-10-09,-,365.36,-
2020-10-08,-,350.93379999,-
2020-10-07,-,341.7636973,-
2020-10-06,-,340.67,-
2020-10-05,-,353.5,-
2020-10-04,-,352.44,-
2020-10-03,-,346.08,-
2020-10-02,-,345.6,-
2020-10-01,-,352.89,-
2020-09-30,-,359.77,-
2020-09-29,-,359.76,-
2020-09-28,-,354.05,-
2020-09-27,-,357.39,-
2020-09-26,-,354.04,-
2020-09-25,-,351.72,-
2020-09-24,-,349.02,-
2020-09-23,-,320.17,-
2020-09-22,-,344.18,-
2020-09-21,-,340.36,-
2020-09-20,-,371.04,-
2020-09-19,-,385.23,-
2020-09-18,-,384.21,-
2020-09-17,-,389.37,-
2020-09-16,-,365.11,-
2020-09-15,-,364.06,-
2020-09-14,-,377.07,-
2020-09-13,-,366.32,-
2020-09-12,-,387.8,-
2020-09-11,-,373.93,-
2020-09-10,-,367.9,-
2020-09-09,-,351.15,-
2020-09-08,-,337.37,-
2020-09-07,-,353.53,-
2020-09-06,-,352.77,-
2020-09-05,-,335.01,-
2020-09-04,-,385.61,-
2020-09-03,-,382.19,-
2020-09-02,-,439.8,-
2020-09-01,-,475.81,-
2020-08-31,-,433.91,-
2020-08-30,-,428.94,-
2020-08-29,-,398.67,-
2020-08-28,-,395.42,-
2020-08-27,-,383.16,-
2020-08-26,-,385.93870166,-
2020-08-25,-,383.22,-
2020-08-24,-,407.91950399,-
2020-08-23,-,390.77,-
2020-08-22,-,395.62,-
2020-08-21,-,387.83,-
2020-08-20,-,415.99,-
2020-08-19,-,407.42,-
2020-08-18,-,422.18,-
2020-08-17,-,430.86,-
2020-08-16,-,433.72,-
2020-08-15,-,432.4845,-
2020-08-14,-,438.1,-
2020-08-13,-,424.54,-
2020-08-12,-,387.31,-
2020-08-11,-,379,-
2020-08-10,-,395.73849459,-
2020-08-09,-,390.13,-
2020-08-08,-,397.03,-
2020-08-07,-,379.55,-
2020-08-06,-,394.8836636,-
2020-08-05,-,400.8469632,-
2020-08-04,-,389.62,-
2020-08-03,-,386.15,-
2020-08-02,-,372.14,-
2020-08-01,-,387.33,-
2020-07-31,-,346.56,-
2020-07-30,-,335.04,-
2020-07-29,-,317.88,-
2020-07-28,-,317.43,-
2020-07-27,-,322.31,-
2020-07-26,-,311.1,-
2020-07-25,-,305.64,-
2020-07-24,-,279.41,-
2020-07-23,-,275.43,-
2020-07-22,-,264.23,-
2020-07-21,-,245.64,-
2020-07-20,-,236.1,-
2020-07-19,-,239.11,-
2020-07-18,-,235.78,-
2020-07-17,-,232.73061471,-
2020-07-16,-,233.59,-
2020-07-15,-,238.61,-
2020-07-14,-,240.44,-
2020-07-13,-,239.5,-
2020-07-12,-,242.79,-
2020-07-11,-,239.14,-
2020-07-10,-,241.13,-
2020-07-09,-,241.99,-
2020-07-08,-,247.00000001,-
2020-07-07,-,239.23,-
2020-07-06,-,241.6,-
2020-07-05,227.67,-,-
2020-07-04,229.17,-,-
2020-07-03,225.03,-,-
2020-07-02,226.49,-,-
2020-07-01,231.03,-,-
2020-06-30,225.58,-,-
2020-06-29,227.88,-,-
2020-06-28,224.93,-,-
2020-06-27,220.83,-,-
2020-06-26,229.44,-,-
2020-06-25,232.42,-,-
2020-06-24,234.55,-,-
2020-06-23,243.08,-,-
2020-06-22,243.21,-,-
2020-06-21,227.81,-,-
2020-06-20,228.89,-,-
2020-06-19,228.72,-,-
2020-06-18,231.25,-,-
2020-06-17,233.70499999999998,-,-
2020-06-16,235.252833195,-,-
2020-06-15,230.87,-,-
2020-06-14,231.77,-,-
2020-06-13,238.12,-,-
2020-06-12,237.51,-,-
2020-06-11,230.22500000000002,-,-
2020-06-10,247.84,-,-
2020-06-09,243.83,-,-
2020-06-08,246.45499999999998,-,-
2020-06-07,244.60500000000002,-,-
2020-06-06,242,-,-
2020-06-05,240.055,-,-
2020-06-04,243.35500000000002,-,-
2020-06-03,244.52105166,-,-
2020-06-02,237.70499999999998,-,-
2020-06-01,248.24,-,-
2020-05-31,231.63,-,-
2020-05-30,243.56,-,-
2020-05-29,220.6,-,-
2020-05-28,220.2,-,-
2020-05-27,208.19,-,-
2020-05-26,200.90035196,-,-
2020-05-25,204.11,-,-
2020-05-24,199.76,-,-
2020-05-23,206.62,-,-
2020-05-22,207.17,-,-
2020-05-21,198.70943607,-,-
2020-05-20,209.94,-,-
2020-05-19,214.54,-,-
2020-05-18,214.64,-,-
2020-05-17,207,-,-
2020-05-16,200.5,-,-
2020-05-15,194.62,-,-
2020-05-14,203.3,-,-
2020-05-13,199.82,-,-
2020-05-12,189.79,-,-
2020-05-11,185.8,-,-
2020-05-10,187.73,-,-
2020-05-09,210.17,-,-
2020-05-08,211.59,-,-
2020-05-07,212.22,-,-
2020-05-06,199.08163265,-,-
2020-05-05,205.35072249,-,-
2020-05-04,206.86,-,-
2020-05-03,209.97,-,-
2020-05-02,213.94,-,-
2020-05-01,212.09,-,-
2020-04-30,206.31688624,-,-
2020-04-29,215.37,-,-
2020-04-28,196.67,-,-
2020-04-27,196.43118816,-,-
2020-04-26,197.5,-,-
2020-04-25,194.26,-,-
2020-04-24,187.59,-,-
2020-04-23,185.51,-,-
2020-04-22,182.71,-,-
2020-04-21,170.79,-,-
2020-04-20,170.5,-,-
2020-04-19,180.27834901,-,-
2020-04-18,187.65,-,-
2020-04-17,170.89,-,-
2020-04-16,172.49,-,-
2020-04-15,152.91,-,-
2020-04-14,158.45,-,-
2020-04-13,156.66701052,-,-
2020-04-12,158.72,-,-
2020-04-11,158.465023605,-,-
2020-04-10,157.886197025,-,-
2020-04-09,169.88,-,-
2020-04-08,173.08528783,-,-
2020-04-07,164.64745972,-,-
2020-04-06,171.38,-,-
2020-04-05,142.84,-,-
2020-04-04,144.25885068,-,-
2020-04-03,141.39,-,-
2020-04-02,141.47999,-,-
2020-04-01,135.97,-,-
2020-03-31,133.150951285,-,-
2020-03-30,132.3,-,-
2020-03-29,124.5,-,-
2020-03-28,131.19999,-,-
2020-03-27,131.35,-,-
2020-03-26,138.51246473,-,-
2020-03-25,136.20999999999998,-,-
2020-03-24,138.92394018,-,-
2020-03-23,-,-,136.43188698
2020-03-22,-,-,122.33500000000001
2020-03-21,-,-,132.655
2020-03-20,-,-,133.4
2020-03-19,136.91000000000003,-,-
2020-03-18,118.260540685,-,-
2020-03-17,116.39,-,-
2020-03-16,111.045,-,-
2020-03-15,123.638074115,-,-
2020-03-14,122.53,-,-
2020-03-13,135.17000000000002,-,-
2020-03-12,108.10842915,-,-
2020-03-11,194.595,-,-
2020-03-10,200.52749999999997,-,-
2020-03-09,202.8827859,-,-
2020-03-08,199.36,-,-
2020-03-07,237.45999999999998,-,-
2020-03-06,245.48675502999998,-,-
2020-03-05,228.51681991,-,-
2020-03-04,224.31,-,-
2020-03-03,223.84203497,-,-
2020-03-02,231.935,-,-
2020-03-01,217.805,-,-
2020-02-29,217.48,-,-
2020-02-28,227.18671864499998,-,-
2020-02-27,227.52,-,-
2020-02-26,223.79,-,-
2020-02-25,246.67,-,-
2020-02-24,265.55,-,-
2020-02-23,275.48,-,-
2020-02-22,262.08,-,-
2020-02-21,265.40532227,-,-
2020-02-20,257.36,-,-
2020-02-19,258.78,-,-
2020-02-18,282.61574476,-,-
2020-02-17,267.75,-,-
2020-02-16,259.02,-,-
2020-02-15,264.86,-,-
2020-02-14,285.76419463,-,-
2020-02-13,268.49636976,-,-
2020-02-12,266.04,-,-
2020-02-11,237.45,-,-
2020-02-10,222.95,-,-
2020-02-09,228.66,-,-
2020-02-08,223.27,-,-
2020-02-07,223.3,-,-
2020-02-06,213.09,-,-
2020-02-05,203.83,-,-
2020-02-04,188.43,-,-
2020-02-03,189.71,-,-
2020-02-02,-,-,188.44
2020-02-01,-,-,183.51
2020-01-31,-,-,179.84
2020-01-30,-,-,184.45
2020-01-29,-,-,173.68
2020-01-28,-,-,175.8
2020-01-27,-,-,169.88
2020-01-26,-,-,167.64
2020-01-25,-,-,160.27
2020-01-24,-,-,162.32
2020-01-23,-,-,162.68
2020-01-22,-,-,167.73
2020-01-21,-,-,169.3
2020-01-20,-,-,166.85
2020-01-19,-,-,166.79
2020-01-18,-,-,174.13
2020-01-17,-,-,169.85
2020-01-16,-,-,164.09
2020-01-15,-,-,166.16
2020-01-14,-,-,165.97
2020-01-13,-,-,143.54603422
2020-01-12,-,-,146.465
2020-01-11,-,-,142.6
2020-01-10,-,-,144.72
2020-01-09,-,-,137.805
2020-01-08,-,-,140.69999
2020-01-07,-,-,143.085
2020-01-06,-,-,144.125
2020-01-05,-,-,135.27
2020-01-04,-,-,134.11
2020-01-03,-,-,134.065
2020-01-02,-,-,126.81
2020-01-01,-,-,130.27
2019-12-31,-,-,128.81
2019-12-30,-,-,131.385
2019-12-29,-,-,134.35500000000002
2019-12-28,-,-,128.04990938
2019-12-27,-,-,126.24000000000001
2019-12-26,-,-,125.49732872499999
2019-12-25,-,-,124.98
2019-12-24,-,-,127.74
2019-12-23,-,-,128.01
2019-12-22,-,-,132.25
2019-12-21,-,-,126.99
2019-12-20,-,-,128.23000000000002
2019-12-19,-,-,128.129023405
2019-12-18,-,-,132.78
2019-12-17,-,-,121.8342695
2019-12-16,-,-,132.51
2019-12-15,-,-,142.42066065
2019-12-14,-,-,141.81
2019-12-13,-,-,144.675
2019-12-12,-,-,144.79
2019-12-11,-,-,143.19
2019-12-10,-,-,145.56
2019-12-09,-,-,147.39624834
2019-12-08,-,-,150.62
2019-12-07,-,-,147.34
2019-12-06,-,-,148.70999999999998
2019-12-05,-,-,147.95918367
2019-12-04,-,-,145.39
2019-12-03,-,-,147.32
2019-12-02,-,-,148.86
2019-12-01,-,-,150.97
2019-11-30,-,-,151.73
2019-11-29,-,-,154.57
2019-11-28,-,-,150.86189337
2019-11-27,-,-,152.64
2019-11-26,-,-,147.67
2019-11-25,-,-,145.91
2019-11-24,-,-,139.98
2019-11-23,-,-,152.05
2019-11-22,-,-,149.82
2019-11-21,-,-,160.9
2019-11-20,-,-,174.47
2019-11-19,-,-,175.65
2019-11-18,-,-,177.96
2019-11-17,-,-,183.82
2019-11-16,-,-,182.34500000000003
2019-11-15,-,-,179.95
2019-11-14,-,-,184.79
2019-11-13,-,-,187.81
2019-11-12,-,-,186.8
2019-11-11,-,-,184.79
2019-11-10,-,-,188.98
2019-11-09,-,-,184.89
2019-11-08,-,-,183.78
2019-11-07,-,-,186.68
2019-11-06,-,-,191.16
2019-11-05,-,-,188.81000186
2019-11-04,-,-,185.84
2019-11-03,-,-,181.635
2019-11-02,-,-,183
2019-11-01,-,-,183.14
2019-10-31,-,-,182.43
2019-10-30,-,-,183.17
2019-10-29,-,-,190.52
2019-10-28,-,-,181.93
2019-10-27,-,-,184.22
2019-10-26,-,-,179.5
2019-10-25,-,-,181.51
2019-10-24,-,-,160.68
2019-10-23,-,-,162.41408749
2019-10-22,-,-,171.3
2019-10-21,-,-,174.2
2019-10-20,-,-,175.24
2019-10-19,-,-,171.83
2019-10-18,-,-,172.91691
2019-10-17,-,-,177.28
2019-10-16,-,-,174.56
2019-10-15,-,-,180.52
2019-10-14,-,-,186.69
2019-10-13,-,-,181.18
2019-10-12,-,-,179.86
2019-10-11,-,-,180.72
2019-10-10,-,-,191.44
2019-10-09,-,-,193.11
2019-10-08,-,-,180.77
2019-10-07,-,-,180.21
2019-10-06,-,-,170.18
2019-10-05,-,-,176.25
2019-10-04,-,-,175.99
2019-10-03,-,-,174.81
2019-10-02,-,-,180.69
2019-10-01,-,-,176.2
2019-09-30,-,-,180.97
2019-09-29,-,-,169.42
2019-09-28,-,-,173.8
2019-09-27,-,-,173.79
2019-09-26,-,-,165.83537039
2019-09-25,-,-,169.96
2019-09-24,-,-,166.15
2019-09-23,-,-,201.19585525
2019-09-22,-,-,211.11
2019-09-21,-,-,215.18
2019-09-20,-,-,218.08499999999998
2019-09-19,-,-,220.5
2019-09-18,-,-,210.215
2019-09-17,-,-,207.84
2019-09-16,-,-,197.60500000000002
2019-09-15,-,-,189.29500000000002
2019-09-14,-,-,188.60500000000002
2019-09-13,-,-,181.25
2019-09-12,-,-,180.93
2019-09-11,-,-,178.33
2019-09-10,-,-,179.82999999999998
2019-09-09,-,-,180.69
2019-09-08,-,-,181.47
2019-09-07,-,-,178.04000000000002
2019-09-06,-,-,169.11
2019-09-05,-,-,174.14
2019-09-04,-,-,174.815
2019-09-03,-,-,178.935
2019-09-02,-,-,178.3
2019-09-01,-,-,171.015334745
2019-08-31,-,-,171.819632775
2019-08-30,-,-,168.405
2019-08-29,-,-,168.92424849999998
2019-08-28,-,-,172.98000000000002
2019-08-27,-,-,187.21
2019-08-26,-,-,188.5
2019-08-25,-,-,186.535
2019-08-24,-,-,190.735
2019-08-23,-,-,194.24
2019-08-22,-,-,190.575
2019-08-21,-,-,187.235
2019-08-20,-,-,196.549999995
2019-08-19,-,-,202.4
2019-08-18,-,-,194.51304235499998
2019-08-17,-,-,185.59
2019-08-16,-,-,185.14271200500002
2019-08-15,-,-,188.049927485
2019-08-14,-,-,186.215
2019-08-13,-,-,208.66
2019-08-12,-,-,211.19
2019-08-11,-,-,216.2
2019-08-10,-,-,206.335
2019-08-09,-,-,210.43
2019-08-08,-,-,221.26999999999998
2019-08-07,-,-,226.08
2019-08-06,-,-,226.1385
2019-08-05,-,-,233.19
2019-08-04,-,-,222.615
2019-08-03,222.06,-,-
2019-08-02,217.735,-,-
2019-08-01,217.03,-,-
2019-07-31,218.517217535,-,-
2019-07-30,209.78500000000003,-,-
2019-07-29,210.82,-,-
2019-07-28,211.21,-,-
2019-07-27,207.09,-,-
2019-07-26,219.156,-,-
2019-07-25,219.225,-,-
2019-07-24,216.59526943,-,-
2019-07-23,212.005,-,-
2019-07-22,217.295692005,-,-
2019-07-21,225.435,-,-
2019-07-20,228.62184054,-,-
2019-07-19,221.085,-,-
2019-07-18,225.77758747000001,-,-
2019-07-17,211.23017488,-,-
2019-07-16,198.69,-,-
2019-07-15,228.27524513,-,-
2019-07-14,-,226,-
2019-07-13,-,269.05,-
2019-07-12,-,275.319246925,-
2019-07-11,-,268.567334985,-
2019-07-10,-,288.96,-
2019-07-09,-,307.86,-
2019-07-08,-,313.225,-
2019-07-07,-,306.405,-
2019-07-06,-,287.89,-
2019-07-05,-,287.565,-
2019-07-04,-,282.81,-
2019-07-03,-,301.92,-
2019-07-02,-,291.11,-
2019-07-01,-,294.129790855,-
2019-06-30,-,289.77,-
2019-06-29,-,317.975,-
2019-06-28,-,310.35,-
2019-06-27,-,293.926441995,-
2019-06-26,-,335.05,-
2019-06-25,-,316.93,-
2019-06-24,-,310.98,-
2019-06-23,-,307.6,-
2019-06-22,-,310.17350001,-
2019-06-21,-,295.24,-
2019-06-20,-,272.005,-
2019-06-19,-,268.96,-
2019-06-18,-,264.28999999999996,-
2019-06-17,-,273.7,-
2019-06-16,-,268.445320015,-
2019-06-15,-,268.72,-
2019-06-14,-,263.655,-
2019-06-13,-,254.915,-
2019-06-12,-,262.52,-
2019-06-11,-,245.05,-
2019-06-10,-,247.49129475,-
2019-06-09,-,231.735,-
2019-06-08,-,244.33,-
2019-06-07,-,249.495,-
2019-06-06,-,249.03,-
2019-06-05,-,246.16,-
2019-06-04,-,240.93,-
2019-06-03,-,249.91,-
2019-06-02,-,269.4,-
2019-06-01,-,264.37,-
2019-05-31,-,267.87,-
2019-05-30,-,254.565,-
2019-05-29,-,269.195,-
2019-05-28,-,271.31,-
2019-05-27,-,271.26,-
2019-05-26,-,267.92,-
2019-05-25,-,251.62,-
2019-05-24,-,249.325878895,-
2019-05-23,-,245.51047604000001,-
2019-05-22,-,243.72,-
2019-05-21,-,254.885,-
2019-05-20,-,252.17,-
2019-05-19,-,260.989549995,-
2019-05-18,-,234.03,-
2019-05-17,-,244.41139059,-
2019-05-16,-,264.505,-
2019-05-15,-,248.79,-
2019-05-14,-,217.37,-
2019-05-13,-,196.185,-
2019-05-12,-,188.05403001,-
2019-05-11,-,191.978184545,-
2019-05-10,-,172.255,-
2019-05-09,-,170.085,-
2019-05-08,-,169.63,-
2019-05-07,-,166.64999999999998,-
2019-05-06,-,171.215,-
2019-05-05,-,161.360274745,-
2019-05-04,-,162.025,-
2019-05-03,-,164.96499999999997,-
2019-05-02,-,158.829839285,-
2019-05-01,-,158.5945074,-
2019-04-30,160.405,-,-
2019-04-29,152.42,-,-
2019-04-28,153.61,-,-
2019-04-27,155.704995,-,-
2019-04-26,153.225,-,-
2019-04-25,152.19,-,-
2019-04-24,165.385,-,-
2019-04-23,170.26999999999998,-,-
2019-04-22,171.4,-,-
2019-04-21,169.9,-,-
2019-04-20,173.56419690500002,-,-
2019-04-19,173.525,-,-
2019-04-18,173.920373025,-,-
2019-04-17,166.45999999999998,-,-
2019-04-16,166.39130678499998,-,-
2019-04-15,160.37982006,-,-
2019-04-14,167.995,-,-
2019-04-13,163.724995,-,-
2019-04-12,164.10500000000002,-,-
2019-04-11,164.915,-,-
2019-04-10,177.41269751,-,-
2019-04-09,175.66,-,-
2019-04-08,180.64,-,-
2019-04-07,174.85500000000002,-,-
2019-04-06,165.51,-,-
2019-04-05,165.845,-,-
2019-04-04,157.635,-,-
2019-04-03,161.03,-,-
2019-04-02,-,-,164.64
2019-04-01,-,-,141.245
2019-03-31,-,-,141.325
2019-03-30,-,-,142.23000000000002
2019-03-29,-,-,143.024999965
2019-03-28,-,-,137.76
2019-03-27,-,-,139.14
2019-03-26,-,-,133.29
2019-03-25,-,-,133.25
2019-03-24,-,-,135.56
2019-03-23,-,-,136.634995
2019-03-22,-,-,135.98
2019-03-21,-,-,134.64682886999998
2019-03-20,-,-,138.775
2019-03-19,-,-,138.115
2019-03-18,-,-,137.3
2019-03-17,-,-,138.36
2019-03-16,-,-,140.59907622
2019-03-15,-,-,135.85999500000003
2019-03-14,-,-,131.43
2019-03-13,-,-,131.31
2019-03-12,-,-,132.995
2019-03-11,-,-,132.234500165
2019-03-10,-,-,135.0454427
2019-03-09,-,-,136.55
2019-03-08,-,-,132.82
2019-03-07,-,-,136.25
2019-03-06,-,-,137.28
2019-03-05,-,-,136.32
2019-03-04,-,-,125.18
2019-03-03,-,-,129.83
2019-03-02,-,-,132.22999
2019-03-01,-,-,134.91
2019-02-28,-,-,134.7
2019-02-27,-,-,134.46
2019-02-26,-,-,136
2019-02-25,-,-,137.69
2019-02-24,-,-,132.05
2019-02-23,-,-,157.6
2019-02-22,-,-,146.68
2019-02-21,-,-,144.7
2019-02-20,-,-,147.780776
2019-02-19,-,-,142.85
2019-02-18,-,-,144.71
2019-02-17,-,-,132.44
2019-02-16,-,-,121.69208
2019-02-15,-,-,120.45
2019-02-14,-,-,119.404664
2019-02-13,-,-,120.75
2019-02-12,-,-,121.06
2019-02-11,-,-,119.6
2019-02-10,-,-,123.98573262
2019-02-09,-,-,118.07
2019-02-08,-,-,118.19
2019-02-07,-,-,103.36
2019-02-06,-,-,103.37
2019-02-05,-,-,106.134171
2019-02-04,-,-,106.09
2019-02-03,-,-,106.01
2019-02-02,-,-,109.352522
2019-02-01,-,-,106.03
2019-01-31,-,-,105.81
2019-01-30,-,-,107.76
2019-01-29,-,-,104.42805575
2019-01-28,-,-,105.47
2019-01-27,-,-,111.47
2019-01-26,-,-,115.14562997
2019-01-25,-,-,115.00000018
2019-01-24,-,-,116.3063
2019-01-23,-,-,116.44
2019-01-22,-,-,117.94
2019-01-21,-,-,115.81
2019-01-20,-,-,117.43897499
2019-01-19,-,-,123.163188
2019-01-18,-,-,119.51
2019-01-17,-,-,122.4
2019-01-16,-,-,121.875321
2019-01-15,-,-,120
2019-01-14,-,-,127.96
2019-01-13,-,-,115.09
2019-01-12,-,-,124.25
2019-01-11,-,-,125.38322604
2019-01-10,-,-,126.4
2019-01-09,-,-,149.289
2019-01-08,-,-,148.52629206
2019-01-07,-,-,150.176698
2019-01-06,-,-,155.68
2019-01-05,-,-,153.838864
2019-01-04,-,-,152.98
2019-01-03,-,-,146.5
2019-01-02,-,-,153.15
2019-01-01,-,-,139.1
2018-12-31,-,-,131.14
2018-12-30,-,-,138.395612
2018-12-29,-,-,134.00576773
2018-12-28,-,-,136.82
2018-12-27,-,-,114.19
2018-12-26,-,-,130.07005746
2018-12-25,-,-,128.36
2018-12-24,-,-,139
2018-12-23,-,-,129.2
2018-12-22,-,-,115.6
2018-12-21,-,-,107.7
2018-12-20,-,-,114.24
2018-12-19,-,-,99.10604152
2018-12-18,-,-,100.78
2018-12-17,-,-,93.98
2018-12-16,-,-,83.76
2018-12-15,-,-,83.03
2018-12-14,-,-,83
2018-12-13,-,-,85.31
2018-12-12,-,-,89.14
2018-12-11,-,-,87.04
2018-12-10,-,-,89.52071344
2018-12-09,-,-,93.13688788
2018-12-08,-,-,90.222841
2018-12-07,-,-,92.51
2018-12-06,-,-,90.124
2018-12-05,100.84,-,-
2018-12-04,108.8,-,-
2018-12-03,107.28,-,-
2018-12-02,114.89,-,-
2018-12-01,116.91,-,-
2018-11-30,111.9,-,-
2018-11-29,116.81536149,-,-
2018-11-28,121.81,-,-
2018-11-27,108.7,-,-
2018-11-26,106.95,-,-
2018-11-25,114.7752,-,-
2018-11-24,110.66,-,-
2018-11-23,121.54,-,-
2018-11-22,123.4,-,-
2018-11-21,135.06,-,-
2018-11-20,128.7020337,-,-
2018-11-19,146.0163,-,-
2018-11-18,175.87,-,-
2018-11-17,172.90746587,-,-
2018-11-16,172.86863979,-,-
2018-11-15,178.64,-,-
2018-11-14,178.083906,-,-
2018-11-13,203.93,-,-
2018-11-12,209.03,-,-
2018-11-11,210.03,-,-
2018-11-10,210.47,-,-
2018-11-09,208.4,-,-
2018-11-08,210.58332798,-,-
2018-11-07,217.36,-,-
2018-11-06,218.8,-,-
2018-11-05,209.38,-,-
2018-11-04,210.48,-,-
2018-11-03,198.88,-,-
2018-11-02,200.03,-,-
2018-11-01,198.33,-,-
2018-10-31,196.96964194,-,-
2018-10-30,196.29,-,-
2018-10-29,194.39,-,-
2018-10-28,202.694,-,-
2018-10-27,201.44,-,-
2018-10-26,200.71,-,-
2018-10-25,199.66,-,-
2018-10-24,201.967046,-,-
2018-10-23,201.18,-,-
2018-10-22,201.661915,-,-
2018-10-21,202.31,-,-
2018-10-20,202.99999999,-,-
2018-10-19,200.69,-,-
2018-10-18,199.36,-,-
2018-10-17,204.89531134,-,-
2018-10-16,205.99,-,-
2018-10-15,204.86,-,-
2018-10-14,192.01,-,-
2018-10-13,197.17804873,-,-
2018-10-12,194.67,-,-
2018-10-11,188.71244399,-,-
2018-10-10,224,-,-
2018-10-09,226.51,-,-
2018-10-08,228,-,-
2018-10-07,225.28,-,-
2018-10-06,224.44,-,-
2018-10-05,226.89,-,-
2018-10-04,221.26169948,-,-
2018-10-03,219.46,-,-
2018-10-02,225.69,-,-
2018-10-01,230.98999999,-,-
2018-09-30,232.706519,-,-
2018-09-29,231.52,-,-
2018-09-28,221.76639,-,-
2018-09-27,229,-,-
2018-09-26,214.27555,-,-
2018-09-25,219.099999995,-,-
2018-09-24,228.005,-,-
2018-09-23,244.5,-,-
2018-09-22,240.60627341499998,-,-
2018-09-21,247.745,-,-
2018-09-20,224,-,-
2018-09-19,209.79,-,-
2018-09-18,208.35500000000002,-,-
2018-09-17,196,-,-
2018-09-16,220.12,-,-
2018-09-15,221.725,-,-
2018-09-14,208.765,-,-
2018-09-13,211.05923991,-,-
2018-09-12,182.848839105,-,-
2018-09-11,185.16500000000002,-,-
2018-09-10,197.0357,-,-
2018-09-09,195.805,-,-
2018-09-08,196.71,-,-
2018-09-07,215.215,-,-
2018-09-06,229.290000005,-,-
2018-09-05,228.45459,-,-
2018-09-04,285.3,-,-
2018-09-03,289.02465,-,-
2018-09-02,295.025,-,-
2018-09-01,295.306916195,-,-
2018-08-31,281.556375,-,-
2018-08-30,283.89,-,-
2018-08-29,288.4,-,-
2018-08-28,295.44325000000003,-,-
2018-08-27,287.71,-,-
2018-08-26,274.29,-,-
2018-08-25,277.645,-,-
2018-08-24,281.19,-,-
2018-08-23,275.841234095,-,-
2018-08-22,270.16999999999996,-,-
2018-08-21,280.94,-,-
2018-08-20,270.735,-,-
2018-08-19,299.44500000000005,-,-
2018-08-18,294.11,-,-
2018-08-17,317.31775,-,-
2018-08-16,286.76412500000004,-,-
2018-08-15,281.145,-,-
2018-08-14,278.0149995,-,-
2018-08-13,283.845,-,-
2018-08-12,318.1,-,-
2018-08-11,317.773363685,-,-
2018-08-10,331.64,-,-
2018-08-09,363.28499999999997,-,-
2018-08-08,355.29735,-,-
2018-08-07,378.1471,-,-
2018-08-06,404.92386999999997,-,-
2018-08-05,408.79,-,-
2018-08-04,406.54,-,-
2018-08-03,417.52,-,-
2018-08-02,410.664705435,-,-
2018-08-01,419.92499999999995,-,-
2018-07-31,432.165,-,-
2018-07-30,456.375,-,-
2018-07-29,466.4,-,-
2018-07-28,468.530857,-,-
2018-07-27,469.3483,-,-
2018-07-26,462.22630000000004,-,-
2018-07-25,471.8565,-,-
2018-07-24,479.30499999999995,-,-
2018-07-23,449.8723845,-,-
2018-07-22,457.405,-,-
2018-07-21,460.81,-,-
2018-07-20,448.863717155,-,-
2018-07-19,468.57,-,-
2018-07-18,479.29785000000004,-,-
2018-07-17,498.76,-,-
2018-07-16,478.49,-,-
2018-07-15,449.475,-,-
2018-07-14,433.38,-,-
2018-07-13,432.3700715,-,-
2018-07-12,430.94,-,-
2018-07-11,444.6689,-,-
2018-07-10,432.53499999999997,-,-
2018-07-09,471.57500000000005,-,-
2018-07-08,486.132473,-,-
2018-07-07,485.57,-,-
2018-07-06,-,469.43175373500003,-
2018-07-05,-,467.435,-
2018-07-04,-,467.225,-
2018-07-03,-,461.78499999999997,-
2018-07-02,-,476.25,-
2018-07-01,-,451.945,-
2018-06-30,-,453.845,-
2018-06-29,-,434.61475,-
2018-06-28,-,420.455,-
2018-06-27,-,441.64,-
2018-06-26,-,429.57000000000005,-
2018-06-25,-,458.7,-
2018-06-24,-,454.57500000000005,-
2018-06-23,-,473.66585,-
2018-06-22,-,462.09,-
2018-06-21,-,525.7279155,-
2018-06-20,-,536.28,-
2018-06-19,-,537.97,-
2018-06-18,-,517.7950000000001,-
2018-06-17,-,497.03999999999996,-
2018-06-16,-,497.01,-
2018-06-15,-,487.335,-
2018-06-14,-,519.47,-
2018-06-13,-,476,-
2018-06-12,-,494.14,-
2018-06-11,-,531.1430462,-
2018-06-10,-,524.11,-
2018-06-09,-,592.87,-
2018-06-08,-,598.9,-
2018-06-07,-,604.83,-
2018-06-06,-,606.18,-
2018-06-05,-,608.71,-
2018-06-04,-,591.02,-
2018-06-03,-,618.96396,-
2018-06-02,-,590.55510429,-
2018-06-01,-,578.75,-
2018-05-31,-,577.42,-
2018-05-30,-,557.06,-
2018-05-29,-,566.585,-
2018-05-28,-,511.55535,-
2018-05-27,-,569.9449999999999,-
2018-05-26,-,585.43178575,-
2018-05-25,-,584.7950000000001,-
2018-05-24,-,602.0350000000001,-
2018-05-23,-,576.865,-
2018-05-22,-,640.99,-
2018-05-21,-,696.565,-
2018-05-20,-,715.575,-
2018-05-19,-,696.3,-
2018-05-18,-,692.6,-
2018-05-17,-,667.9801,-
2018-05-16,-,706.29,-
2018-05-15,-,705.0349634449999,-
2018-05-14,-,727.485,-
2018-05-13,-,729.185,-
2018-05-12,-,683.4100000000001,-
2018-05-11,-,676.96,-
2018-05-10,-,723.314575,-
2018-05-09,-,750.46,-
2018-05-08,-,747.957414845,-
2018-05-07,-,752.4549999999999,-
2018-05-06,-,793.48801,-
2018-05-05,-,818.6979650000001,-
2018-05-04,-,784.84925,-
2018-05-03,-,779,-
2018-05-02,-,687.645,-
2018-05-01,-,671.1357499999999,-
2018-04-30,-,670.165,-
2018-04-29,-,689.81,-
2018-04-28,-,683.065,-
2018-04-27,-,642.825,-
2018-04-26,-,661.51,-
2018-04-25,-,617.255,-
2018-04-24,-,702.97375002,-
2018-04-23,-,644.22425,-
2018-04-22,-,620.91995,-
2018-04-21,-,604.86,-
2018-04-20,-,617.09,-
2018-04-19,-,567.105,-
2018-04-18,-,525.405,-
2018-04-17,-,502.62,-
2018-04-16,-,511.46,-
2018-04-15,-,533.7850000000001,-
2018-04-14,-,502.68,-
2018-04-13,-,495.11,-
2018-04-12,-,494.355,-
2018-04-11,-,429.99,-
2018-04-10,-,415.324995,-
2018-04-09,-,398.81,-
2018-04-08,-,400.154,-
2018-04-07,-,384.6013,-
2018-04-06,-,369.724935,-
2018-04-05,-,381.05,-
2018-04-04,-,378.16,-
2018-04-03,-,415.32,-
2018-04-02,-,384.94,-
2018-04-01,-,378.55,-
2018-03-31,-,393.84,-
2018-03-30,-,392.999894,-
2018-03-29,-,383.29,-
2018-03-28,445.87,-,-
2018-03-27,448.5,-,-
2018-03-26,485.51,-,-
2018-03-25,522.580393,-,-
2018-03-24,519.99,-,-
2018-03-23,543.03,-,-
2018-03-22,539.89,-,-
2018-03-21,559.79,-,-
2018-03-20,557,-,-
2018-03-19,555.119,-,-
2018-03-18,537,-,-
2018-03-17,549.04471,-,-
2018-03-16,600,-,-
2018-03-15,609.84559961,-,-
2018-03-14,610.89,-,-
2018-03-13,689.94,-,-
2018-03-12,696.51,-,-
2018-03-11,720.2,-,-
2018-03-10,680.7,-,-
2018-03-09,724.544307,-,-
2018-03-08,697.3,-,-
2018-03-07,749.9,-,-
2018-03-06,813.11,-,-
2018-03-05,849.84,-,-
2018-03-04,865.13,-,-
2018-03-03,854.6,-,-
2018-03-02,855.3,-,-
2018-03-01,869.75,-,-
2018-02-28,851.1,-,-
2018-02-27,870.91,-,-
2018-02-26,866.45,-,-
2018-02-25,840,-,-
2018-02-24,-,-,832.98
2018-02-23,-,-,852.68
2018-02-22,-,-,802.85
2018-02-21,-,-,837.74060328
2018-02-20,-,-,882.99
2018-02-19,-,-,939.19
2018-02-18,-,-,912.12
2018-02-17,-,-,972
2018-02-16,-,-,938.11501398
2018-02-15,-,-,925.5637
2018-02-14,-,-,920
2018-02-13,-,-,840.58
2018-02-12,-,-,865.57
2018-02-11,-,-,809.09
2018-02-10,-,-,850.47
2018-02-09,-,-,878.01
2018-02-08,-,-,812.64
2018-02-07,-,-,750.91
2018-02-06,783.20000001,-,-
2018-02-05,697.92,-,-
2018-02-04,825.000132,-,-
2018-02-03,969.93,-,-
2018-02-02,922.3,-,-
2018-02-01,1035,-,-
2018-01-31,1120,-,-
2018-01-30,1076.9,-,-
2018-01-29,1174.3,-,-
2018-01-28,1245.5,-,-
2018-01-27,-,-,1113.9
2018-01-26,-,-,1050
2018-01-25,-,-,1050
2018-01-24,-,-,1061.6
2018-01-23,-,-,982.78
2018-01-22,-,-,997.21
2018-01-21,-,-,1047.7
2018-01-20,-,-,1150
2018-01-19,-,-,1032.6
2018-01-18,-,-,997.5206
2018-01-17,-,-,1004.5333
2018-01-16,-,-,1021.94962028
2018-01-15,1272.88,-,-
2018-01-14,1349.7,-,-
2018-01-13,1384.78,-,-
2018-01-12,1253.87,-,-
2018-01-11,1138.93,-,-
2018-01-10,1246.8,-,-
2018-01-09,-,-,1287.47
2018-01-08,-,-,1133.18
2018-01-07,-,-,1115.8
2018-01-06,-,-,1004.2
2018-01-05,-,-,963.030989
2018-01-04,-,-,940
2018-01-03,-,-,938.31
2018-01-02,-,-,857.55
2018-01-01,-,-,752.78
2017-12-31,-,-,736.11
2017-12-30,-,-,683.0001
2017-12-29,-,-,733.99
2017-12-28,-,-,711.42
2017-12-27,-,-,739.67
2017-12-26,-,-,750
2017-12-25,-,-,714.95
2017-12-24,-,-,658.83315
2017-12-23,-,-,672.59
2017-12-22,-,-,635.97
2017-12-21,-,-,782.41
2017-12-20,-,-,795.99999996
2017-12-19,-,-,799.24556412
2017-12-18,-,-,784
2017-12-17,-,-,707.64
2017-12-16,-,-,683.62
2017-12-15,-,-,677.999995
2017-12-14,-,-,685
2017-12-13,-,-,683.99
2017-12-12,-,-,620
2017-12-11,-,-,508.7
2017-12-10,-,-,428.76
2017-12-09,-,-,460.99
2017-12-08,-,-,442.19
2017-12-07,-,-,411.03
2017-12-06,414.99999999,-,-
2017-12-05,454.77308287,-,-
2017-12-04,466.67,-,-
2017-12-03,461.114999805,-,-
2017-12-02,457.26499999,-,-
2017-12-01,458.905,-,-
2017-11-30,433,-,-
2017-11-29,421.7,-,-
2017-11-28,466.17,-,-
2017-11-27,473.44,-,-
2017-11-26,466,-,-
2017-11-25,461.82,-,-
2017-11-24,469.89,-,-
2017-11-23,406.61,-,-
2017-11-22,380.65,-,-
2017-11-21,361,-,-
2017-11-20,367.42,-,-
2017-11-19,354.48,-,-
2017-11-18,346.66,-,-
2017-11-17,331.23,-,-
2017-11-16,330.21,-,-
2017-11-15,331.33,-,-
2017-11-14,335.39,-,-
2017-11-13,314.5,-,-
2017-11-12,305.24,-,-
2017-11-11,313.8,-,-
2017-11-10,298,-,-
2017-11-09,319.76,-,-
2017-11-08,307.355,-,-
2017-11-07,291.92499999999995,-,-
2017-11-06,297.755,-,-
2017-11-05,295.772795805,-,-
2017-11-04,299.44500000000005,-,-
2017-11-03,304.125,-,-
2017-11-02,284.32,-,-
2017-11-01,289.655,-,-
2017-10-31,304.065,-,-
2017-10-30,306.935,-,-
2017-10-29,304.695,-,-
2017-10-28,293.58500000000004,-,-
2017-10-27,296.495,-,-
2017-10-26,-,-,295.51749996499996
2017-10-25,-,-,296.225
2017-10-24,-,-,297.185
2017-10-23,-,-,285.01
2017-10-22,-,-,293.79
2017-10-21,-,-,299.91999999999996
2017-10-20,-,-,304.14
2017-10-19,-,-,308.01
2017-10-18,-,-,313.52
2017-10-17,-,-,315.92999999999995
2017-10-16,-,-,334.40999999999997
2017-10-15,-,-,337.06
2017-10-14,-,-,339.02054664499997
2017-10-13,-,-,337.71
2017-10-12,-,-,302.90999999999997
2017-10-11,-,-,303.264062255
2017-10-10,-,-,298.64
2017-10-09,-,-,297.095
2017-10-08,-,-,310.15999999999997
2017-10-07,-,-,311.065
2017-10-06,-,-,308.6
2017-10-05,-,-,294.85
2017-10-04,-,-,291.995
2017-10-03,-,-,292.18
2017-10-02,-,-,296.69000000000005
2017-10-01,-,-,303.95
2017-09-30,-,-,303.66605000000004
2017-09-29,-,-,292.449995
2017-09-28,-,-,302.475
2017-09-27,-,-,309.82500000000005
2017-09-26,-,-,288.38
2017-09-25,-,-,294.46000000000004
2017-09-24,-,-,282.81899999999996
2017-09-23,-,-,285.93
2017-09-22,-,-,263.19
2017-09-21,-,-,257.13
2017-09-20,-,-,282.49
2017-09-19,-,-,282.8
2017-09-18,-,-,296.96500000000003
2017-09-17,-,-,257.55
2017-09-16,-,-,253.5
2017-09-15,-,-,258.24
2017-09-14,-,-,222.01999999999998
2017-09-13,-,-,275.959995
2017-09-12,-,-,293.96
2017-09-11,-,-,297.3
2017-09-10,-,-,297.4
2017-09-09,-,-,302.955
2017-09-08,-,-,303.504
2017-09-07,-,-,334.745
2017-09-06,-,-,338.24
2017-09-05,-,-,316.9
2017-09-04,-,-,296.230999925
2017-09-03,-,-,351.78999999999996
2017-09-02,-,-,350.69449996000003
2017-09-01,390.178,-,-
2017-08-31,387.6515,-,-
2017-08-30,384.05,-,-
2017-08-29,372.74,-,-
2017-08-28,347.52,-,-
2017-08-27,348.07,-,-
2017-08-26,332.09499500000004,-,-
2017-08-25,329.82,-,-
2017-08-24,324.675,-,-
2017-08-23,316.90749500000004,-,-
2017-08-22,313.515,-,-
2017-08-21,322.4855,-,-
2017-08-20,299.1,-,-
2017-08-19,-,-,292.86
2017-08-18,292.935,-,-
2017-08-17,300.87,-,-
2017-08-16,301.41999999999996,-,-
2017-08-15,286.68007,-,-
2017-08-14,299.57999999000003,-,-
2017-08-13,296.65,-,-
2017-08-12,308.925045,-,-
2017-08-11,309.825,-,-
2017-08-10,299.125,-,-
2017-08-09,295.49,-,-
2017-08-08,296.265,-,-
2017-08-07,269.85,-,-
2017-08-06,264.645,-,-
2017-08-05,253.785,-,-
2017-08-04,220.725,-,-
2017-08-03,224.405,-,-
2017-08-02,217.99,-,-
2017-08-01,225.98513273999998,-,-
2017-07-31,201.29885000000002,-,-
2017-07-30,196.295,-,-
2017-07-29,206.952285,-,-
2017-07-28,191.22,-,-
2017-07-27,203.01897,-,-
2017-07-26,203.005,-,-
2017-07-25,203.39,-,-
2017-07-24,226.275,-,-
2017-07-23,228.788738395,-,-
2017-07-22,232.005,-,-
2017-07-21,216.70499999999998,-,-
2017-07-20,227.39001,-,-
2017-07-19,194.685,-,-
2017-07-18,226.897,-,-
2017-07-17,190.515,-,-
2017-07-16,155.89,-,-
2017-07-15,169.4105,-,-
2017-07-14,197.13,-,-
2017-07-13,205.425,-,-
2017-07-12,224.26999999999998,-,-
2017-07-11,190.34,-,-
2017-07-10,203.10500000000002,-,-
2017-07-09,237.05999500000001,-,-
2017-07-08,245.33499999999998,-,-
2017-07-07,240.45,-,-
2017-07-06,266.09000000000003,-,-
2017-07-05,266.28499999999997,-,-
2017-07-04,269.10022304,-,-
2017-07-03,276.235,-,-
2017-07-02,283.995,-,-
2017-07-01,-,-,258.995
2017-06-30,-,-,280.02
2017-06-29,-,-,292.97473
2017-06-28,-,-,315.76
2017-06-27,-,-,284.935
2017-06-26,-,-,252.995
2017-06-25,-,-,278.61
2017-06-24,-,-,303.324995
2017-06-23,-,-,326.12321
2017-06-22,-,-,320.48
2017-06-21,-,-,324.73998
2017-06-20,-,-,350.47
2017-06-19,-,-,357.594945
2017-06-18,-,-,350.46799999999996
2017-06-17,-,-,368.78135
2017-06-16,-,-,351.30389
2017-06-15,-,-,342.765
2017-06-14,-,-,341.7
2017-06-13,-,-,388
2017-06-12,-,-,394.9
2017-06-11,-,-,339
2017-06-10,-,-,331.22
2017-06-09,-,-,279.38
2017-06-08,-,-,260.24633
2017-06-07,-,-,256.02
2017-06-06,-,-,263.91
2017-06-05,-,-,247.8
2017-06-04,-,-,245.4255
2017-06-03,-,-,224.366575
2017-06-02,-,-,221.78879999999998
2017-06-01,-,-,219.53551
2017-05-31,-,-,228.5
2017-05-30,-,-,228.69
2017-05-29,-,-,193.30207
2017-05-28,-,-,168.28644
2017-05-27,-,-,151.61111
2017-05-26,-,-,158.49995
2017-05-25,-,-,168.71
2017-05-24,-,-,185.2399
2017-05-23,-,-,168.24
2017-05-22,-,-,155.6
2017-05-21,-,-,146.14
2017-05-20,-,-,123.2
2017-05-19,-,-,124.4
2017-05-18,-,-,96.23900014
2017-05-17,-,-,87.70024
2017-05-16,-,-,88.031
2017-05-15,-,-,91
2017-05-14,-,-,89.39
2017-05-13,-,-,88.42
2017-05-12,-,-,85.38
2017-05-11,-,-,88.3
2017-05-10,-,-,88.36
2017-05-09,-,-,87.59
2017-05-08,-,-,89.25
2017-05-07,-,-,93.411
2017-05-06,-,-,95.84
2017-05-05,-,-,91.64
2017-05-04,-,-,95.97
2017-05-03,-,-,81.29
2017-05-02,-,-,77.7
2017-05-01,-,-,79
2017-04-30,-,-,80.87
2017-04-29,-,-,70.4
2017-04-28,-,-,73.14
2017-04-27,-,-,63.67
2017-04-26,-,-,53.53
2017-04-25,-,-,50.42
2017-04-24,-,-,50.5
2017-04-23,-,-,48.96
2017-04-22,-,-,48.63
2017-04-21,-,-,48.47
2017-04-20,-,-,49.495000000000005
2017-04-19,-,-,47.980000000000004
2017-04-18,-,-,49.944199999999995
2017-04-17,-,-,48.084999999999994
2017-04-16,-,-,48.423055
2017-04-15,-,-,49.13445
2017-04-14,-,-,47.415009999999995
2017-04-13,-,-,50.16115
2017-04-12,-,-,46.52095
2017-04-11,-,-,43.910945
2017-04-10,-,-,43.92
2017-04-09,-,-,43.927605
2017-04-08,-,-,44.4785
2017-04-07,-,-,42.285
2017-04-06,-,-,43.35495
2017-04-05,45.316500000000005,-,-
2017-04-04,44.53,-,-
2017-04-03,44.182705,-,-
2017-04-02,48.605000000000004,-,-
2017-04-01,-,50.6749,-
2017-03-31,-,49.71075,-
2017-03-30,-,51.889995,-
2017-03-29,-,53.05749,-
2017-03-28,-,50.25344,-
2017-03-27,-,48.8685,-
2017-03-26,-,50.425,-
2017-03-25,-,50.41,-
2017-03-24,-,52.870000000000005,-
2017-03-23,-,43.063,-
2017-03-22,-,41.36,-
2017-03-21,-,42.46654,-
2017-03-20,-,42.032,-
2017-03-19,-,42.764205000000004,-
2017-03-18,-,33.82,-
2017-03-17,-,44.565,-
2017-03-16,-,45.335499999999996,-
2017-03-15,-,34.897999999999996,-
2017-03-14,-,28.675,-
2017-03-13,-,28.5185,-
2017-03-12,-,23.345064999999998,-
2017-03-11,-,21.4,-
2017-03-10,-,19.1875,-
2017-03-09,-,17.786,-
2017-03-08,-,16.5155,-
2017-03-07,-,18.9145,-
2017-03-06,-,19.595,-
2017-03-05,-,19.276,-
2017-03-04,-,18.617835,-
2017-03-03,-,19.5465,-
2017-03-02,-,19.1155,-
2017-03-01,-,17.4025,-
2017-02-28,-,15.956,-
2017-02-27,-,15.5,-
2017-02-26,-,14.654,-
2017-02-25,-,13.61085,-
2017-02-24,-,13.1565,-
2017-02-23,-,13.175,-
2017-02-22,-,12.692744999999999,-
2017-02-21,-,12.8235,-
2017-02-20,-,12.504999999999999,-
2017-02-19,-,12.805495,-
2017-02-18,-,12.8,-
2017-02-17,-,12.745000000000001,-
2017-02-16,-,12.910499999999999,-
2017-02-15,-,12.98924,-
2017-02-14,-,13.16,-
2017-02-13,11.316704999999999,-,-
2017-02-12,11.387450000000001,-,-
2017-02-11,11.404995,-,-
2017-02-10,11.329744999999999,-,-
2017-02-09,10.979745,-,-
2017-02-08,-,-,11.40131
2017-02-07,-,-,11.474
2017-02-06,-,-,11.31
2017-02-05,-,-,11.241995
2017-02-04,-,-,11.364895
2017-02-03,10.985365,-,-
2017-02-02,10.785250000000001,-,-
2017-02-01,10.6965,-,-
2017-01-31,10.684555,-,-
2017-01-30,10.55,-,-
2017-01-29,10.472999999999999,-,-
2017-01-28,10.554,-,-
2017-01-27,10.568180000000002,-,-
2017-01-26,10.59,-,-
2017-01-25,10.529145,-,-
2017-01-24,10.56,-,-
2017-01-23,-,-,10.804255000000001
2017-01-22,-,-,10.765
2017-01-21,-,-,10.926020000000001
2017-01-20,-,-,10.630005
2017-01-19,-,-,10.434940000000001
2017-01-18,-,-,10.29
2017-01-17,-,-,10.262039999999999
2017-01-16,-,-,9.60405
2017-01-15,-,-,9.800395
2017-01-14,-,-,9.7645
2017-01-13,-,-,9.8189
2017-01-12,-,-,9.745000000000001
2017-01-11,-,-,9.874894999999999
2017-01-10,-,-,10.576
2017-01-09,-,-,10.385000000000002
2017-01-08,-,-,10.355
2017-01-07,-,-,9.8955
2017-01-06,-,10.149575,-
2017-01-05,-,-,10.306295
2017-01-04,-,-,11.122499999999999
2017-01-03,-,9.625499999999999,-
2017-01-02,8.412849999999999,-,-
2017-01-01,8.19775,-,-