Datetime,Open Interest
2025-05-06T00:00:00Z,11527562924.380175
2025-05-05T00:00:00Z,11615792723.817152
2025-05-04T00:00:00Z,11458313427.161064
2025-05-03T00:00:00Z,11536680480.247406
2025-05-02T00:00:00Z,11749666026.082571
2025-05-01T00:00:00Z,12188623413.04102
2025-04-30T00:00:00Z,11393821208.418734
2025-04-29T00:00:00Z,11346758899.837698
2025-04-28T00:00:00Z,11372220414.334013
2025-04-27T00:00:00Z,11461840272.762539
2025-04-26T00:00:00Z,11903002522.592033
2025-04-25T00:00:00Z,11695951426.685421
2025-04-24T00:00:00Z,11772668348.909744
2025-04-23T00:00:00Z,12046361657.539167
2025-04-22T00:00:00Z,11798391442.625763
2025-04-21T00:00:00Z,10649019953.196484
2025-04-20T00:00:00Z,10216861202.192461
2025-04-19T00:00:00Z,10284205439.81248
2025-04-18T00:00:00Z,10011837575.431276
2025-04-17T00:00:00Z,9788189709.767754
2025-04-16T00:00:00Z,9758696683.271591
2025-04-15T00:00:00Z,9987588077.989231
2025-04-14T00:00:00Z,10176145948.383806
2025-04-13T00:00:00Z,9869731364.09375
2025-04-12T00:00:00Z,10632135104.198322
2025-04-11T00:00:00Z,9840480548.2494
2025-04-10T00:00:00Z,9449165614.69828
2025-04-09T00:00:00Z,10471885228.047867
2025-04-08T00:00:00Z,9590301763.112743
2025-04-07T00:00:00Z,9704120359.476307
2025-04-06T00:00:00Z,10632992175.091337
2025-04-05T00:00:00Z,11490581382.483065
2025-04-04T00:00:00Z,11447870008.878084
2025-04-03T00:00:00Z,11842510292.826674
2025-04-02T00:00:00Z,11357777488.726637
2025-04-01T00:00:00Z,12027387806.640675
2025-03-31T00:00:00Z,11802824196.237926
2025-03-30T00:00:00Z,12046564415.519243
2025-03-29T00:00:00Z,12374169950.86254
2025-03-28T00:00:00Z,12796130724.780472
2025-03-27T00:00:00Z,13005453654.5767
2025-03-26T00:00:00Z,13377271988.979765
2025-03-25T00:00:00Z,12889877148.349916
2025-03-24T00:00:00Z,13289629233.726864
2025-03-23T00:00:00Z,12280930824.306206
2025-03-22T00:00:00Z,12023794208.575546
2025-03-21T00:00:00Z,12088860879.544113
2025-03-20T00:00:00Z,11988944611.336151
2025-03-19T00:00:00Z,12845050091.106518
2025-03-18T00:00:00Z,11487116149.989037
2025-03-17T00:00:00Z,11626924777.693233
2025-03-16T00:00:00Z,11074686090.534431
2025-03-15T00:00:00Z,11742950710.424234
2025-03-14T00:00:00Z,11531194089.783916
2025-03-13T00:00:00Z,11118609713.586952
2025-03-12T00:00:00Z,11216289630.038258
2025-03-11T00:00:00Z,11259684607.625248
2025-03-10T00:00:00Z,11041425287.757921
2025-03-09T00:00:00Z,11955822424.70643
2025-03-08T00:00:00Z,12679357689.305649
2025-03-07T00:00:00Z,12018420123.580315
2025-03-06T00:00:00Z,12424091115.208782
2025-03-05T00:00:00Z,12506551384.743908
2025-03-04T00:00:00Z,11852425177.158575
2025-03-03T00:00:00Z,12045173583.679012
2025-03-02T00:00:00Z,13838122970.42364
2025-03-01T00:00:00Z,12456735991.528189
2025-02-28T00:00:00Z,12239395129.92956
2025-02-27T00:00:00Z,13269372664.197357
2025-02-26T00:00:00Z,13076833675.956913
2025-02-25T00:00:00Z,13680089727.29334
2025-02-24T00:00:00Z,14041364510.3938
2025-02-23T00:00:00Z,16091883861.882626
2025-02-22T00:00:00Z,15395358024.663465
2025-02-21T00:00:00Z,14664476099.008558
2025-02-20T00:00:00Z,15298262714.559017
2025-02-19T00:00:00Z,14858753077.040937
2025-02-18T00:00:00Z,15052405466.557491
2025-02-17T00:00:00Z,15009725066.217695
2025-02-16T00:00:00Z,14297718664.24624
2025-02-15T00:00:00Z,14240201902.574135
2025-02-14T00:00:00Z,14421681558.852448
2025-02-13T00:00:00Z,14056202556.766188
2025-02-12T00:00:00Z,14437466567.564352
2025-02-11T00:00:00Z,13639567951.156832
2025-02-10T00:00:00Z,13874387091.491074
2025-02-09T00:00:00Z,13386769276.99357
2025-02-08T00:00:00Z,13766254634.716314
2025-02-07T00:00:00Z,13622261762.007835
2025-02-06T00:00:00Z,14136920749.459826
2025-02-05T00:00:00Z,14514375496.478842
2025-02-04T00:00:00Z,14635613482.273008
2025-02-03T00:00:00Z,15726450925.434017
2025-02-02T00:00:00Z,18854524309.015213
2025-02-01T00:00:00Z,20070860942.1172
2025-01-31T00:00:00Z,20894730507.53028
2025-01-30T00:00:00Z,20425179217.174454
2025-01-29T00:00:00Z,19573710189.705563
2025-01-28T00:00:00Z,19378108414.219204
2025-01-27T00:00:00Z,19723610789.34959
2025-01-26T00:00:00Z,19937745052.436153
2025-01-25T00:00:00Z,20362772279.633022
2025-01-24T00:00:00Z,20339984078.046993
2025-01-23T00:00:00Z,20692559661.422962
2025-01-22T00:00:00Z,19717121861.805264
2025-01-21T00:00:00Z,20058869159.06893
2025-01-20T00:00:00Z,19629110971.986813
2025-01-19T00:00:00Z,19655065935.473667
2025-01-18T00:00:00Z,20563354956.96863
2025-01-17T00:00:00Z,20438232091.493946
2025-01-16T00:00:00Z,19310180406.809692
2025-01-15T00:00:00Z,19688707869.713177
2025-01-14T00:00:00Z,18686109011.65477
2025-01-13T00:00:00Z,18637230917.3276
2025-01-12T00:00:00Z,19644580186.235542
2025-01-11T00:00:00Z,19602495746.004803
2025-01-10T00:00:00Z,19065833295.675304
2025-01-09T00:00:00Z,18995317618.930283
2025-01-08T00:00:00Z,19624087300.677555
2025-01-07T00:00:00Z,19846810563.255733
2025-01-06T00:00:00Z,20870010925.630127
2025-01-05T00:00:00Z,20755183059.657616
2025-01-04T00:00:00Z,21086339615.170506
2025-01-03T00:00:00Z,21304749392.189014
2025-01-02T00:00:00Z,19408567208.601414
2025-01-01T00:00:00Z,18950130965.59417
2024-12-31T00:00:00Z,18483375303.835777
2024-12-30T00:00:00Z,18399385873.79102
2024-12-29T00:00:00Z,18227719395.657032
2024-12-28T00:00:00Z,18578831623.85718
2024-12-27T00:00:00Z,18027046957.99274
2024-12-26T00:00:00Z,17821475552.69248
2024-12-25T00:00:00Z,18211803127.12708
2024-12-24T00:00:00Z,18263316945.06629
2024-12-23T00:00:00Z,18006954971.707104
2024-12-22T00:00:00Z,17284388119.316936
2024-12-21T00:00:00Z,17290779501.81907
2024-12-20T00:00:00Z,17760723139.017906
2024-12-19T00:00:00Z,18385253238.574806
2024-12-18T00:00:00Z,19433937845.32891
2024-12-17T00:00:00Z,20387344641.5202
2024-12-16T00:00:00Z,20587226822.330803
2024-12-15T00:00:00Z,19976809583.763138
2024-12-14T00:00:00Z,19382792579.17213
2024-12-13T00:00:00Z,18969527036.559113
2024-12-12T00:00:00Z,18589824673.463562
2024-12-11T00:00:00Z,17608494047.873325
2024-12-10T00:00:00Z,16721238230.293077
2024-12-09T00:00:00Z,17540812158.316734
2024-12-08T00:00:00Z,19281282257.126106
2024-12-07T00:00:00Z,19195484606.321407
2024-12-06T00:00:00Z,19448889259.47805
2024-12-05T00:00:00Z,17681224015.618603
2024-12-04T00:00:00Z,18481756274.427246
2024-12-03T00:00:00Z,16931926505.85581
2024-12-02T00:00:00Z,16860000509.669601
2024-12-01T00:00:00Z,17396887859.408516
2024-11-30T00:00:00Z,17347491771.9366
2024-11-29T00:00:00Z,16443444004.196455
2024-11-28T00:00:00Z,16738123111.994595
2024-11-27T00:00:00Z,17271394180.32801
2024-11-26T00:00:00Z,14497438759.008549
2024-11-25T00:00:00Z,14782300300.238409
2024-11-24T00:00:00Z,14483494249.990456
2024-11-23T00:00:00Z,14560875837.018934
2024-11-22T00:00:00Z,14649353721.805525
2024-11-21T00:00:00Z,14838070936.262299
2024-11-20T00:00:00Z,13097262994.066996
2024-11-19T00:00:00Z,12876676575.966745
2024-11-18T00:00:00Z,13456688896.830221
2024-11-17T00:00:00Z,12501776155.67085
2024-11-16T00:00:00Z,12715740192.406128
2024-11-15T00:00:00Z,12502943697.656963
2024-11-14T00:00:00Z,12199488501.475983
2024-11-13T00:00:00Z,12378180599.820148
2024-11-12T00:00:00Z,12711632862.91142
2024-11-11T00:00:00Z,13334093008.647812
2024-11-10T00:00:00Z,12765861155.729977
2024-11-09T00:00:00Z,13042664934.772085
2024-11-08T00:00:00Z,12524306381.65817
2024-11-07T00:00:00Z,12175218228.888353
2024-11-06T00:00:00Z,11000989616.904125
2024-11-05T00:00:00Z,9581306678.630554
2024-11-04T00:00:00Z,9684815491.775833
2024-11-03T00:00:00Z,9852908269.771912
2024-11-02T00:00:00Z,9940913615.1973
2024-11-01T00:00:00Z,9951482906.379583
2024-10-31T00:00:00Z,10376834750.22589
2024-10-30T00:00:00Z,10429752915.449903
2024-10-29T00:00:00Z,10229086906.881186
2024-10-28T00:00:00Z,10027441807.561409
2024-10-27T00:00:00Z,9572459018.866484
2024-10-26T00:00:00Z,9471504705.93451
2024-10-25T00:00:00Z,9251969338.033405
2024-10-24T00:00:00Z,9585738176.334658
2024-10-23T00:00:00Z,9561318387.713362
2024-10-22T00:00:00Z,9845610570.01769
2024-10-21T00:00:00Z,10069001814.568647
2024-10-20T00:00:00Z,10321626786.753489
2024-10-19T00:00:00Z,9724685586.791067
2024-10-18T00:00:00Z,9671226743.953487
2024-10-17T00:00:00Z,9429881731.555063
2024-10-16T00:00:00Z,9425379746.69889
2024-10-15T00:00:00Z,9279392661.360022
2024-10-14T00:00:00Z,9742614222.886873
2024-10-13T00:00:00Z,8480695880.028516
2024-10-12T00:00:00Z,8605976118.107817
2024-10-11T00:00:00Z,8474894413.641726
2024-10-10T00:00:00Z,8568260796.806607
2024-10-09T00:00:00Z,8497961324.419593
2024-10-08T00:00:00Z,8378302804.385283
2024-10-07T00:00:00Z,8113032016.756504
2024-10-06T00:00:00Z,8433701154.808338
2024-10-05T00:00:00Z,8351930082.519671
2024-10-04T00:00:00Z,8355205995.622332
2024-10-03T00:00:00Z,8237248079.70637
2024-10-02T00:00:00Z,8278991605.311924
2024-10-01T00:00:00Z,8642346832.754719
2024-09-30T00:00:00Z,9267956417.314943
2024-09-29T00:00:00Z,9111820160.93285
2024-09-28T00:00:00Z,9165025308.080956
2024-09-27T00:00:00Z,9219988422.848164
2024-09-26T00:00:00Z,8882854088.61131
2024-09-25T00:00:00Z,8866893640.99708
2024-09-24T00:00:00Z,8900789397.68908
2024-09-23T00:00:00Z,8858412795.941319
2024-09-22T00:00:00Z,8454268586.74365
2024-09-21T00:00:00Z,8854074775.3914
2024-09-20T00:00:00Z,8572862778.12954
2024-09-19T00:00:00Z,8372655217.044706
2024-09-18T00:00:00Z,7775967916.207768
2024-09-17T00:00:00Z,7790549421.046746
2024-09-16T00:00:00Z,7719418214.41353
2024-09-15T00:00:00Z,7574102680.09491
2024-09-14T00:00:00Z,7917052527.981235
2024-09-13T00:00:00Z,7994959536.457594
2024-09-12T00:00:00Z,7670407358.166181
2024-09-11T00:00:00Z,7569296970.220804
2024-09-10T00:00:00Z,7644490973.50324
2024-09-09T00:00:00Z,7655335869.275946
2024-09-08T00:00:00Z,7540678822.488884
2024-09-07T00:00:00Z,7488124393.8311405
2024-09-06T00:00:00Z,7282338955.761004
2024-09-05T00:00:00Z,7568050774.027391
2024-09-04T00:00:00Z,7608387569.812011
2024-09-03T00:00:00Z,7698629461.621419
2024-09-02T00:00:00Z,7923144017.533679
2024-09-01T00:00:00Z,7451306561.333284
2024-08-31T00:00:00Z,7738863065.098686
2024-08-30T00:00:00Z,7725919471.088631
2024-08-29T00:00:00Z,7807853971.69623
2024-08-28T00:00:00Z,7719337610.22747
2024-08-27T00:00:00Z,7709122505.224447
2024-08-26T00:00:00Z,8343810218.196789
2024-08-25T00:00:00Z,8401799375.233814
2024-08-24T00:00:00Z,8422889855.023447
2024-08-23T00:00:00Z,8451052169.062341
2024-08-22T00:00:00Z,7863777697.829579
2024-08-21T00:00:00Z,7826326765.10092
2024-08-20T00:00:00Z,7791726613.80774
2024-08-19T00:00:00Z,7804573977.054368
2024-08-18T00:00:00Z,7776672110.732153
2024-08-17T00:00:00Z,7808986005.88318
2024-08-16T00:00:00Z,7751737405.479181
2024-08-15T00:00:00Z,7673424763.812435
2024-08-14T00:00:00Z,7960333637.893235
2024-08-13T00:00:00Z,8017845368.705431
2024-08-12T00:00:00Z,8176097483.146033
2024-08-11T00:00:00Z,7702193613.004278
2024-08-10T00:00:00Z,7710807378.1585865
2024-08-09T00:00:00Z,7679540290.584052
2024-08-08T00:00:00Z,8086885278.269646
2024-08-07T00:00:00Z,7477500896.296161
2024-08-06T00:00:00Z,7637738657.572156
2024-08-05T00:00:00Z,7113589597.009571
2024-08-04T00:00:00Z,9347784698.068537
2024-08-03T00:00:00Z,10263753132.2356
2024-08-02T00:00:00Z,10873244110.464432
2024-08-01T00:00:00Z,11228686315.721899
2024-07-31T00:00:00Z,11469144986.150003
2024-07-30T00:00:00Z,11493143611.966715
2024-07-29T00:00:00Z,11493008495.590704
2024-07-28T00:00:00Z,10921613317.454165
2024-07-27T00:00:00Z,10695238426.260786
2024-07-26T00:00:00Z,11203515746.665888
2024-07-25T00:00:00Z,10953203516.554008
2024-07-24T00:00:00Z,11741824947.818428
2024-07-23T00:00:00Z,11778160602.72963
2024-07-22T00:00:00Z,11309513998.591696
2024-07-21T00:00:00Z,11402994588.06396
2024-07-20T00:00:00Z,11560096520.03181
2024-07-19T00:00:00Z,11584469290.025356
2024-07-18T00:00:00Z,11253142530.886898
2024-07-17T00:00:00Z,11132964708.215628
2024-07-16T00:00:00Z,11102505867.351208
2024-07-15T00:00:00Z,11410266040.101242
2024-07-14T00:00:00Z,10824743571.147844
2024-07-13T00:00:00Z,10544368247.661098
2024-07-12T00:00:00Z,10341803177.064924
2024-07-11T00:00:00Z,10177435240.992805
2024-07-10T00:00:00Z,10156375223.298948
2024-07-09T00:00:00Z,9952517410.245728
2024-07-08T00:00:00Z,9639687580.72127
2024-07-07T00:00:00Z,9724087234.493725
2024-07-06T00:00:00Z,10255434039.048088
2024-07-05T00:00:00Z,9904271310.351555
2024-07-04T00:00:00Z,10892605897.496424
2024-07-03T00:00:00Z,11790289006.047235
2024-07-02T00:00:00Z,12033939563.839401
2024-07-01T00:00:00Z,11756105486.698256
2024-06-30T00:00:00Z,11728136837.63529
2024-06-29T00:00:00Z,11762372061.159204
2024-06-28T00:00:00Z,11847330526.561491
2024-06-27T00:00:00Z,11728298696.935871
2024-06-26T00:00:00Z,10974693781.118649
2024-06-25T00:00:00Z,11001563921.064468
2024-06-24T00:00:00Z,11045216554.715408
2024-06-23T00:00:00Z,10984649394.414972
2024-06-22T00:00:00Z,11068577598.086172
2024-06-21T00:00:00Z,11238525361.218462
2024-06-20T00:00:00Z,11170199488.14516
2024-06-19T00:00:00Z,11536472290.457596
2024-06-18T00:00:00Z,10965148242.24708
2024-06-17T00:00:00Z,11178771658.1793
2024-06-16T00:00:00Z,12090664619.728115
2024-06-15T00:00:00Z,11941905406.581635
2024-06-14T00:00:00Z,11189141066.785925
2024-06-13T00:00:00Z,10978061319.427605
2024-06-12T00:00:00Z,11299429567.296206
2024-06-11T00:00:00Z,11508503092.192623
2024-06-10T00:00:00Z,12059067806.501272
2024-06-09T00:00:00Z,12245378354.729652
2024-06-08T00:00:00Z,12102443378.381908
2024-06-07T00:00:00Z,12116077388.19644
2024-06-06T00:00:00Z,12666493383.915623
2024-06-05T00:00:00Z,13013849795.551094
2024-06-04T00:00:00Z,12751067609.696295
2024-06-03T00:00:00Z,12628584432.696428
2024-06-02T00:00:00Z,12519337995.945454
2024-06-01T00:00:00Z,12830597940.685581
2024-05-31T00:00:00Z,12406927421.481339
2024-05-30T00:00:00Z,12322428610.624306
2024-05-29T00:00:00Z,12584585997.721924
2024-05-28T00:00:00Z,12803962429.329397
2024-05-27T00:00:00Z,12938073190.659302
2024-05-26T00:00:00Z,12518187041.749687
2024-05-25T00:00:00Z,11789537121.25445
2024-05-24T00:00:00Z,11542644026.21735
2024-05-23T00:00:00Z,11608502042.834023
2024-05-22T00:00:00Z,11535944412.292967
2024-05-21T00:00:00Z,11812709349.679638
2024-05-20T00:00:00Z,11187863438.44011
2024-05-19T00:00:00Z,8659452310.136253
2024-05-18T00:00:00Z,8966600202.526184
2024-05-17T00:00:00Z,8853217372.443508
2024-05-16T00:00:00Z,8108271388.728986
2024-05-15T00:00:00Z,8223681380.671871
2024-05-14T00:00:00Z,7863941961.075922
2024-05-13T00:00:00Z,7814787694.54014
2024-05-12T00:00:00Z,7698510523.205887
2024-05-11T00:00:00Z,7679856276.886407
2024-05-10T00:00:00Z,7786000840.444053
2024-05-09T00:00:00Z,7717282375.916903
2024-05-08T00:00:00Z,7552714654.122572
2024-05-07T00:00:00Z,7472693062.08465
2024-05-06T00:00:00Z,7558124814.062479
2024-05-05T00:00:00Z,7658138196.332069
2024-05-04T00:00:00Z,7577363541.818362
2024-05-03T00:00:00Z,7555210390.646151
2024-05-02T00:00:00Z,7367399648.0583105
2024-05-01T00:00:00Z,7296558879.838458
2024-04-30T00:00:00Z,7767176155.10234
2024-04-29T00:00:00Z,8095242056.931715
2024-04-28T00:00:00Z,8108964526.061177
2024-04-27T00:00:00Z,8031220227.533906
2024-04-26T00:00:00Z,7490525830.470894
2024-04-25T00:00:00Z,7535674544.285094
2024-04-24T00:00:00Z,7536594674.486611
2024-04-23T00:00:00Z,7523633955.655612
2024-04-22T00:00:00Z,7441012514.252601
2024-04-21T00:00:00Z,7310735241.875238
2024-04-20T00:00:00Z,7345775888.5396805
2024-04-19T00:00:00Z,7196983799.77394
2024-04-18T00:00:00Z,7146013869.102377
2024-04-17T00:00:00Z,7170965466.045935
2024-04-16T00:00:00Z,7245541778.177492
2024-04-15T00:00:00Z,7364300466.299323
2024-04-14T00:00:00Z,7479043470.327086
2024-04-13T00:00:00Z,7262518117.185301
2024-04-12T00:00:00Z,8327423636.120352
2024-04-11T00:00:00Z,9152219720.740036
2024-04-10T00:00:00Z,9354870066.509832
2024-04-09T00:00:00Z,9403715238.962534
2024-04-08T00:00:00Z,10033639845.854475
2024-04-07T00:00:00Z,9119345618.335821
2024-04-06T00:00:00Z,8813853122.709946
2024-04-05T00:00:00Z,8847729734.933725
2024-04-04T00:00:00Z,8724273343.41173
2024-04-03T00:00:00Z,8749297013.480043
2024-04-02T00:00:00Z,8759935071.064411
2024-04-01T00:00:00Z,9421950973.438902
2024-03-31T00:00:00Z,9731818144.018217
2024-03-30T00:00:00Z,9240327974.920267
2024-03-29T00:00:00Z,9144309367.79207
2024-03-28T00:00:00Z,9187999120.425951
2024-03-27T00:00:00Z,8984869227.415632
2024-03-26T00:00:00Z,9104407685.969522
2024-03-25T00:00:00Z,9052503118.426119
2024-03-24T00:00:00Z,8561888570.393215
2024-03-23T00:00:00Z,8273194295.942749
2024-03-22T00:00:00Z,8314670803.791567
2024-03-21T00:00:00Z,8535986337.282093
2024-03-20T00:00:00Z,8588191983.926337
2024-03-19T00:00:00Z,8164211469.030313
2024-03-18T00:00:00Z,9024732374.495838
2024-03-17T00:00:00Z,9073183276.84652
2024-03-16T00:00:00Z,8966683969.653448
2024-03-15T00:00:00Z,9025600124.287449
2024-03-14T00:00:00Z,9669247070.082874
2024-03-13T00:00:00Z,9445644778.745344
2024-03-12T00:00:00Z,9229114676.941416
2024-03-11T00:00:00Z,9328120331.1903
2024-03-10T00:00:00Z,8925456037.254225
2024-03-09T00:00:00Z,9014993446.567719
2024-03-08T00:00:00Z,8874014067.189623
2024-03-07T00:00:00Z,8594109228.977022
2024-03-06T00:00:00Z,8460616493.832517
2024-03-05T00:00:00Z,7895900276.153285
2024-03-04T00:00:00Z,8059845462.109188
2024-03-03T00:00:00Z,8098614371.841157
2024-03-02T00:00:00Z,7881786914.874655
2024-03-01T00:00:00Z,7910847791.926931
2024-02-29T00:00:00Z,7897662806.926458
2024-02-28T00:00:00Z,7730523277.346566
2024-02-27T00:00:00Z,7940579404.788086
2024-02-26T00:00:00Z,8244557649.869638
2024-02-25T00:00:00Z,8456779111.049257
2024-02-24T00:00:00Z,7645354357.105347
2024-02-23T00:00:00Z,7227768697.668259
2024-02-22T00:00:00Z,7697069439.319613
2024-02-21T00:00:00Z,7821182475.717273
2024-02-20T00:00:00Z,7864243433.607326
2024-02-19T00:00:00Z,7590721559.4498625
2024-02-18T00:00:00Z,7357548133.287851
2024-02-17T00:00:00Z,7033314219.837492
2024-02-16T00:00:00Z,7058186035.0223875
2024-02-15T00:00:00Z,7255220693.880967
2024-02-14T00:00:00Z,7089660194.685327
2024-02-13T00:00:00Z,6842964058.55409
2024-02-12T00:00:00Z,6789912810.542969
2024-02-11T00:00:00Z,6187423255.211681
2024-02-10T00:00:00Z,6159089909.733319
2024-02-09T00:00:00Z,6121483606.285796
2024-02-08T00:00:00Z,6088054042.249326
2024-02-07T00:00:00Z,6239987207.894876
2024-02-06T00:00:00Z,6291863015.926902
2024-02-05T00:00:00Z,5666466956.312102
2024-02-04T00:00:00Z,5594866835.195861
2024-02-03T00:00:00Z,5707297262.87805
2024-02-02T00:00:00Z,5666288567.94696
2024-02-01T00:00:00Z,5747552046.319641
2024-01-31T00:00:00Z,5611071811.153574
2024-01-30T00:00:00Z,5909533600.404208
2024-01-29T00:00:00Z,5825830956.900265
2024-01-28T00:00:00Z,5580482743.746951
2024-01-27T00:00:00Z,5797515684.59445
2024-01-26T00:00:00Z,5865508856.356299
2024-01-25T00:00:00Z,5659116508.582499
2024-01-24T00:00:00Z,5623863412.348732
2024-01-23T00:00:00Z,5662805388.731163
2024-01-22T00:00:00Z,6128450206.156525
2024-01-21T00:00:00Z,6402654578.870599
2024-01-20T00:00:00Z,6454144177.932408
2024-01-19T00:00:00Z,6469511228.275009
2024-01-18T00:00:00Z,6504934211.693948
2024-01-17T00:00:00Z,6440902833.50176
2024-01-16T00:00:00Z,6710065935.392392
2024-01-15T00:00:00Z,6381918615.469291
2024-01-14T00:00:00Z,6323117719.161476
2024-01-13T00:00:00Z,6477447101.2755995
2024-01-12T00:00:00Z,6362573856.82951
2024-01-11T00:00:00Z,6571412106.242429
2024-01-10T00:00:00Z,6404029902.2571535
2024-01-09T00:00:00Z,5531125152.699889
2024-01-08T00:00:00Z,5390509294.137495
2024-01-07T00:00:00Z,5192311503.896391
2024-01-06T00:00:00Z,5137158534.06769
2024-01-05T00:00:00Z,5217385656.951999
2024-01-04T00:00:00Z,5222507764.828817
2024-01-03T00:00:00Z,5143029396.747763
2024-01-02T00:00:00Z,5889237296.527305
2024-01-01T00:00:00Z,5820719390.940065
2023-12-31T00:00:00Z,5614210231.975149
2023-12-30T00:00:00Z,5679150190.610889
2023-12-29T00:00:00Z,5801055619.938922
2023-12-28T00:00:00Z,6232182288.143698
2023-12-27T00:00:00Z,6630556695.9453125
2023-12-26T00:00:00Z,5806586180.594819
2023-12-25T00:00:00Z,5965525999.360795
2023-12-24T00:00:00Z,5913189209.773235
2023-12-23T00:00:00Z,6130881705.431094
2023-12-22T00:00:00Z,6392656358.84037
2023-12-21T00:00:00Z,5791247865.145953
2023-12-20T00:00:00Z,5624833607.909813
2023-12-19T00:00:00Z,5559500706.162989
2023-12-18T00:00:00Z,5628876333.637292
2023-12-17T00:00:00Z,5540349002.711879
2023-12-16T00:00:00Z,5524429400.387526
2023-12-15T00:00:00Z,5513752193.197713
2023-12-14T00:00:00Z,5772258305.709694
2023-12-13T00:00:00Z,5581149486.606436
2023-12-12T00:00:00Z,5550819428.620476
2023-12-11T00:00:00Z,5638160838.49245
2023-12-10T00:00:00Z,6206862873.877737
2023-12-09T00:00:00Z,6290401120.01451
2023-12-08T00:00:00Z,6259040025.806079
2023-12-07T00:00:00Z,6342428497.698771
2023-12-06T00:00:00Z,5677809536.486584
2023-12-05T00:00:00Z,5974556598.545311
2023-12-04T00:00:00Z,6099459077.206537
2023-12-03T00:00:00Z,6090827484.9996195
2023-12-02T00:00:00Z,6036602582.148897
2023-12-01T00:00:00Z,5704627707.494848
2023-11-30T00:00:00Z,5471837853.395468
2023-11-29T00:00:00Z,5355321976.953774
2023-11-28T00:00:00Z,5414227753.456097
2023-11-27T00:00:00Z,5414596986.657327
2023-11-26T00:00:00Z,5372147805.269268
2023-11-25T00:00:00Z,5587336842.478162
2023-11-24T00:00:00Z,5627147235.886405
2023-11-23T00:00:00Z,5617606953.308124
2023-11-22T00:00:00Z,5580406213.536268
2023-11-21T00:00:00Z,5063834789.87318
2023-11-20T00:00:00Z,5345664486.234691
2023-11-19T00:00:00Z,5213896622.276089
2023-11-18T00:00:00Z,5156127299.371749
2023-11-17T00:00:00Z,4995996918.309606
2023-11-16T00:00:00Z,5115526978.311608
2023-11-15T00:00:00Z,5386133010.1823845
2023-11-14T00:00:00Z,5072624779.327388
2023-11-13T00:00:00Z,5497863795.727246
2023-11-12T00:00:00Z,5486804645.884221
2023-11-11T00:00:00Z,5476999286.354083
2023-11-10T00:00:00Z,5662285420.926065
2023-11-09T00:00:00Z,5800378137.724618
2023-11-08T00:00:00Z,4925166757.011502
2023-11-07T00:00:00Z,4810335069.170317
2023-11-06T00:00:00Z,5076827514.61291
2023-11-05T00:00:00Z,5064911494.85907
2023-11-04T00:00:00Z,4927468032.52605
2023-11-03T00:00:00Z,4754595393.911287
2023-11-02T00:00:00Z,4585910698.265626
2023-11-01T00:00:00Z,4878707481.32112
2023-10-31T00:00:00Z,4646992623.241363
2023-10-30T00:00:00Z,4625459767.538194
2023-10-29T00:00:00Z,4555919589.038439
2023-10-28T00:00:00Z,4481762284.504203
2023-10-27T00:00:00Z,4481753566.99456
2023-10-26T00:00:00Z,4528853767.375012
2023-10-25T00:00:00Z,4431157775.195919
2023-10-24T00:00:00Z,4292442654.028679
2023-10-23T00:00:00Z,4397731607.471676
2023-10-22T00:00:00Z,4303812837.408213
2023-10-21T00:00:00Z,4229006422.036673
2023-10-20T00:00:00Z,4178868795.75206
2023-10-19T00:00:00Z,4073037173.5550747
2023-10-18T00:00:00Z,4059151326.7421794
2023-10-17T00:00:00Z,4070717851.6465626
2023-10-16T00:00:00Z,4076070247.964648
2023-10-15T00:00:00Z,4169546786.2479486
2023-10-14T00:00:00Z,4160054188.2825785
2023-10-13T00:00:00Z,4170605578.422172
2023-10-12T00:00:00Z,4244660324.9445744
2023-10-11T00:00:00Z,4185870241.9593387
2023-10-10T00:00:00Z,4102038340.534138
2023-10-09T00:00:00Z,4066250365.941124
2023-10-08T00:00:00Z,4076898657.451884
2023-10-07T00:00:00Z,3962483178.184173
2023-10-06T00:00:00Z,4000266464.8440847
2023-10-05T00:00:00Z,4051992351.716868
2023-10-04T00:00:00Z,3971522219.281338
2023-10-03T00:00:00Z,3933892924.7157464
2023-10-02T00:00:00Z,3872154060.2832155
2023-10-01T00:00:00Z,4217907642.647352
2023-09-30T00:00:00Z,4081665503.5144362
2023-09-29T00:00:00Z,4068098833.537145
2023-09-28T00:00:00Z,4035953703.3160453
2023-09-27T00:00:00Z,3779377103.727625
2023-09-26T00:00:00Z,3813872598.853667
2023-09-25T00:00:00Z,3788719409.232784
2023-09-24T00:00:00Z,3795285241.505249
2023-09-23T00:00:00Z,3826192575.692894
2023-09-22T00:00:00Z,3802510419.100345
2023-09-21T00:00:00Z,3845652244.960041
2023-09-20T00:00:00Z,3743892994.0264044
2023-09-19T00:00:00Z,3751616431.7628293
2023-09-18T00:00:00Z,3769081114.4102416
2023-09-17T00:00:00Z,3690381020.9751077
2023-09-16T00:00:00Z,3733836989.7574215
2023-09-15T00:00:00Z,3794199375.9385467
2023-09-14T00:00:00Z,3770180841.842168
2023-09-13T00:00:00Z,3776832431.652256
2023-09-12T00:00:00Z,3699760457.5147634
2023-09-11T00:00:00Z,3715202170.179274
2023-09-10T00:00:00Z,3620107184.9794116
2023-09-09T00:00:00Z,3655872571.2401056
2023-09-08T00:00:00Z,3639583644.8757067
2023-09-07T00:00:00Z,3683891059.5369515
2023-09-06T00:00:00Z,3604217090.6427174
2023-09-05T00:00:00Z,3602780036.5299873
2023-09-04T00:00:00Z,3559787870.8618546
2023-09-03T00:00:00Z,3493803332.226151
2023-09-02T00:00:00Z,3500420771.301873
2023-09-01T00:00:00Z,3508459834.371636
2023-08-31T00:00:00Z,3550943246.678822
2023-08-30T00:00:00Z,3704130033.405166
2023-08-29T00:00:00Z,3831360862.584204
2023-08-28T00:00:00Z,3595886255.6013737
2023-08-27T00:00:00Z,3640296909.442447
2023-08-26T00:00:00Z,3599088618.165415
2023-08-25T00:00:00Z,3611189624.3762517
2023-08-24T00:00:00Z,3599493299.3321805
2023-08-23T00:00:00Z,3720377241.401217
2023-08-22T00:00:00Z,3604882546.016573
2023-08-21T00:00:00Z,3712239545.3622417
2023-08-20T00:00:00Z,3783529494.0455837
2023-08-19T00:00:00Z,3694039755.7745886
2023-08-18T00:00:00Z,3821217790.5620804
2023-08-17T00:00:00Z,4119798507.2599034
2023-08-16T00:00:00Z,5125462739.701215
2023-08-15T00:00:00Z,5010703649.954664
2023-08-14T00:00:00Z,4800681429.002442
2023-08-13T00:00:00Z,4759647357.489319
2023-08-12T00:00:00Z,4767085800.435752
2023-08-11T00:00:00Z,4789795051.911724
2023-08-10T00:00:00Z,4856164787.2346945
2023-08-09T00:00:00Z,4825299083.202182
2023-08-08T00:00:00Z,4861617212.859745
2023-08-07T00:00:00Z,5127652145.99033
2023-08-06T00:00:00Z,4949963068.773491
2023-08-05T00:00:00Z,4907559073.746404
2023-08-04T00:00:00Z,4940367299.992484
2023-08-03T00:00:00Z,4914100524.03767
2023-08-02T00:00:00Z,4898625941.323184
2023-08-01T00:00:00Z,4758973298.435008
2023-07-31T00:00:00Z,4912926512.448149
2023-07-30T00:00:00Z,4758037664.192431
2023-07-29T00:00:00Z,4996467455.467436
2023-07-28T00:00:00Z,4983155931.642392
2023-07-27T00:00:00Z,4826962176.904121
2023-07-26T00:00:00Z,4788017105.453701
2023-07-25T00:00:00Z,4753150291.102608
2023-07-24T00:00:00Z,4853507012.062324
2023-07-23T00:00:00Z,4607532501.132289
2023-07-22T00:00:00Z,4710133844.532525
2023-07-21T00:00:00Z,4683295921.792499
2023-07-20T00:00:00Z,4719361855.351382
2023-07-19T00:00:00Z,4740283443.000795
2023-07-18T00:00:00Z,4747152506.0275345
2023-07-17T00:00:00Z,4679135753.047975
2023-07-16T00:00:00Z,4723292627.00431
2023-07-15T00:00:00Z,4787859484.807931
2023-07-14T00:00:00Z,4356911018.271419
2023-07-13T00:00:00Z,5207197685.851883
2023-07-12T00:00:00Z,4317677959.140039
2023-07-11T00:00:00Z,4627937226.9213705
2023-07-10T00:00:00Z,4598563492.988423
2023-07-09T00:00:00Z,4561454507.23331
2023-07-08T00:00:00Z,4596374005.901095
2023-07-07T00:00:00Z,4561441193.190881
2023-07-06T00:00:00Z,4566054137.037739
2023-07-05T00:00:00Z,4898828855.277145
2023-07-04T00:00:00Z,4892337446.164388
2023-07-03T00:00:00Z,5114558148.195136
2023-07-02T00:00:00Z,4784453505.068149
2023-07-01T00:00:00Z,4921860086.68644
2023-06-30T00:00:00Z,4896815662.314359
2023-06-29T00:00:00Z,4520406487.859796
2023-06-28T00:00:00Z,4649854081.949577
2023-06-27T00:00:00Z,4685251565.649031
2023-06-26T00:00:00Z,4514808057.619532
2023-06-25T00:00:00Z,4622484459.525646
2023-06-24T00:00:00Z,4418483046.345027
2023-06-23T00:00:00Z,4415014779.878244
2023-06-22T00:00:00Z,4470743714.423944
2023-06-21T00:00:00Z,4447815232.074702
2023-06-20T00:00:00Z,4270414692.070496
2023-06-19T00:00:00Z,4158723774.7334385
2023-06-18T00:00:00Z,4167981229.0628586
2023-06-17T00:00:00Z,4212494185.208973
2023-06-16T00:00:00Z,4265114642.219082
2023-06-15T00:00:00Z,4317300097.819359
2023-06-14T00:00:00Z,4380249592.692609
2023-06-13T00:00:00Z,4694265376.059134
2023-06-12T00:00:00Z,4678758613.671102
2023-06-11T00:00:00Z,4517950483.512796
2023-06-10T00:00:00Z,4603895294.417314
2023-06-09T00:00:00Z,4563932258.846351
2023-06-08T00:00:00Z,4541038253.527189
2023-06-07T00:00:00Z,4503865182.272878
2023-06-06T00:00:00Z,4697092400.991492
2023-06-05T00:00:00Z,4783467610.454764
2023-06-04T00:00:00Z,4954019077.52385
2023-06-03T00:00:00Z,4906366475.456867
2023-06-02T00:00:00Z,5010768411.260287
2023-06-01T00:00:00Z,4698097648.833976
2023-05-31T00:00:00Z,4859125096.455347
2023-05-30T00:00:00Z,4985301731.8038645
2023-05-29T00:00:00Z,4845580897.628142
2023-05-28T00:00:00Z,4835396571.4261465
2023-05-27T00:00:00Z,4692773259.00238
2023-05-26T00:00:00Z,4829457321.670323
2023-05-25T00:00:00Z,4687589258.528192
2023-05-24T00:00:00Z,4723568634.095432
2023-05-23T00:00:00Z,5187841010.1680565
2023-05-22T00:00:00Z,4925848322.516429
2023-05-21T00:00:00Z,4771649332.728302
2023-05-20T00:00:00Z,4745074934.677367
2023-05-19T00:00:00Z,4700835935.410923
2023-05-18T00:00:00Z,4712586561.871125
2023-05-17T00:00:00Z,4742381437.662175
2023-05-16T00:00:00Z,4751721292.348956
2023-05-15T00:00:00Z,4698076972.205258
2023-05-14T00:00:00Z,4724437892.853514
2023-05-13T00:00:00Z,4729250525.147251
2023-05-12T00:00:00Z,4684133372.216532
2023-05-11T00:00:00Z,4881441036.88914
2023-05-10T00:00:00Z,4637510527.303101
2023-05-09T00:00:00Z,4708810208.44309
2023-05-08T00:00:00Z,4660499645.682
2023-05-07T00:00:00Z,4650620479.463159
2023-05-06T00:00:00Z,4877530999.449061
2023-05-05T00:00:00Z,5538806090.78579
2023-05-04T00:00:00Z,4763077629.701183
2023-05-03T00:00:00Z,4834297999.499792
2023-05-02T00:00:00Z,4789083407.54595
2023-05-01T00:00:00Z,4678689325.341375
2023-04-30T00:00:00Z,4545401335.084373
2023-04-29T00:00:00Z,4639169575.257711
2023-04-28T00:00:00Z,4585081780.258688
2023-04-27T00:00:00Z,4520769254.500275
2023-04-26T00:00:00Z,4326708679.148651
2023-04-25T00:00:00Z,4757683890.157428
2023-04-24T00:00:00Z,4633073674.371102
2023-04-23T00:00:00Z,4597137982.481843
2023-04-22T00:00:00Z,4880855013.434248
2023-04-21T00:00:00Z,4778933461.340668
2023-04-20T00:00:00Z,5083113068.565872
2023-04-19T00:00:00Z,5079547574.680145
2023-04-18T00:00:00Z,5795155253.522367
2023-04-17T00:00:00Z,5798745798.940542
2023-04-16T00:00:00Z,5939310017.940065
2023-04-15T00:00:00Z,5987365855.073
2023-04-14T00:00:00Z,5859919120.458222
2023-04-13T00:00:00Z,6288647315.709623
2023-04-12T00:00:00Z,5103569568.668826
2023-04-11T00:00:00Z,4583941394.793285
2023-04-10T00:00:00Z,4690571410.264688
2023-04-09T00:00:00Z,4604742795.045065
2023-04-08T00:00:00Z,4760901881.779288
2023-04-07T00:00:00Z,4722456909.029586
2023-04-06T00:00:00Z,4793721981.6363325
2023-04-05T00:00:00Z,5196545399.425913
2023-04-04T00:00:00Z,5158143356.063458
2023-04-03T00:00:00Z,4222585452.5559244
2023-04-02T00:00:00Z,4328612996.228493
2023-04-01T00:00:00Z,4511534628.607886
2023-03-31T00:00:00Z,4619398164.881124
2023-03-30T00:00:00Z,4098554054.747146
2023-03-29T00:00:00Z,4270029649.2027984
2023-03-28T00:00:00Z,4163465074.6099277
2023-03-27T00:00:00Z,4025801335.924851
2023-03-26T00:00:00Z,3991668607.9681387
2023-03-25T00:00:00Z,4000688887.732292
2023-03-24T00:00:00Z,3987237451.0914054
2023-03-23T00:00:00Z,4369637954.068449
2023-03-22T00:00:00Z,4209027639.4715014
2023-03-21T00:00:00Z,4290300125.252108
2023-03-20T00:00:00Z,4019165680.6483235
2023-03-19T00:00:00Z,4217167016.850368
2023-03-18T00:00:00Z,4146935952.3523555
2023-03-17T00:00:00Z,4208959521.8946934
2023-03-16T00:00:00Z,3899931677.6086674
2023-03-15T00:00:00Z,3895642249.770903
2023-03-14T00:00:00Z,3936096099.7376184
2023-03-13T00:00:00Z,3914307490.52732
2023-03-12T00:00:00Z,3673322401.375481
2023-03-11T00:00:00Z,3713858395.5924034
2023-03-10T00:00:00Z,3683891725.8308296
2023-03-09T00:00:00Z,3922093333.6465816
2023-03-08T00:00:00Z,4320011593.384458
2023-03-07T00:00:00Z,4272636821.034257
2023-03-06T00:00:00Z,4316477195.784055
2023-03-05T00:00:00Z,4276903834.6667905
2023-03-04T00:00:00Z,4339145982.472136
2023-03-03T00:00:00Z,4303790939.729302
2023-03-02T00:00:00Z,4791909251.800229
2023-03-01T00:00:00Z,4745833317.026801
2023-02-28T00:00:00Z,4472152942.845308
2023-02-27T00:00:00Z,4405708017.364666
2023-02-26T00:00:00Z,4445971021.125956
2023-02-25T00:00:00Z,4378097215.025314
2023-02-24T00:00:00Z,4412171213.025089
2023-02-23T00:00:00Z,4351733529.343464
2023-02-22T00:00:00Z,4449737739.723868
2023-02-21T00:00:00Z,4503857476.004579
2023-02-20T00:00:00Z,4586555577.017424
2023-02-19T00:00:00Z,4426113268.089802
2023-02-18T00:00:00Z,4468905011.113862
2023-02-17T00:00:00Z,4380697936.343431
2023-02-16T00:00:00Z,4184116240.6071343
2023-02-15T00:00:00Z,4455194140.16273
2023-02-14T00:00:00Z,4384043065.476882
2023-02-13T00:00:00Z,4357880958.760033
2023-02-12T00:00:00Z,4233722974.4783998
2023-02-11T00:00:00Z,4327205112.786637
2023-02-10T00:00:00Z,4302418565.59927
2023-02-09T00:00:00Z,4340227573.949617
2023-02-08T00:00:00Z,4727666745.642619
2023-02-07T00:00:00Z,4867384900.365519
2023-02-06T00:00:00Z,4536016355.05981
2023-02-05T00:00:00Z,4520787528.742823
2023-02-04T00:00:00Z,4818846327.138862
2023-02-03T00:00:00Z,4580737755.895236
2023-02-02T00:00:00Z,4397388435.133162
2023-02-01T00:00:00Z,4463314412.991818
2023-01-31T00:00:00Z,4177129437.6951423
2023-01-30T00:00:00Z,4204221480.616904
2023-01-29T00:00:00Z,4476244491.531218
2023-01-28T00:00:00Z,4177231644.7845793
2023-01-27T00:00:00Z,4161180812.232555
2023-01-26T00:00:00Z,4201711061.092667
2023-01-25T00:00:00Z,4184900041.022627
2023-01-24T00:00:00Z,4179408786.8829136
2023-01-23T00:00:00Z,4503887002.121412
2023-01-22T00:00:00Z,4558316479.690359
2023-01-21T00:00:00Z,4581281134.824642
2023-01-20T00:00:00Z,4687515825.97453
2023-01-19T00:00:00Z,4538317207.788638
2023-01-18T00:00:00Z,4347600081.808381
2023-01-17T00:00:00Z,4497218965.081168
2023-01-16T00:00:00Z,4465827626.796303
2023-01-15T00:00:00Z,4358149361.940367
2023-01-14T00:00:00Z,4268586492.5842547
2023-01-13T00:00:00Z,4584117308.243763
2023-01-12T00:00:00Z,4581643184.564311
2023-01-11T00:00:00Z,4564509568.849907
2023-01-10T00:00:00Z,4651843666.856116
2023-01-09T00:00:00Z,4463977865.381768
2023-01-08T00:00:00Z,4206263276.1016107
2023-01-07T00:00:00Z,4099202292.7117224
2023-01-06T00:00:00Z,4168412559.3042545
2023-01-05T00:00:00Z,3958910732.201554
2023-01-04T00:00:00Z,4024907016.1482024
2023-01-03T00:00:00Z,3831642324.749655
2023-01-02T00:00:00Z,3891208968.328856
2023-01-01T00:00:00Z,3843197124.241176
2022-12-31T00:00:00Z,3749442379.8995247
2022-12-30T00:00:00Z,3788461584.0608053
2022-12-29T00:00:00Z,3797278761.0678015
2022-12-28T00:00:00Z,3787001756.893318
2022-12-27T00:00:00Z,3825054765.9949536
2022-12-26T00:00:00Z,3673456515.7041807
2022-12-25T00:00:00Z,3632310224.556406
2022-12-24T00:00:00Z,3681609765.6946673
2022-12-23T00:00:00Z,3670951782.2809277
2022-12-22T00:00:00Z,3551215166.4323025
2022-12-21T00:00:00Z,3630105377.566449
2022-12-20T00:00:00Z,3610342625.101676
2022-12-19T00:00:00Z,3484419584.7169933
2022-12-18T00:00:00Z,3282053642.4089313
2022-12-17T00:00:00Z,3548274062.8647137
2022-12-16T00:00:00Z,3452606387.550025
2022-12-15T00:00:00Z,3991296231.068611
2022-12-14T00:00:00Z,3941693513.324617
2022-12-13T00:00:00Z,4014659860.9377346
2022-12-12T00:00:00Z,3766258599.1060386
2022-12-11T00:00:00Z,3822801591.4969487
2022-12-10T00:00:00Z,3874289158.365782
2022-12-09T00:00:00Z,3844008173.902648
2022-12-08T00:00:00Z,3896927740.4576735
2022-12-07T00:00:00Z,3834677757.074183
2022-12-06T00:00:00Z,3718790996.301741
2022-12-05T00:00:00Z,3640547964.928574
2022-12-04T00:00:00Z,3737141251.995421
2022-12-03T00:00:00Z,3910135617.4620786
2022-12-02T00:00:00Z,4300924993.822511
2022-12-01T00:00:00Z,4129950061.0852413
2022-11-30T00:00:00Z,4467495899.385274
2022-11-29T00:00:00Z,4313110927.504458
2022-11-28T00:00:00Z,3927010615.420098
2022-11-27T00:00:00Z,4001937366.670423
2022-11-26T00:00:00Z,4075896167.8133087
2022-11-25T00:00:00Z,3998768267.8682203
2022-11-24T00:00:00Z,4025257552.040755
2022-11-23T00:00:00Z,3922596340.192898
2022-11-22T00:00:00Z,3918897434.246733
2022-11-21T00:00:00Z,3744499709.184283
2022-11-20T00:00:00Z,3774178668.44152
2022-11-19T00:00:00Z,3816133697.4701567
2022-11-18T00:00:00Z,3821098498.2731905
2022-11-17T00:00:00Z,3780325767.202082
2022-11-16T00:00:00Z,3789364449.5640397
2022-11-15T00:00:00Z,3619365506.9102163
2022-11-14T00:00:00Z,3563099057.9174347
2022-11-13T00:00:00Z,3624264030.0741625
2022-11-12T00:00:00Z,3717628271.6425056
2022-11-11T00:00:00Z,3806245258.157914
2022-11-10T00:00:00Z,4110768845.8626466
2022-11-09T00:00:00Z,4029719500.647235
2022-11-08T00:00:00Z,4366936806.397611
2022-11-07T00:00:00Z,5581300061.284376
2022-11-06T00:00:00Z,5890843789.2937765
2022-11-05T00:00:00Z,6399171882.19763
2022-11-04T00:00:00Z,6549270114.463426
2022-11-03T00:00:00Z,5718224906.719774
2022-11-02T00:00:00Z,5918086217.194048
2022-11-01T00:00:00Z,6371095065.06178
2022-10-31T00:00:00Z,6478659810.978182
2022-10-30T00:00:00Z,6668244819.050626
2022-10-29T00:00:00Z,6870644935.798958
2022-10-28T00:00:00Z,6736350027.994089
2022-10-27T00:00:00Z,6696900943.256714
2022-10-26T00:00:00Z,7167394661.933356
2022-10-25T00:00:00Z,6876203078.342822
2022-10-24T00:00:00Z,6333223535.839127
2022-10-23T00:00:00Z,6627464640.98466
2022-10-22T00:00:00Z,6282540252.077097
2022-10-21T00:00:00Z,5986454452.090241
2022-10-20T00:00:00Z,6008024455.773253
2022-10-19T00:00:00Z,5995595689.672975
2022-10-18T00:00:00Z,5997852330.7285385
2022-10-17T00:00:00Z,6081428903.744201
2022-10-16T00:00:00Z,5772863060.577419
2022-10-15T00:00:00Z,5685328764.166427
2022-10-14T00:00:00Z,5747034769.995559
2022-10-13T00:00:00Z,5751311122.153433
2022-10-12T00:00:00Z,5911630919.485918
2022-10-11T00:00:00Z,5887256676.050483
2022-10-10T00:00:00Z,5842211651.93279
2022-10-09T00:00:00Z,5593020769.814396
2022-10-08T00:00:00Z,5536397251.443936
2022-10-07T00:00:00Z,5576341463.977531
2022-10-06T00:00:00Z,5755133585.531538
2022-10-05T00:00:00Z,5636896115.451771
2022-10-04T00:00:00Z,5803645324.764872
2022-10-03T00:00:00Z,5498140277.318571
2022-10-02T00:00:00Z,5484467627.6429405
2022-10-01T00:00:00Z,5377926650.731857
2022-09-30T00:00:00Z,5224101878.729781
2022-09-29T00:00:00Z,5222749222.883667
2022-09-28T00:00:00Z,5324067405.824204
2022-09-27T00:00:00Z,5282961052.513206
2022-09-26T00:00:00Z,5362322083.943963
2022-09-25T00:00:00Z,5110197492.322464
2022-09-24T00:00:00Z,5159067312.017592
2022-09-23T00:00:00Z,5120219565.902675
2022-09-22T00:00:00Z,5061267785.572867
2022-09-21T00:00:00Z,4910368395.808067
2022-09-20T00:00:00Z,5026426723.595826
2022-09-19T00:00:00Z,5136914387.463177
2022-09-18T00:00:00Z,5202332692.700144
2022-09-17T00:00:00Z,5513480652.232013
2022-09-16T00:00:00Z,5248934984.357375
2022-09-15T00:00:00Z,5325551270.943497
2022-09-14T00:00:00Z,5823933254.33482
2022-09-13T00:00:00Z,5427711160.765161
2022-09-12T00:00:00Z,5918131015.02645
2022-09-11T00:00:00Z,6150608393.216438
2022-09-10T00:00:00Z,6222070439.916834
2022-09-09T00:00:00Z,5992317738.08088
2022-09-08T00:00:00Z,5755470927.527709
2022-09-07T00:00:00Z,5491691370.32638
2022-09-06T00:00:00Z,5256352311.6979
2022-09-05T00:00:00Z,5659756109.69264
2022-09-04T00:00:00Z,5566457916.907479
2022-09-03T00:00:00Z,5526497676.825513
2022-09-02T00:00:00Z,5401230482.318518
2022-09-01T00:00:00Z,5509362710.896477
2022-08-31T00:00:00Z,5382917456.347888
2022-08-30T00:00:00Z,5402646463.377863
2022-08-29T00:00:00Z,5612743693.480936
2022-08-28T00:00:00Z,5140460532.110353
2022-08-27T00:00:00Z,5240908950.003292
2022-08-26T00:00:00Z,5184233733.533943
2022-08-25T00:00:00Z,6012302062.685128
2022-08-24T00:00:00Z,5636143284.452242
2022-08-23T00:00:00Z,5555679091.560825
2022-08-22T00:00:00Z,5487997297.237268
2022-08-21T00:00:00Z,5127319072.80691
2022-08-20T00:00:00Z,5047258200.801913
2022-08-19T00:00:00Z,5046499889.038353
2022-08-18T00:00:00Z,6161307744.486903
2022-08-17T00:00:00Z,6090867913.874423
2022-08-16T00:00:00Z,6257101317.616322
2022-08-15T00:00:00Z,6421445985.542015
2022-08-14T00:00:00Z,6554491957.851036
2022-08-13T00:00:00Z,7164348764.814431
2022-08-12T00:00:00Z,7014305992.828585
2022-08-11T00:00:00Z,6729936798.706205
2022-08-10T00:00:00Z,6578872412.933401
2022-08-09T00:00:00Z,5745642888.728308
2022-08-08T00:00:00Z,6167376820.943037
2022-08-07T00:00:00Z,5645026810.78762
2022-08-06T00:00:00Z,5743062205.318389
2022-08-05T00:00:00Z,5753344002.620279
2022-08-04T00:00:00Z,5091000081.053296
2022-08-03T00:00:00Z,5108606741.889001
2022-08-02T00:00:00Z,5002090268.092716
2022-08-01T00:00:00Z,5084172971.136545
2022-07-31T00:00:00Z,5344559481.36536
2022-07-30T00:00:00Z,5317369628.26916
2022-07-29T00:00:00Z,5667142379.205574
2022-07-28T00:00:00Z,5747012104.155663
2022-07-27T00:00:00Z,5722484353.373807
2022-07-26T00:00:00Z,4617004692.441855
2022-07-25T00:00:00Z,4384034301.543037
2022-07-24T00:00:00Z,5281077150.240816
2022-07-23T00:00:00Z,4712516079.4523735
2022-07-22T00:00:00Z,4760758162.273809
2022-07-21T00:00:00Z,4947317265.234043
2022-07-20T00:00:00Z,4581160905.018291
2022-07-19T00:00:00Z,4565550333.085124
2022-07-18T00:00:00Z,5038686168.308963
2022-07-17T00:00:00Z,4590217066.47005
2022-07-16T00:00:00Z,4855974206.583149
2022-07-15T00:00:00Z,4515958533.598497
2022-07-14T00:00:00Z,4217278347.031787
2022-07-13T00:00:00Z,3909545209.504471
2022-07-12T00:00:00Z,3614568158.999017
2022-07-11T00:00:00Z,3810255757.44732
2022-07-10T00:00:00Z,3959267754.1763916
2022-07-09T00:00:00Z,4050856781.60196
2022-07-08T00:00:00Z,4039653789.4017467
2022-07-07T00:00:00Z,4316818403.862029
2022-07-06T00:00:00Z,4027186273.3938804
2022-07-05T00:00:00Z,3743351091.644857
2022-07-04T00:00:00Z,3886702849.6530786
2022-07-03T00:00:00Z,3637077776.7063465
2022-07-02T00:00:00Z,3553345119.677658
2022-07-01T00:00:00Z,3482830426.6912
2022-06-30T00:00:00Z,3530736037.133677
2022-06-29T00:00:00Z,3564558618.1443624
2022-06-28T00:00:00Z,3675212528.1750765
2022-06-27T00:00:00Z,3805418335.737985
2022-06-26T00:00:00Z,3817940296.111654
2022-06-25T00:00:00Z,3956203025.596413
2022-06-24T00:00:00Z,3887301167.179499
2022-06-23T00:00:00Z,3633607464.7207165
2022-06-22T00:00:00Z,3360197347.881191
2022-06-21T00:00:00Z,3544035361.045315
2022-06-20T00:00:00Z,3550378403.9418635
2022-06-19T00:00:00Z,3592834241.754263
2022-06-18T00:00:00Z,3469453250.5141783
2022-06-17T00:00:00Z,3495287624.378594
2022-06-16T00:00:00Z,3416400711.0997605
2022-06-15T00:00:00Z,3627961605.050709
2022-06-14T00:00:00Z,3708059406.777019
2022-06-13T00:00:00Z,3935147827.5904274
2022-06-12T00:00:00Z,4564038238.369276
2022-06-11T00:00:00Z,4845542519.292088
2022-06-10T00:00:00Z,5026018158.432569
2022-06-09T00:00:00Z,4636933328.052738
2022-06-08T00:00:00Z,4594140934.651511
2022-06-07T00:00:00Z,4532059969.51766
2022-06-06T00:00:00Z,4777512724.497118
2022-06-05T00:00:00Z,4775677337.303849
2022-06-04T00:00:00Z,4803792955.801691
2022-06-03T00:00:00Z,4879545284.113967
2022-06-02T00:00:00Z,4862919249.872651
2022-06-01T00:00:00Z,4795111677.856445
2022-05-31T00:00:00Z,4978657369.588798
2022-05-30T00:00:00Z,5249277810.495828
2022-05-29T00:00:00Z,4898984857.232975
2022-05-28T00:00:00Z,4876550514.271984
2022-05-27T00:00:00Z,4814022475.744233
2022-05-26T00:00:00Z,4772090304.933186
2022-05-25T00:00:00Z,4976958502.940196
2022-05-24T00:00:00Z,5011000197.255917
2022-05-23T00:00:00Z,4930728861.637201
2022-05-22T00:00:00Z,5034775849.590782
2022-05-21T00:00:00Z,4797917903.675959
2022-05-20T00:00:00Z,4817759460.302079
2022-05-19T00:00:00Z,4909555534.91055
2022-05-18T00:00:00Z,4795154901.823038
2022-05-17T00:00:00Z,4964018345.911012
2022-05-16T00:00:00Z,4840785704.385533
2022-05-15T00:00:00Z,4944215055.519482
2022-05-14T00:00:00Z,4765256391.32262
2022-05-13T00:00:00Z,4586993515.901338
2022-05-12T00:00:00Z,4521233144.3656435
2022-05-11T00:00:00Z,4990120455.4149685
2022-05-10T00:00:00Z,5163556774.074351
2022-05-09T00:00:00Z,5129249221.54768
2022-05-08T00:00:00Z,6069749090.058484
2022-05-07T00:00:00Z,6167123960.180386
2022-05-06T00:00:00Z,6178897910.42589
2022-05-05T00:00:00Z,6289133929.904943
2022-05-04T00:00:00Z,6378534883.688034
2022-05-03T00:00:00Z,6309561009.531471
2022-05-02T00:00:00Z,6249551377.907095
2022-05-01T00:00:00Z,6286205550.84716
2022-04-30T00:00:00Z,6279393822.174418
2022-04-29T00:00:00Z,6429483003.830067
2022-04-28T00:00:00Z,6362072008.701522
2022-04-27T00:00:00Z,6446201577.807901
2022-04-26T00:00:00Z,6469918932.283933
2022-04-25T00:00:00Z,6726973303.788378
2022-04-24T00:00:00Z,6823221436.339523
2022-04-23T00:00:00Z,6786737527.791708
2022-04-22T00:00:00Z,6778140705.911988
2022-04-21T00:00:00Z,6631355668.779548
2022-04-20T00:00:00Z,6669257722.529807
2022-04-19T00:00:00Z,6770434119.843092
2022-04-18T00:00:00Z,6594807082.159252
2022-04-17T00:00:00Z,6595168793.957005
2022-04-16T00:00:00Z,6756499052.503814
2022-04-15T00:00:00Z,6763785791.123281
2022-04-14T00:00:00Z,6745635655.87718
2022-04-13T00:00:00Z,6732929565.930832
2022-04-12T00:00:00Z,6567319140.309873
2022-04-11T00:00:00Z,6609017014.126589
2022-04-10T00:00:00Z,6951227955.9289465
2022-04-09T00:00:00Z,7107960519.795386
2022-04-08T00:00:00Z,6916370542.623508
2022-04-07T00:00:00Z,6884508696.102261
2022-04-06T00:00:00Z,6872936278.440619
2022-04-05T00:00:00Z,7663889208.9412155
2022-04-04T00:00:00Z,7856197253.639431
2022-04-03T00:00:00Z,7983208401.716389
2022-04-02T00:00:00Z,7608965805.885152
2022-04-01T00:00:00Z,7675688823.066245
2022-03-31T00:00:00Z,7192530945.820059
2022-03-30T00:00:00Z,7404141188.269695
2022-03-29T00:00:00Z,7383540123.845286
2022-03-28T00:00:00Z,7328757504.057813
2022-03-27T00:00:00Z,7619707031.269674
2022-03-26T00:00:00Z,7237075331.119897
2022-03-25T00:00:00Z,7061076707.017606
2022-03-24T00:00:00Z,7179514511.648806
2022-03-23T00:00:00Z,6566778737.694373
2022-03-22T00:00:00Z,6438822916.9802
2022-03-21T00:00:00Z,6268815420.364485
2022-03-20T00:00:00Z,6008356021.359428
2022-03-19T00:00:00Z,6423494213.282312
2022-03-18T00:00:00Z,6520333973.263268
2022-03-17T00:00:00Z,6157618868.6923685
2022-03-16T00:00:00Z,5871103905.569552
2022-03-15T00:00:00Z,5542214661.868674
2022-03-14T00:00:00Z,5295798549.806051
2022-03-13T00:00:00Z,5270467441.282372
2022-03-12T00:00:00Z,5295350207.739589
2022-03-11T00:00:00Z,5180843425.108557
2022-03-10T00:00:00Z,5204292509.776158
2022-03-09T00:00:00Z,5447215954.480581
2022-03-08T00:00:00Z,5282093118.865986
2022-03-07T00:00:00Z,5175009377.700222
2022-03-06T00:00:00Z,5294537768.7128
2022-03-05T00:00:00Z,5434320259.471616
2022-03-04T00:00:00Z,5330425893.772204
2022-03-03T00:00:00Z,5720814164.327835
2022-03-02T00:00:00Z,5834240874.507956
2022-03-01T00:00:00Z,5899465278.923483
2022-02-28T00:00:00Z,5755438587.27493
2022-02-27T00:00:00Z,5148175032.710754
2022-02-26T00:00:00Z,5561506853.24868
2022-02-25T00:00:00Z,5489571282.851589
2022-02-24T00:00:00Z,5133450503.826155
2022-02-23T00:00:00Z,5352060319.851488
2022-02-22T00:00:00Z,5408028043.720562
2022-02-21T00:00:00Z,5346322918.667919
2022-02-20T00:00:00Z,5425571552.620851
2022-02-19T00:00:00Z,5595798850.828686
2022-02-18T00:00:00Z,5696374630.132525
2022-02-17T00:00:00Z,5923052022.030318
2022-02-16T00:00:00Z,6204439071.463477
2022-02-15T00:00:00Z,6521288787.646929
2022-02-14T00:00:00Z,5938762737.308509
2022-02-13T00:00:00Z,5766975958.700049
2022-02-12T00:00:00Z,5829486592.861559
2022-02-11T00:00:00Z,5892744028.149023
2022-02-10T00:00:00Z,6214890927.502527
2022-02-09T00:00:00Z,6812816288.321977
2022-02-08T00:00:00Z,6408120795.242258
2022-02-07T00:00:00Z,6743328127.821501
2022-02-06T00:00:00Z,6664948384.838162
2022-02-05T00:00:00Z,6651897632.503867
2022-02-04T00:00:00Z,6653423439.752367
2022-02-03T00:00:00Z,5725614332.322539
2022-02-02T00:00:00Z,5708609511.181871
2022-02-01T00:00:00Z,6036391645.432382
2022-01-31T00:00:00Z,5788264720.525011
2022-01-30T00:00:00Z,5511622181.360943
2022-01-29T00:00:00Z,5467186478.789746
2022-01-28T00:00:00Z,5442707167.670253
2022-01-27T00:00:00Z,5198760222.160362
2022-01-26T00:00:00Z,5242630349.236389
2022-01-25T00:00:00Z,5313605264.995094
2022-01-24T00:00:00Z,5239855290.064422
2022-01-23T00:00:00Z,5421945420.280065
2022-01-22T00:00:00Z,5052899435.686659
2022-01-21T00:00:00Z,5286273305.637482
2022-01-20T00:00:00Z,6310724973.094446
2022-01-19T00:00:00Z,6395182596.088102
2022-01-18T00:00:00Z,6510901818.101822
2022-01-17T00:00:00Z,6587688187.652217
2022-01-16T00:00:00Z,6769626025.469351
2022-01-15T00:00:00Z,6773806870.971343
2022-01-14T00:00:00Z,6586691970.841036
2022-01-13T00:00:00Z,6467318758.71138
2022-01-12T00:00:00Z,6793914812.052748
2022-01-11T00:00:00Z,6623504804.932075
2022-01-10T00:00:00Z,6385667045.065712
2022-01-09T00:00:00Z,6556391439.66604
2022-01-08T00:00:00Z,6502712547.332062
2022-01-07T00:00:00Z,6700449351.746849
2022-01-06T00:00:00Z,7224051594.453203
2022-01-05T00:00:00Z,7399186821.686463
2022-01-04T00:00:00Z,7934634693.655855
2022-01-03T00:00:00Z,7789270248.292758
2022-01-02T00:00:00Z,7937160978.956228
2022-01-01T00:00:00Z,7844531845.1938
2021-12-31T00:00:00Z,7694445924.237036
2021-12-30T00:00:00Z,7695181051.309452
2021-12-29T00:00:00Z,7705997786.630926
2021-12-28T00:00:00Z,8087645936.269312
2021-12-27T00:00:00Z,8332381514.3685
2021-12-26T00:00:00Z,8336563142.533706
2021-12-25T00:00:00Z,8457297888.68994
2021-12-24T00:00:00Z,8137462233.157822
2021-12-23T00:00:00Z,8136303776.126865
2021-12-22T00:00:00Z,7489379524.085541
2021-12-21T00:00:00Z,7807713502.273582
2021-12-20T00:00:00Z,7353295611.464933
2021-12-19T00:00:00Z,7062685462.88813
2021-12-18T00:00:00Z,7155083140.572834
2021-12-17T00:00:00Z,6887084130.017409
2021-12-16T00:00:00Z,7087019312.564083
2021-12-15T00:00:00Z,6930872758.760587
2021-12-14T00:00:00Z,6718028875.566961
2021-12-13T00:00:00Z,6743813954.384545
2021-12-12T00:00:00Z,7203350564.532934
2021-12-11T00:00:00Z,6993450108.462642
2021-12-10T00:00:00Z,6789870857.136598
2021-12-09T00:00:00Z,7241730808.395921
2021-12-08T00:00:00Z,7678492609.756951
2021-12-07T00:00:00Z,7256474038.783424
2021-12-06T00:00:00Z,7304680971.753915
2021-12-05T00:00:00Z,6795539420.241055
2021-12-04T00:00:00Z,6978833591.62739
2021-12-03T00:00:00Z,7862343683.889486
2021-12-02T00:00:00Z,8549434378.384228
2021-12-01T00:00:00Z,8711626139.815998
2021-11-30T00:00:00Z,8738074429.893848
2021-11-29T00:00:00Z,8163500615.285423
2021-11-28T00:00:00Z,7629266860.736303
2021-11-27T00:00:00Z,7452780945.480061
2021-11-26T00:00:00Z,7621928566.327381
2021-11-25T00:00:00Z,8674946499.651888
2021-11-24T00:00:00Z,7809006173.719986
2021-11-23T00:00:00Z,8062294774.092524
2021-11-22T00:00:00Z,7718724765.462733
2021-11-21T00:00:00Z,7790392056.32443
2021-11-20T00:00:00Z,8078003471.329802
2021-11-19T00:00:00Z,7969987963.694938
2021-11-18T00:00:00Z,7594190655.664438
2021-11-17T00:00:00Z,8075489335.078127
2021-11-16T00:00:00Z,8193384459.564909
2021-11-15T00:00:00Z,9100230233.088566
2021-11-14T00:00:00Z,9022339244.034023
2021-11-13T00:00:00Z,8728484428.614254
2021-11-12T00:00:00Z,8865154732.700651
2021-11-11T00:00:00Z,8929731263.055038
2021-11-10T00:00:00Z,8847652549.641605
2021-11-09T00:00:00Z,9104053354.738373
2021-11-08T00:00:00Z,9497239708.809217
2021-11-07T00:00:00Z,9192413170.476902
2021-11-06T00:00:00Z,8728812188.305431
2021-11-05T00:00:00Z,8768904084.00176
2021-11-04T00:00:00Z,8850645021.06045
2021-11-03T00:00:00Z,9142716380.067343
2021-11-02T00:00:00Z,9139324741.683725
2021-11-01T00:00:00Z,8298058425.134872
2021-10-31T00:00:00Z,8439199794.664785
2021-10-30T00:00:00Z,8491219252.963836
2021-10-29T00:00:00Z,8751242416.68469
2021-10-28T00:00:00Z,8004843830.788804
2021-10-27T00:00:00Z,7486468566.376905
2021-10-26T00:00:00Z,8149579587.14656
2021-10-25T00:00:00Z,8398643731.373935
2021-10-24T00:00:00Z,7957886296.473204
2021-10-23T00:00:00Z,8152093409.169085
2021-10-22T00:00:00Z,7916344124.306176
2021-10-21T00:00:00Z,8045476937.104504
2021-10-20T00:00:00Z,8185961679.917866
2021-10-19T00:00:00Z,7333852930.327624
2021-10-18T00:00:00Z,6999955752.409306
2021-10-17T00:00:00Z,7101087987.542445
2021-10-16T00:00:00Z,7093561785.0352545
2021-10-15T00:00:00Z,7058420211.647421
2021-10-14T00:00:00Z,6874183499.451248
2021-10-13T00:00:00Z,6221233889.09303
2021-10-12T00:00:00Z,5872667390.408133
2021-10-11T00:00:00Z,6021921389.210525
2021-10-10T00:00:00Z,5919942170.700779
2021-10-09T00:00:00Z,6172417499.751209
2021-10-08T00:00:00Z,6150481838.665823
2021-10-07T00:00:00Z,6202079854.952056
2021-10-06T00:00:00Z,6200334341.975632
2021-10-05T00:00:00Z,6119022967.124613
2021-10-04T00:00:00Z,5812196883.301003
2021-10-03T00:00:00Z,5730624821.820051
2021-10-02T00:00:00Z,5619429894.916191
2021-10-01T00:00:00Z,5423009331.382686
2021-09-30T00:00:00Z,5038634383.73609
2021-09-29T00:00:00Z,4981338860.164551
2021-09-28T00:00:00Z,4865781252.970282
2021-09-27T00:00:00Z,4947625167.53753
2021-09-26T00:00:00Z,5189549466.213815
2021-09-25T00:00:00Z,5004909855.550623
2021-09-24T00:00:00Z,5168990563.348973
2021-09-23T00:00:00Z,5337074769.686413
2021-09-22T00:00:00Z,5249195579.548351
2021-09-21T00:00:00Z,5037809677.909516
2021-09-20T00:00:00Z,5482322793.560115
2021-09-19T00:00:00Z,5875940517.607051
2021-09-18T00:00:00Z,5864874459.428763
2021-09-17T00:00:00Z,5860666644.506254
2021-09-16T00:00:00Z,6067440343.016773
2021-09-15T00:00:00Z,6210805878.595972
2021-09-14T00:00:00Z,5851918320.817392
2021-09-13T00:00:00Z,5593307341.074345
2021-09-12T00:00:00Z,5751635652.1725645
2021-09-11T00:00:00Z,5680497800.322291
2021-09-10T00:00:00Z,5732503994.38532
2021-09-09T00:00:00Z,5845368777.9198
2021-09-08T00:00:00Z,5964942587.434132
2021-09-07T00:00:00Z,6019678222.199438
2021-09-06T00:00:00Z,8261178281.699775
2021-09-05T00:00:00Z,8277705828.007045
2021-09-04T00:00:00Z,7965889594.385116
2021-09-03T00:00:00Z,7885721213.729917
2021-09-02T00:00:00Z,7649473776.00799
2021-09-01T00:00:00Z,7490198012.983397
2021-08-31T00:00:00Z,6601997916.858413
2021-08-30T00:00:00Z,6025429909.589224
2021-08-29T00:00:00Z,5931001456.21609
2021-08-28T00:00:00Z,6022308107.826604
2021-08-27T00:00:00Z,6134692939.002863
2021-08-26T00:00:00Z,5692139473.38949
2021-08-25T00:00:00Z,5598307702.358061
2021-08-24T00:00:00Z,5891652550.478169
2021-08-23T00:00:00Z,5893993709.073307
2021-08-22T00:00:00Z,5533411748.366907
2021-08-21T00:00:00Z,5614022779.042992
2021-08-20T00:00:00Z,5698413123.692694
2021-08-19T00:00:00Z,5424407339.487327
2021-08-18T00:00:00Z,5202383500.999342
2021-08-17T00:00:00Z,5440202476.49118
2021-08-16T00:00:00Z,5663044685.964883
2021-08-15T00:00:00Z,5821737420.819826
2021-08-14T00:00:00Z,5914829864.125437
2021-08-13T00:00:00Z,5839184205.043543
2021-08-12T00:00:00Z,5337392565.309963
2021-08-11T00:00:00Z,5592496368.373888
2021-08-10T00:00:00Z,5532981945.57014
2021-08-09T00:00:00Z,5538489710.053619
2021-08-08T00:00:00Z,5129474484.116914
2021-08-07T00:00:00Z,5395795515.940693
2021-08-06T00:00:00Z,5013017512.114336
2021-08-05T00:00:00Z,4937620166.489344
2021-08-04T00:00:00Z,4771646560.157989
2021-08-03T00:00:00Z,4366553271.075418
2021-08-02T00:00:00Z,4600853569.498192
2021-08-01T00:00:00Z,4277910268.04612
2021-07-31T00:00:00Z,4403991860.129551
2021-07-30T00:00:00Z,4317743864.896552
2021-07-29T00:00:00Z,4027576181.1577215
2021-07-28T00:00:00Z,3773150266.4412847
2021-07-27T00:00:00Z,3792967965.5224657
2021-07-26T00:00:00Z,3778142179.504697
2021-07-25T00:00:00Z,4042766878.6163554
2021-07-24T00:00:00Z,3999413050.5032187
2021-07-23T00:00:00Z,3763803668.5310636
2021-07-22T00:00:00Z,3607283857.906447
2021-07-21T00:00:00Z,3544354969.1198773
2021-07-20T00:00:00Z,3401226480.4022384
2021-07-19T00:00:00Z,3675862213.411418
2021-07-18T00:00:00Z,3534951676.082762
2021-07-17T00:00:00Z,3575008469.5857553
2021-07-16T00:00:00Z,3514361401.272814
2021-07-15T00:00:00Z,3594200269.856595
2021-07-14T00:00:00Z,3626014480.4338417
2021-07-13T00:00:00Z,3638810596.953832
2021-07-12T00:00:00Z,3696141119.5252376
2021-07-11T00:00:00Z,3566348461.1997375
2021-07-10T00:00:00Z,3515557982.9773846
2021-07-09T00:00:00Z,3535329692.251249
2021-07-08T00:00:00Z,3510582567.9780903
2021-07-07T00:00:00Z,3783495854.3733263
2021-07-06T00:00:00Z,3708595128.0797925
2021-07-05T00:00:00Z,3519878666.9697623
2021-07-04T00:00:00Z,3679489777.6343107
2021-07-03T00:00:00Z,3633171533.4545393
2021-07-02T00:00:00Z,3411332838.1960435
2021-07-01T00:00:00Z,3380911934.8606505
2021-06-30T00:00:00Z,3585808938.319766
2021-06-29T00:00:00Z,3472744381.528248
2021-06-28T00:00:00Z,3346541165.4696727
2021-06-27T00:00:00Z,3100616517.9405346
2021-06-26T00:00:00Z,3018783730.781187
2021-06-25T00:00:00Z,3004754069.4927297
2021-06-24T00:00:00Z,3171104218.64725
2021-06-23T00:00:00Z,3167565924.3303432
2021-06-22T00:00:00Z,3211283769.2598724
2021-06-21T00:00:00Z,3319999024.6106396
2021-06-20T00:00:00Z,3749437253.8328776
2021-06-19T00:00:00Z,3796070192.4094086
2021-06-18T00:00:00Z,3826017917.300124
2021-06-17T00:00:00Z,4035029973.296085
2021-06-16T00:00:00Z,3930475423.3139725
2021-06-15T00:00:00Z,4007443703.1898794
2021-06-14T00:00:00Z,4057190053.9861765
2021-06-13T00:00:00Z,3969837631.4711676
2021-06-12T00:00:00Z,3812829748.7944484
2021-06-11T00:00:00Z,3826964094.8375554
2021-06-10T00:00:00Z,3847950264.1901293
2021-06-09T00:00:00Z,3994387913.8322263
2021-06-08T00:00:00Z,4091799020.615446
2021-06-07T00:00:00Z,4178598306.9934897
2021-06-06T00:00:00Z,4142223829.4821415
2021-06-05T00:00:00Z,4057888353.565693
2021-06-04T00:00:00Z,4122804648.254271
2021-06-03T00:00:00Z,4422865581.158802
2021-06-02T00:00:00Z,4089484388.1690087
2021-06-01T00:00:00Z,3913273351.1651573
2021-05-31T00:00:00Z,4019007877.768667
2021-05-30T00:00:00Z,3652538391.2172227
2021-05-29T00:00:00Z,3541334691.1996875
2021-05-28T00:00:00Z,3644556532.461971
2021-05-27T00:00:00Z,3885115340.0437365
2021-05-26T00:00:00Z,4110246759.0457687
2021-05-25T00:00:00Z,3847229964.014501
2021-05-24T00:00:00Z,3756548823.586693
2021-05-23T00:00:00Z,3401643725.7481084
2021-05-22T00:00:00Z,3551958516.7134113
2021-05-21T00:00:00Z,3795447245.8135695
2021-05-20T00:00:00Z,4203595155.5784802
2021-05-19T00:00:00Z,4006482150.322519
2021-05-18T00:00:00Z,6169808158.746141
2021-05-17T00:00:00Z,6176971519.557329
2021-05-16T00:00:00Z,6787031301.523956
2021-05-15T00:00:00Z,6765176180.417549
2021-05-14T00:00:00Z,7062701896.044384
2021-05-13T00:00:00Z,6813137887.835039
2021-05-12T00:00:00Z,7196518830.447978
2021-05-11T00:00:00Z,7319433702.721625
2021-05-10T00:00:00Z,7318368787.278462
2021-05-09T00:00:00Z,7175301604.907546
2021-05-08T00:00:00Z,7066349481.981209
2021-05-07T00:00:00Z,6573821914.537733
2021-05-06T00:00:00Z,6706313200.613506
2021-05-05T00:00:00Z,6717621872.758136
2021-05-04T00:00:00Z,6110347463.875377
2021-05-03T00:00:00Z,6527180915.859824
2021-05-02T00:00:00Z,5670205305.380133
2021-05-01T00:00:00Z,5598879342.672657
2021-04-30T00:00:00Z,5274150427.043098
2021-04-29T00:00:00Z,5191724268.192379
2021-04-28T00:00:00Z,5182689482.414316
2021-04-27T00:00:00Z,5076701437.2574835
2021-04-26T00:00:00Z,4599348009.498328
2021-04-25T00:00:00Z,4371891383.901464
2021-04-24T00:00:00Z,4185461590.638809
2021-04-23T00:00:00Z,4381194263.331791
2021-04-22T00:00:00Z,4842671667.6401825
2021-04-21T00:00:00Z,4541908826.728864
2021-04-20T00:00:00Z,4513379900.206638
2021-04-19T00:00:00Z,4143811214.602144
2021-04-18T00:00:00Z,4341710025.306201
2021-04-17T00:00:00Z,5257472906.102208
2021-04-16T00:00:00Z,5291244146.875686
2021-04-15T00:00:00Z,5532527603.534254
2021-04-14T00:00:00Z,5457036174.313158
2021-04-13T00:00:00Z,5247724202.467899
2021-04-12T00:00:00Z,4856722451.130034
2021-04-11T00:00:00Z,4753013038.827714
2021-04-10T00:00:00Z,4692226712.136131
2021-04-09T00:00:00Z,4496488921.508926
2021-04-08T00:00:00Z,4677253548.772016
2021-04-07T00:00:00Z,4591818016.633053
2021-04-06T00:00:00Z,4927218754.6170435
2021-04-05T00:00:00Z,5012503955.607953
2021-04-04T00:00:00Z,4809938020.809492
2021-04-03T00:00:00Z,4677257414.199323
2021-04-02T00:00:00Z,4733080934.397342
2021-04-01T00:00:00Z,4213497940.7194686
2021-03-31T00:00:00Z,4076263023.9575553
2021-03-30T00:00:00Z,3795337802.7274003
2021-03-29T00:00:00Z,3751252700.338242
2021-03-28T00:00:00Z,3437677360.397947
2021-03-27T00:00:00Z,3488793414.605929
2021-03-26T00:00:00Z,3510955644.778307
2021-03-25T00:00:00Z,3396711821.6411376
2021-03-24T00:00:00Z,3384619951.1340823
2021-03-23T00:00:00Z,3608754040.57598
2021-03-22T00:00:00Z,3650346853.522742
2021-03-21T00:00:00Z,3787763433.575151
2021-03-20T00:00:00Z,3882163451.6841507
2021-03-19T00:00:00Z,3781560764.07593
2021-03-18T00:00:00Z,3875658873.540951
2021-03-17T00:00:00Z,3860939465.6076975
2021-03-16T00:00:00Z,3700674463.7845855
2021-03-15T00:00:00Z,3757626492.878575
2021-03-14T00:00:00Z,3990103855.4009776
2021-03-13T00:00:00Z,4127623879.9937925
2021-03-12T00:00:00Z,3691202377.9000583
2021-03-11T00:00:00Z,3821496734.5860972
2021-03-10T00:00:00Z,3854916584.291349
2021-03-09T00:00:00Z,3972398449.4513183
2021-03-08T00:00:00Z,3783909855.2925544
2021-03-07T00:00:00Z,3395359001.215321
2021-03-06T00:00:00Z,3263419422.7305465
2021-03-05T00:00:00Z,2883473497.146024
2021-03-04T00:00:00Z,2969143324.257207
2021-03-03T00:00:00Z,3005297788.7655544
2021-03-02T00:00:00Z,2879985873.731119
2021-03-01T00:00:00Z,2958164347.035209
2021-02-28T00:00:00Z,2810571328.1135206
2021-02-27T00:00:00Z,2877905532.132284
2021-02-26T00:00:00Z,2970269694.924329
2021-02-25T00:00:00Z,3045621014.341833
2021-02-24T00:00:00Z,3286106194.395468
2021-02-23T00:00:00Z,3109430678.385244
2021-02-22T00:00:00Z,3876042409.549904
2021-02-21T00:00:00Z,4575219449.950322
2021-02-20T00:00:00Z,4742786587.444403
2021-02-19T00:00:00Z,4838186659.176506
2021-02-18T00:00:00Z,4840791581.896538
2021-02-17T00:00:00Z,4447674613.013587
2021-02-16T00:00:00Z,4286411280.203447
2021-02-15T00:00:00Z,4232313221.5770698
2021-02-14T00:00:00Z,4494238644.118959
2021-02-13T00:00:00Z,4516634561.807951
2021-02-12T00:00:00Z,4543785259.356735
2021-02-11T00:00:00Z,4233555247.716907
2021-02-10T00:00:00Z,4115522623.78528
2021-02-09T00:00:00Z,4217101717.736475
2021-02-08T00:00:00Z,4049921336.915391
2021-02-07T00:00:00Z,3732720523.1731153
2021-02-06T00:00:00Z,4143249540.738577
2021-02-05T00:00:00Z,4405634155.587799
2021-02-04T00:00:00Z,3931703079.2023964
2021-02-03T00:00:00Z,4255388569.0971236
2021-02-02T00:00:00Z,3739776937.837457
2021-02-01T00:00:00Z,2738414497.282916
2021-01-31T00:00:00Z,2649648928.3157043
2021-01-30T00:00:00Z,2742958373.056613
2021-01-29T00:00:00Z,2776019475.2813244
2021-01-28T00:00:00Z,2554440534.8678856
2021-01-27T00:00:00Z,2320032657.0432997
2021-01-26T00:00:00Z,2586679848.2452207
2021-01-25T00:00:00Z,2826285397.9544735
2021-01-24T00:00:00Z,2770389971.407762
2021-01-23T00:00:00Z,2270690449.8539686
2021-01-22T00:00:00Z,2143897994.235857
2021-01-21T00:00:00Z,2125479833.91215
2021-01-20T00:00:00Z,2660310120.7481813
2021-01-19T00:00:00Z,2993780321.8476048
2021-01-18T00:00:00Z,2372953487.376682
2021-01-17T00:00:00Z,2272553726.329956
2021-01-16T00:00:00Z,2276628395.306951
2021-01-15T00:00:00Z,2051879640.605879
2021-01-14T00:00:00Z,2170145047.232728
2021-01-13T00:00:00Z,1968782341.2846663
2021-01-12T00:00:00Z,1838224017.5930538
2021-01-11T00:00:00Z,1919272932.905826
2021-01-10T00:00:00Z,2610658186.256162
2021-01-09T00:00:00Z,2635777285.051728
2021-01-08T00:00:00Z,2321724229.9615374
2021-01-07T00:00:00Z,2639428255.9003167
2021-01-06T00:00:00Z,2538260453.764358
2021-01-05T00:00:00Z,2132910694.29803
2021-01-04T00:00:00Z,2048629275.9098234
2021-01-03T00:00:00Z,1873096421.03991
2021-01-02T00:00:00Z,1432395325.249626
2021-01-01T00:00:00Z,1376190356.5486107
2020-12-31T00:00:00Z,1400584254.6446424
2020-12-30T00:00:00Z,1525130587.8854437
2020-12-29T00:00:00Z,1482386105.4316237
2020-12-28T00:00:00Z,1498306720.3603036
2020-12-27T00:00:00Z,1311053293.8916836
2020-12-26T00:00:00Z,1133979015.6942623
2020-12-25T00:00:00Z,1058295409.5091375
2020-12-24T00:00:00Z,1040783994.1115482
2020-12-23T00:00:00Z,1052954670.3676499
2020-12-22T00:00:00Z,1214491540.2168658
2020-12-21T00:00:00Z,1162642454.5926826
2020-12-20T00:00:00Z,1272470468.6376235
2020-12-19T00:00:00Z,1364735475.3503017
2020-12-18T00:00:00Z,1316431617.109338
2020-12-17T00:00:00Z,1268410778.2114398
2020-12-16T00:00:00Z,1264719084.5788105
2020-12-15T00:00:00Z,1040034508.9863911
2020-12-14T00:00:00Z,1014915883.0824877
2020-12-13T00:00:00Z,1027111518.9732921
2020-12-12T00:00:00Z,976176856.8151842
2020-12-11T00:00:00Z,924506158.801738
2020-12-10T00:00:00Z,927934683.2679954
2020-12-09T00:00:00Z,954296645.5987545
2020-12-08T00:00:00Z,1010493156.9328595
2020-12-07T00:00:00Z,1022745578.9661714
2020-12-06T00:00:00Z,1004135174.5216923
2020-12-05T00:00:00Z,999246658.1972492
2020-12-04T00:00:00Z,992208702.9483349
2020-12-03T00:00:00Z,1132788353.0764637
2020-12-02T00:00:00Z,1037222980.8922035
2020-12-01T00:00:00Z,1024980789.2476108
2020-11-30T00:00:00Z,1095471046.101686
2020-11-29T00:00:00Z,950677857.4792311
2020-11-28T00:00:00Z,883400283.3475087
2020-11-27T00:00:00Z,867987765.3743607
2020-11-26T00:00:00Z,864976760.4916997
2020-11-25T00:00:00Z,1171531065.2462718
2020-11-24T00:00:00Z,1308968525.143845
2020-11-23T00:00:00Z,1309433102.0791233
2020-11-22T00:00:00Z,1198693790.3352084
2020-11-21T00:00:00Z,1193896482.6302235
2020-11-20T00:00:00Z,1091648400.5038147
2020-11-19T00:00:00Z,887981327.9692705
2020-11-18T00:00:00Z,949696000.0933632
2020-11-17T00:00:00Z,1078424171.2151868
2020-11-16T00:00:00Z,983387567.3732839
2020-11-15T00:00:00Z,982604491.4178209
2020-11-14T00:00:00Z,1013668290.3333274
2020-11-13T00:00:00Z,1078339534.442683
2020-11-12T00:00:00Z,945971174.3320782
2020-11-11T00:00:00Z,973931048.1487807
2020-11-10T00:00:00Z,888476490.7459437
2020-11-09T00:00:00Z,855318172.0929263
2020-11-08T00:00:00Z,873848408.8116035
2020-11-07T00:00:00Z,819700515.2405992
2020-11-06T00:00:00Z,879011360.2063264
2020-11-05T00:00:00Z,734406883.4761035
2020-11-04T00:00:00Z,696736142.8193452
2020-11-03T00:00:00Z,621838283.6640694
2020-11-02T00:00:00Z,633240506.544756
2020-11-01T00:00:00Z,658032410.6913195
2020-10-31T00:00:00Z,621305927.636687
2020-10-30T00:00:00Z,626338325.2550385
2020-10-29T00:00:00Z,652212826.9833051
2020-10-28T00:00:00Z,664164086.5900457
2020-10-27T00:00:00Z,693934270.5820708
2020-10-26T00:00:00Z,700629036.0237355
2020-10-25T00:00:00Z,739708660.8101168
2020-10-24T00:00:00Z,754420650.0588238
2020-10-23T00:00:00Z,749825209.110638
2020-10-22T00:00:00Z,733129950.8291882
2020-10-21T00:00:00Z,669159351.7695469
2020-10-20T00:00:00Z,566820371.909472
2020-10-19T00:00:00Z,596608701.4792743
2020-10-18T00:00:00Z,576444846.3029299
2020-10-17T00:00:00Z,553701916.3606809
2020-10-16T00:00:00Z,557474442.1767573
2020-10-15T00:00:00Z,597539694.1480446
2020-10-14T00:00:00Z,615990329.7513462
2020-10-13T00:00:00Z,615916703.1455743
2020-10-12T00:00:00Z,635288942.0273899
2020-10-11T00:00:00Z,601149532.4331738
2020-10-10T00:00:00Z,583931845.1417767
2020-10-09T00:00:00Z,565327246.8053527
2020-10-08T00:00:00Z,544543662.7611626
2020-10-07T00:00:00Z,532773821.9318732
2020-10-06T00:00:00Z,530214104.99279314
2020-10-05T00:00:00Z,523370826.3812797
2020-10-04T00:00:00Z,536811180.5679999
2020-10-03T00:00:00Z,532659570.3551984
2020-10-02T00:00:00Z,524668156.94679886
2020-10-01T00:00:00Z,526770389.6488122
2020-09-30T00:00:00Z,549194879.038675
2020-09-29T00:00:00Z,549246762.0413599
2020-09-28T00:00:00Z,534888766.7752522
2020-09-27T00:00:00Z,540473476.7380178
2020-09-26T00:00:00Z,531387429.5936301
2020-09-25T00:00:00Z,523546143.1317184
2020-09-24T00:00:00Z,550107217.3197424
2020-09-23T00:00:00Z,542584591.0562094
2020-09-22T00:00:00Z,583133986.814459
2020-09-21T00:00:00Z,581238338.4472556
2020-09-20T00:00:00Z,606498369.5564513
2020-09-19T00:00:00Z,615560256.4537632
2020-09-18T00:00:00Z,628241651.2733824
2020-09-17T00:00:00Z,657694587.1352973
2020-09-16T00:00:00Z,571270640.7824439
2020-09-15T00:00:00Z,570976219.8210827
2020-09-14T00:00:00Z,596965283.9346602
2020-09-13T00:00:00Z,589211276.3089255
2020-09-12T00:00:00Z,633634540.6430678
2020-09-11T00:00:00Z,597785114.0059966
2020-09-10T00:00:00Z,586303578.5694463
2020-09-09T00:00:00Z,544439329.0146438
2020-09-08T00:00:00Z,511186716.8795221
2020-09-07T00:00:00Z,516468840.18047935
2020-09-06T00:00:00Z,522022225.95755
2020-09-05T00:00:00Z,534026775.60813373
2020-09-04T00:00:00Z,615309249.3096337
2020-09-03T00:00:00Z,624126021.5040948
2020-09-02T00:00:00Z,814176380.1752753
2020-09-01T00:00:00Z,955029453.1451689
2020-08-31T00:00:00Z,848879027.9687926
2020-08-30T00:00:00Z,804731343.5462246
2020-08-29T00:00:00Z,728651736.3993087
2020-08-28T00:00:00Z,701637195.2581878
2020-08-27T00:00:00Z,679759923.6214719
2020-08-26T00:00:00Z,702774365.7157497
2020-08-25T00:00:00Z,744875067.3060447
2020-08-24T00:00:00Z,761028408.3594775
2020-08-23T00:00:00Z,716112956.3876793
2020-08-22T00:00:00Z,730585185.392716
2020-08-21T00:00:00Z,757204864.6511242
2020-08-20T00:00:00Z,805094880.2449762
2020-08-19T00:00:00Z,808267125.4843436
2020-08-18T00:00:00Z,882139854.7350636
2020-08-17T00:00:00Z,895271603.283285
2020-08-16T00:00:00Z,911779525.6809516
2020-08-15T00:00:00Z,951708702.5824451
2020-08-14T00:00:00Z,953881782.7928655
2020-08-13T00:00:00Z,890737144.9769222
2020-08-12T00:00:00Z,735154765.962985
2020-08-11T00:00:00Z,753697104.2973316
2020-08-10T00:00:00Z,780204017.2777112
2020-08-09T00:00:00Z,766131110.7209022
2020-08-08T00:00:00Z,766546776.0337306
2020-08-07T00:00:00Z,765766279.5920938
2020-08-06T00:00:00Z,819639177.0089887
2020-08-05T00:00:00Z,830394714.8673888
2020-08-04T00:00:00Z,771465174.1950637
2020-08-03T00:00:00Z,729396044.201149
2020-08-02T00:00:00Z,684156761.7733406
2020-08-01T00:00:00Z,807652841.0895032
2020-07-31T00:00:00Z,715322025.0474705
2020-07-30T00:00:00Z,693173848.1671922
2020-07-29T00:00:00Z,627741806.445463
2020-07-28T00:00:00Z,614042322.8059497
2020-07-27T00:00:00Z,639621855.3159137
2020-07-26T00:00:00Z,638902162.8731652
2020-07-25T00:00:00Z,604430622.9836408
2020-07-24T00:00:00Z,581511125.2797353
2020-07-23T00:00:00Z,559506927.0656354
2020-07-22T00:00:00Z,523443435.3887718
2020-07-21T00:00:00Z,508696013.41526926
2020-07-20T00:00:00Z,429501857.3274353
2020-07-19T00:00:00Z,451365067.1009774
2020-07-18T00:00:00Z,432967251.419955
2020-07-17T00:00:00Z,426691497.84910977
2020-07-16T00:00:00Z,438694842.2627776
2020-07-15T00:00:00Z,435139920.5296948
2020-07-14T00:00:00Z,422313074.04151505
2020-07-13T00:00:00Z,419118805.7640412
2020-07-12T00:00:00Z,422421548.49165016
2020-07-11T00:00:00Z,427490862.88117427
2020-07-10T00:00:00Z,436873854.7160974
2020-07-09T00:00:00Z,444594472.89320016
2020-07-08T00:00:00Z,490918079.90004075
2020-07-07T00:00:00Z,415296638.71481156
2020-07-06T00:00:00Z,432879428.8954336
2020-07-05T00:00:00Z,370947758.04020214
2020-07-04T00:00:00Z,377154632.9034185
2020-07-03T00:00:00Z,366172180.2325316
2020-07-02T00:00:00Z,367453622.4172815
2020-07-01T00:00:00Z,401990747.7215992
2020-06-30T00:00:00Z,358119550.98711723
2020-06-29T00:00:00Z,357463000.2326822
2020-06-28T00:00:00Z,356956409.46084154
2020-06-27T00:00:00Z,367659424.4132748
2020-06-26T00:00:00Z,365863997.82437754
2020-06-25T00:00:00Z,347858715.98481315
2020-06-24T00:00:00Z,364721626.5715309
2020-06-23T00:00:00Z,391542803.7701042
2020-06-22T00:00:00Z,344125823.64404273
2020-06-21T00:00:00Z,288202907.36932015
2020-06-20T00:00:00Z,289009182.97093153
2020-06-19T00:00:00Z,286912043.1071201
2020-06-18T00:00:00Z,294523556.3660987
2020-06-17T00:00:00Z,288368579.7991355
2020-06-16T00:00:00Z,303236379.92793924
2020-06-15T00:00:00Z,294537794.0785696
2020-06-14T00:00:00Z,306184935.15125936
2020-06-13T00:00:00Z,295487388.06493866
2020-06-12T00:00:00Z,304508258.75277543
2020-06-11T00:00:00Z,317401237.50828385
2020-06-10T00:00:00Z,352917490.1148296
2020-06-09T00:00:00Z,318611219.4868323
2020-06-08T00:00:00Z,336969470.5377513
2020-06-07T00:00:00Z,316973620.7509641
2020-06-06T00:00:00Z,306928738.7833005
2020-06-05T00:00:00Z,303907464.6012224
2020-06-04T00:00:00Z,307700577.95915145
2020-06-03T00:00:00Z,312482394.4030174
2020-06-02T00:00:00Z,308218592.40365064
2020-06-01T00:00:00Z,364098865.4614804
2020-05-31T00:00:00Z,306247572.564398
2020-05-30T00:00:00Z,339401258.85486495
2020-05-29T00:00:00Z,305430723.29161257
2020-05-28T00:00:00Z,302501946.6186488
2020-05-27T00:00:00Z,256260994.350421
2020-05-26T00:00:00Z,233740482.88213375
2020-05-25T00:00:00Z,232077937.37502277
2020-05-24T00:00:00Z,237727780.27239594
2020-05-23T00:00:00Z,240478036.0112671
2020-05-22T00:00:00Z,246861219.06877518
2020-05-21T00:00:00Z,243812252.127946
2020-05-20T00:00:00Z,259213144.71048737
2020-05-19T00:00:00Z,271828645.7139376
2020-05-18T00:00:00Z,262277459.3118159
2020-05-17T00:00:00Z,251579536.74388352
2020-05-16T00:00:00Z,233724867.93792325
2020-05-15T00:00:00Z,232432999.2538822
2020-05-14T00:00:00Z,236850389.92066407
2020-05-13T00:00:00Z,192447272.43533725
2020-05-12T00:00:00Z,170027016.92585787
2020-05-11T00:00:00Z,168009657.84930798
2020-05-10T00:00:00Z,165823442.06281596
2020-05-09T00:00:00Z,208564922.35645375
2020-05-08T00:00:00Z,159729887.446339
2020-05-07T00:00:00Z,176891385.435446
2020-05-06T00:00:00Z,145684595.00209218
2020-05-05T00:00:00Z,142553252.7008832
2020-05-04T00:00:00Z,146764319.95140922
2020-05-03T00:00:00Z,150322588.06470725
2020-05-02T00:00:00Z,155965373.68500498
2020-05-01T00:00:00Z,148431731.33512247
2020-04-30T00:00:00Z,133990146.22310445
2020-04-29T00:00:00Z,180475769.9499622
2020-04-28T00:00:00Z,156602943.4192876
2020-04-27T00:00:00Z,145491283.603958
2020-04-26T00:00:00Z,151867206.16272217
2020-04-25T00:00:00Z,149208868.1323232
2020-04-24T00:00:00Z,131453471.81410289
2020-04-23T00:00:00Z,137877105.91940802
2020-04-22T00:00:00Z,136074418.496782
2020-04-21T00:00:00Z,119899924.24033499
2020-04-20T00:00:00Z,118546905.37321049
2020-04-19T00:00:00Z,127833965.67884412
2020-04-18T00:00:00Z,146703545.05830717
2020-04-17T00:00:00Z,120887423.075037
2020-04-16T00:00:00Z,123021643.96631525
2020-04-15T00:00:00Z,107848953.06734718
2020-04-14T00:00:00Z,113223009.125885
2020-04-13T00:00:00Z,107163861.617696
2020-04-12T00:00:00Z,109730498.85222855
2020-04-11T00:00:00Z,106578969.15675125
2020-04-10T00:00:00Z,106098407.32307719
2020-04-09T00:00:00Z,112124425.4485405
2020-04-08T00:00:00Z,121494401.01312016
2020-04-07T00:00:00Z,118686606.51394999
2020-04-06T00:00:00Z,126804782.91994356
2020-04-05T00:00:00Z,101338116.11733069
2020-04-04T00:00:00Z,103499095.83704674
2020-04-03T00:00:00Z,104038074.98926082
2020-04-02T00:00:00Z,104347119.432182
2020-04-01T00:00:00Z,103329827.54368
2020-03-31T00:00:00Z,100649175.704305
2020-03-30T00:00:00Z,94176691.08175999
2020-03-29T00:00:00Z,85222129.0640627
2020-03-28T00:00:00Z,93506655.16675659
2020-03-27T00:00:00Z,93702474.91213147
2020-03-26T00:00:00Z,93869865.49713439
2020-03-25T00:00:00Z,86958006.21372908
2020-03-24T00:00:00Z,91644720.1906772
2020-03-23T00:00:00Z,82527111.8143835
2020-03-22T00:00:00Z,89062331.865796
2020-03-21T00:00:00Z,86625880.26604944
2020-03-20T00:00:00Z,82046716.13865663
2020-03-19T00:00:00Z,88167910.8820549
2020-03-18T00:00:00Z,80933628.14385399
2020-03-17T00:00:00Z,81683446.54401939
2020-03-16T00:00:00Z,84700246.87213519
2020-03-15T00:00:00Z,86604389.831687
2020-03-14T00:00:00Z,78177171.879995
2020-03-13T00:00:00Z,80450383.4598468
2020-03-12T00:00:00Z,95014267.52205399
2020-03-11T00:00:00Z,211353011.43208933
2020-03-10T00:00:00Z,215570163.619356
2020-03-09T00:00:00Z,226854813.05636352
2020-03-08T00:00:00Z,226790461.135108
2020-03-07T00:00:00Z,270817518.72327745
2020-03-06T00:00:00Z,294288726.7837306
2020-03-05T00:00:00Z,273999330.15951365
2020-03-04T00:00:00Z,241301409.91650513
2020-03-03T00:00:00Z,235285836.55026188
2020-03-02T00:00:00Z,236903497.92499298
2020-03-01T00:00:00Z,230102909.4637095
2020-02-29T00:00:00Z,231952294.25714988
2020-02-28T00:00:00Z,247416083.9977524
2020-02-27T00:00:00Z,246685731.64643863
2020-02-26T00:00:00Z,263338352.27696642
2020-02-25T00:00:00Z,261803120.66908875
2020-02-24T00:00:00Z,274881795.35249996
2020-02-23T00:00:00Z,315016723.8575392
2020-02-22T00:00:00Z,276840360.8980718
2020-02-21T00:00:00Z,288057607.118205
2020-02-20T00:00:00Z,276285633.498344
2020-02-19T00:00:00Z,294222948.34050596
2020-02-18T00:00:00Z,320006025.3610893
2020-02-17T00:00:00Z,311674083.307188
2020-02-16T00:00:00Z,295413698.90029997
2020-02-15T00:00:00Z,319095673.3437769
2020-02-14T00:00:00Z,366305338.791114
2020-02-13T00:00:00Z,329439731.4395511
2020-02-12T00:00:00Z,306929565.2103506
2020-02-11T00:00:00Z,283121317.8724816
2020-02-10T00:00:00Z,263761626.30705538
2020-02-09T00:00:00Z,274955679.40187204
2020-02-08T00:00:00Z,263742121.00369322
2020-02-07T00:00:00Z,258826486.74880075
2020-02-06T00:00:00Z,248664520.65910897
2020-02-05T00:00:00Z,262029973.139731
2020-02-04T00:00:00Z,208180080.01018718
2020-02-03T00:00:00Z,210096708.48817825
2020-02-02T00:00:00Z,219641136.5094336
2020-02-01T00:00:00Z,200990900.07088202
2020-01-31T00:00:00Z,200286163.4232212
2020-01-30T00:00:00Z,207867494.91293842
2020-01-29T00:00:00Z,186950466.784469
2020-01-28T00:00:00Z,194318327.59623137
2020-01-27T00:00:00Z,183225340.91208
2020-01-26T00:00:00Z,184010032.50853747
2020-01-25T00:00:00Z,165163431.91101104
2020-01-24T00:00:00Z,173677179.74365368
2020-01-23T00:00:00Z,169508890.27944627
2020-01-22T00:00:00Z,179659158.54965082
2020-01-21T00:00:00Z,177919958.35821602
2020-01-20T00:00:00Z,176782861.52085164
2020-01-19T00:00:00Z,177601335.05414015
2020-01-18T00:00:00Z,192145891.3055955
2020-01-17T00:00:00Z,179711116.2031784
2020-01-16T00:00:00Z,176986212.24130356
2020-01-15T00:00:00Z,171179976.93547562
2020-01-14T00:00:00Z,177717737.971879
2020-01-13T00:00:00Z,148208680.3959775
2020-01-12T00:00:00Z,147524493.5272832
2020-01-11T00:00:00Z,137795006.25041926
2020-01-10T00:00:00Z,143556180.7166925
2020-01-09T00:00:00Z,127933503.81736644
2020-01-08T00:00:00Z,130772479.60722703
2020-01-07T00:00:00Z,138392764.2368758
2020-01-06T00:00:00Z,140147495.52868637
2020-01-05T00:00:00Z,125843843.41718283
2020-01-04T00:00:00Z,128378157.73243174
2020-01-03T00:00:00Z,127489162.9685788
2020-01-02T00:00:00Z,114567251.8114424
2020-01-01T00:00:00Z,114828768.80625634
2019-12-31T00:00:00Z,113906492.7642003
2019-12-30T00:00:00Z,114471492.66479445
2019-12-29T00:00:00Z,119647185.0853701
2019-12-28T00:00:00Z,111792786.1075996
2019-12-27T00:00:00Z,108034422.90201563
2019-12-26T00:00:00Z,109907691.80769
2019-12-25T00:00:00Z,106634695.39198798
2019-12-24T00:00:00Z,112662545.606648
2019-12-23T00:00:00Z,108617460.10431999
2019-12-22T00:00:00Z,125736900.3446484
2019-12-21T00:00:00Z,114217513.2410895
2019-12-20T00:00:00Z,116779542.73507664
2019-12-19T00:00:00Z,119518062.39501384
2019-12-18T00:00:00Z,129100833.5485013
2019-12-17T00:00:00Z,126549076.49939275
2019-12-16T00:00:00Z,127114394.44248456
2019-12-15T00:00:00Z,122099166.75397374
2019-12-14T00:00:00Z,127308909.79871938
2019-12-13T00:00:00Z,124856097.5708924
2019-12-12T00:00:00Z,129770005.8705244
2019-12-11T00:00:00Z,132102838.28404175
2019-12-10T00:00:00Z,128332938.62323062
2019-12-09T00:00:00Z,124728872.209883
2019-12-08T00:00:00Z,137383359.24450064
2019-12-07T00:00:00Z,123736497.22887431
2019-12-06T00:00:00Z,124841809.48407799
2019-12-05T00:00:00Z,123822000.43732023
2019-12-04T00:00:00Z,118006875.04896554
2019-12-03T00:00:00Z,108805968.124035
2019-12-02T00:00:00Z,107008196.33927399
2019-12-01T00:00:00Z,108152334.95413241
2019-11-30T00:00:00Z,105906707.51980701
2019-11-29T00:00:00Z,109595217.71467964
2019-11-28T00:00:00Z,109957701.97364125
2019-11-27T00:00:00Z,115221756.207652
2019-11-26T00:00:00Z,103053908.0676687
2019-11-25T00:00:00Z,112561810.8098535
2019-11-24T00:00:00Z,114464587.219843
2019-11-23T00:00:00Z,114761016.80227199
2019-11-22T00:00:00Z,116215902.31395376
2019-11-21T00:00:00Z,134712042.28371042
2019-11-20T00:00:00Z,135345173.873148
2019-11-19T00:00:00Z,142586710.48874998
2019-11-18T00:00:00Z,142406151.5694347
2019-11-17T00:00:00Z,145258379.244969
2019-11-16T00:00:00Z,140542706.38778502
2019-11-15T00:00:00Z,151074075.369504
2019-11-14T00:00:00Z,148873550.08886552
2019-11-13T00:00:00Z,149352052.2341262
2019-11-12T00:00:00Z,139747179.91777
2019-11-11T00:00:00Z,135860352.85075998
2019-11-10T00:00:00Z,139709849.51563102
2019-11-09T00:00:00Z,130576691.42266625
2019-11-08T00:00:00Z,131754817.066163
2019-11-07T00:00:00Z,139607203.9160674
2019-11-06T00:00:00Z,133370498.6762324
2019-11-05T00:00:00Z,134194249.59504
2019-11-04T00:00:00Z,127512341.53312142
2019-11-03T00:00:00Z,118532701.42354809
2019-11-02T00:00:00Z,118893719.28523462
2019-11-01T00:00:00Z,120115240.76199825
2019-10-31T00:00:00Z,117384421.839285
2019-10-30T00:00:00Z,119640932.693564
2019-10-29T00:00:00Z,131256407.30963296
2019-10-28T00:00:00Z,109149234.8453263
2019-10-27T00:00:00Z,108823726.70558634
2019-10-26T00:00:00Z,99134591.04444961
2019-10-25T00:00:00Z,110536616.288278
2019-10-24T00:00:00Z,105155864.3988992
2019-10-23T00:00:00Z,102856800.19178376
2019-10-22T00:00:00Z,116076004.61264825
2019-10-21T00:00:00Z,112861559.012588
2019-10-20T00:00:00Z,108514511.92533709
2019-10-19T00:00:00Z,109929712.00795409
2019-10-18T00:00:00Z,110385477.09687588
2019-10-17T00:00:00Z,113435372.4922498
2019-10-16T00:00:00Z,113182064.41311462
2019-10-15T00:00:00Z,114260290.07596125
2019-10-14T00:00:00Z,117056224.82168953
2019-10-13T00:00:00Z,110032958.0906375
2019-10-12T00:00:00Z,110417915.70292449
2019-10-11T00:00:00Z,115136925.71113385
2019-10-10T00:00:00Z,126972552.78735186
2019-10-09T00:00:00Z,132365689.883377
2019-10-08T00:00:00Z,113923574.44520141
2019-10-07T00:00:00Z,111225228.87956059
2019-10-06T00:00:00Z,105388475.3322624
2019-10-05T00:00:00Z,108286309.8924848
2019-10-04T00:00:00Z,110039099.79519999
2019-10-03T00:00:00Z,103211469.15775919
2019-10-02T00:00:00Z,100767063.8382757
2019-10-01T00:00:00Z,97515020.7916494
2019-09-30T00:00:00Z,102490435.562033
2019-09-29T00:00:00Z,92729563.71575859
2019-09-28T00:00:00Z,97143093.59401
2019-09-27T00:00:00Z,98684810.20825541
2019-09-26T00:00:00Z,92263706.72575039
2019-09-25T00:00:00Z,98936653.38813224
2019-09-24T00:00:00Z,112336048.3639315
2019-09-23T00:00:00Z,152784255.505779
2019-09-22T00:00:00Z,169891823.74570966
2019-09-21T00:00:00Z,178864705.6033275
2019-09-20T00:00:00Z,180278645.13446298
2019-09-19T00:00:00Z,175812068.79604924
2019-09-18T00:00:00Z,168282423.90305376
2019-09-17T00:00:00Z,163357355.83804342
2019-09-16T00:00:00Z,164783718.2058517
2019-09-15T00:00:00Z,154497524.9943844
2019-09-14T00:00:00Z,153181902.473728
2019-09-13T00:00:00Z,134755995.51007798
2019-09-12T00:00:00Z,135425913.66843843
2019-09-11T00:00:00Z,128723140.08283
2019-09-10T00:00:00Z,131674906.1797157
2019-09-09T00:00:00Z,130643185.29803489
2019-09-08T00:00:00Z,128258487.10425459
2019-09-07T00:00:00Z,136846813.055832
2019-09-06T00:00:00Z,121109353.7690166
2019-09-05T00:00:00Z,120084436.732794
2019-09-04T00:00:00Z,92223853.86722499
2019-09-03T00:00:00Z,97360989.89109375
2019-09-02T00:00:00Z,103201688.30596
2019-09-01T00:00:00Z,82193621.1764
2019-08-31T00:00:00Z,83282913.61772078
2019-08-30T00:00:00Z,81263957.5744946
2019-08-29T00:00:00Z,78262945.35985462
2019-08-28T00:00:00Z,83551225.6421575
2019-08-27T00:00:00Z,85537071.70671825
2019-08-26T00:00:00Z,81522473.87246701
2019-08-25T00:00:00Z,89628147.21382119
2019-08-24T00:00:00Z,86010711.01529878
2019-08-23T00:00:00Z,88644420.7946225
2019-08-22T00:00:00Z,87157880.948352
2019-08-21T00:00:00Z,82236460.0095242
2019-08-20T00:00:00Z,89236490.9031975
2019-08-19T00:00:00Z,91436993.95518799
2019-08-18T00:00:00Z,89441602.42844959
2019-08-17T00:00:00Z,82958896.95814699
2019-08-16T00:00:00Z,83390446.42511776
2019-08-15T00:00:00Z,81563275.12876564
2019-08-14T00:00:00Z,79927947.1823504
2019-08-13T00:00:00Z,88956312.144855
2019-08-12T00:00:00Z,96073359.6180065
2019-08-11T00:00:00Z,102851312.2908675
2019-08-10T00:00:00Z,92328055.81766549
2019-08-09T00:00:00Z,102905871.67879298
2019-08-08T00:00:00Z,110576921.15939562
2019-08-07T00:00:00Z,108836469.01515186
2019-08-06T00:00:00Z,108397339.05994137
2019-08-05T00:00:00Z,114309916.7543936
2019-08-04T00:00:00Z,93918660.02909839
2019-08-03T00:00:00Z,92561028.9788283
2019-08-02T00:00:00Z,93127518.75678875
2019-08-01T00:00:00Z,89908990.69545361
2019-07-31T00:00:00Z,85641598.60433179
2019-07-30T00:00:00Z,81726670.37278983
2019-07-29T00:00:00Z,74933861.7922523
2019-07-28T00:00:00Z,76314703.66869661
2019-07-27T00:00:00Z,76351388.14673555
2019-07-26T00:00:00Z,84981119.300961
2019-07-25T00:00:00Z,76419915.08515841
2019-07-24T00:00:00Z,75538653.95536
2019-07-23T00:00:00Z,78395001.13053599
2019-07-22T00:00:00Z,81671689.1602594
2019-07-21T00:00:00Z,82475208.60530879
2019-07-20T00:00:00Z,89118018.70901759
2019-07-19T00:00:00Z,77612169.97309676
2019-07-18T00:00:00Z,82658028.97313093
2019-07-17T00:00:00Z,75603572.8599168
2019-07-16T00:00:00Z,77066059.92458375
2019-07-15T00:00:00Z,95703188.43632571
2019-07-14T00:00:00Z,115386455.515617
2019-07-13T00:00:00Z,162709932.06937858
2019-07-12T00:00:00Z,172873970.43671998
2019-07-11T00:00:00Z,159767549.264842
2019-07-10T00:00:00Z,191001387.91789135
2019-07-09T00:00:00Z,206832028.856757
2019-07-08T00:00:00Z,199351290.547645
2019-07-07T00:00:00Z,188806808.20687357
2019-07-06T00:00:00Z,164909994.85065106
2019-07-05T00:00:00Z,169331916.7434924
2019-07-04T00:00:00Z,173631137.45512673
2019-07-03T00:00:00Z,194568497.59738824
2019-07-02T00:00:00Z,175060173.762005
2019-07-01T00:00:00Z,169444620.8590164
2019-06-30T00:00:00Z,160553070.99290735
2019-06-29T00:00:00Z,192643370.1404351
2019-06-28T00:00:00Z,200334792.254292
2019-06-27T00:00:00Z,181880769.73290345
2019-06-26T00:00:00Z,245992108.11361748
2019-06-25T00:00:00Z,231442896.8794709
2019-06-24T00:00:00Z,212163914.29407248
2019-06-23T00:00:00Z,221549334.1287762
2019-06-22T00:00:00Z,225666033.3338327
2019-06-21T00:00:00Z,220670296.270522
2019-06-20T00:00:00Z,189739763.7177675
2019-06-19T00:00:00Z,176993011.642662
2019-06-18T00:00:00Z,162838826.5359132
2019-06-17T00:00:00Z,187613075.82009324
2019-06-16T00:00:00Z,166516481.78002757
2019-06-15T00:00:00Z,181807471.45754
2019-06-14T00:00:00Z,169945012.61254445
2019-06-13T00:00:00Z,143499098.0942275
2019-06-12T00:00:00Z,153918392.877531
2019-06-11T00:00:00Z,141519219.74778748
2019-06-10T00:00:00Z,148056769.07646176
2019-06-09T00:00:00Z,129154890.7980144
2019-06-08T00:00:00Z,137795286.54825324
2019-06-07T00:00:00Z,145697228.0432762
2019-06-06T00:00:00Z,129001417.679889
2019-06-05T00:00:00Z,125382291.01852566
2019-06-04T00:00:00Z,128065812.036848
2019-06-03T00:00:00Z,148308114.5977504
2019-06-02T00:00:00Z,169107410.7480958
2019-06-01T00:00:00Z,165321082.581256
2019-05-31T00:00:00Z,157420559.16025186
2019-05-30T00:00:00Z,161628060.5433813
2019-05-29T00:00:00Z,194324167.42839512
2019-05-28T00:00:00Z,201407597.7493885
2019-05-27T00:00:00Z,212238959.6573045
2019-05-26T00:00:00Z,212613359.674788
2019-05-25T00:00:00Z,186020454.6877281
2019-05-24T00:00:00Z,166271686.99057874
2019-05-23T00:00:00Z,152493051.16020828
2019-05-22T00:00:00Z,152008677.45343894
2019-05-21T00:00:00Z,180276902.64366078
2019-05-20T00:00:00Z,164293243.27604705
2019-05-19T00:00:00Z,175115054.5378984
2019-05-18T00:00:00Z,139638214.5244424
2019-05-17T00:00:00Z,149351105.03339
2019-05-16T00:00:00Z,222829186.9837837
2019-05-15T00:00:00Z,215458445.607936
2019-05-14T00:00:00Z,169770817.74078718
2019-05-13T00:00:00Z,156173953.74994
2019-05-12T00:00:00Z,135762011.06931305
2019-05-11T00:00:00Z,155778554.0129247
2019-05-10T00:00:00Z,125762363.41213672
2019-05-09T00:00:00Z,130827457.19888958
2019-05-08T00:00:00Z,129130626.7087232
2019-05-07T00:00:00Z,125927007.71536374
2019-05-06T00:00:00Z,138732259.83129525
2019-05-05T00:00:00Z,115444393.85528238
2019-05-04T00:00:00Z,120732123.20017
2019-05-03T00:00:00Z,131813960.00571258
2019-05-02T00:00:00Z,115773293.95879686
2019-05-01T00:00:00Z,113320075.92022648
2019-04-30T00:00:00Z,116892168.3453995
2019-04-29T00:00:00Z,112946095.23830378
2019-04-28T00:00:00Z,108029669.97823612
2019-04-27T00:00:00Z,110666281.049362
2019-04-26T00:00:00Z,109251000.14163156
2019-04-25T00:00:00Z,102756314.86512163
2019-04-24T00:00:00Z,138539756.108928
2019-04-23T00:00:00Z,141052630.8514455
2019-04-22T00:00:00Z,140129053.540954
2019-04-21T00:00:00Z,140517981.97287288
2019-04-20T00:00:00Z,138973141.089832
2019-04-19T00:00:00Z,139858603.1858168
2019-04-18T00:00:00Z,141918012.17008838
2019-04-17T00:00:00Z,131829140.736243
2019-04-16T00:00:00Z,129288446.1743014
2019-04-15T00:00:00Z,121327932.636342
2019-04-14T00:00:00Z,130273302.502596
2019-04-13T00:00:00Z,120989831.39631364
2019-04-12T00:00:00Z,118586590.9964946
2019-04-11T00:00:00Z,127293639.6156724
2019-04-10T00:00:00Z,124161971.174969
2019-04-09T00:00:00Z,119456097.7809112
2019-04-08T00:00:00Z,122849498.068826
2019-04-07T00:00:00Z,121133373.79046184
2019-04-06T00:00:00Z,121452462.2551764
2019-04-05T00:00:00Z,122479109.38398638
2019-04-04T00:00:00Z,110688843.8051856
2019-04-03T00:00:00Z,102685089.30730148
2019-04-02T00:00:00Z,130456846.1292044
2019-04-01T00:00:00Z,105975511.2214462
2019-03-31T00:00:00Z,109172772.8283936
2019-03-30T00:00:00Z,102936575.0864352
