Datetime,Funding Rates
2025-05-06T00:00:00Z,0.00597201
2025-05-05T00:00:00Z,-0.00032265
2025-05-04T00:00:00Z,-0.0028097
2025-05-03T00:00:00Z,0.00625127
2025-05-02T00:00:00Z,0.00608135
2025-05-01T00:00:00Z,0.00791414
2025-04-30T00:00:00Z,0.00334864
2025-04-29T00:00:00Z,0.00418197
2025-04-28T00:00:00Z,0.00482415
2025-04-27T00:00:00Z,0.005874
2025-04-26T00:00:00Z,0.00596623
2025-04-25T00:00:00Z,0.00651165
2025-04-24T00:00:00Z,0.00977104
2025-04-23T00:00:00Z,0.00919628
2025-04-22T00:00:00Z,0.00510794
2025-04-21T00:00:00Z,0.00692452
2025-04-20T00:00:00Z,0.00851206
2025-04-19T00:00:00Z,0.01347235
2025-04-18T00:00:00Z,0.00731719
2025-04-17T00:00:00Z,0.00901917
2025-04-16T00:00:00Z,0.00439951
2025-04-15T00:00:00Z,0.00294748
2025-04-14T00:00:00Z,0.00862676
2025-04-13T00:00:00Z,0.00434665
2025-04-12T00:00:00Z,0.00828958
2025-04-11T00:00:00Z,0.00649823
2025-04-10T00:00:00Z,0.01213305
2025-04-09T00:00:00Z,0.00849534
2025-04-08T00:00:00Z,0.00579598
2025-04-07T00:00:00Z,0.00193282
2025-04-06T00:00:00Z,0.00347632
2025-04-05T00:00:00Z,0.00757686
2025-04-04T00:00:00Z,0.01445574
2025-04-03T00:00:00Z,0.01447326
2025-04-02T00:00:00Z,0.01115206
2025-04-01T00:00:00Z,0.01022881
2025-03-31T00:00:00Z,0.00357915
2025-03-30T00:00:00Z,0.00075218
2025-03-29T00:00:00Z,0.00662224
2025-03-28T00:00:00Z,0.00748148
2025-03-27T00:00:00Z,0.0054077
2025-03-26T00:00:00Z,0.00249233
2025-03-25T00:00:00Z,0.0011282
2025-03-24T00:00:00Z,0.00501464
2025-03-23T00:00:00Z,0.00317277
2025-03-22T00:00:00Z,0.00407746
2025-03-21T00:00:00Z,0.00699813
2025-03-20T00:00:00Z,0.00726172
2025-03-19T00:00:00Z,0.00747953
2025-03-18T00:00:00Z,0.00748445
2025-03-17T00:00:00Z,0.0113274
2025-03-16T00:00:00Z,0.00327382
2025-03-15T00:00:00Z,0.00519957
2025-03-14T00:00:00Z,0.01267392
2025-03-13T00:00:00Z,0.00844199
2025-03-12T00:00:00Z,0.00753089
2025-03-11T00:00:00Z,0.00712543
2025-03-10T00:00:00Z,0.00960486
2025-03-09T00:00:00Z,0.00024488
2025-03-08T00:00:00Z,0.01160908
2025-03-07T00:00:00Z,0.00868467
2025-03-06T00:00:00Z,0.00325416
2025-03-05T00:00:00Z,0.00668573
2025-03-04T00:00:00Z,0.00654645
2025-03-03T00:00:00Z,0.00947098
2025-03-02T00:00:00Z,0.00336959
2025-03-01T00:00:00Z,0.00343671
2025-02-28T00:00:00Z,0.01067516
2025-02-27T00:00:00Z,0.01708963
2025-02-26T00:00:00Z,0.01010852
2025-02-25T00:00:00Z,0.01134519
2025-02-24T00:00:00Z,0.00459768
2025-02-23T00:00:00Z,0.0026884
2025-02-22T00:00:00Z,0.0061762
2025-02-21T00:00:00Z,0.0059717
2025-02-20T00:00:00Z,0.00564091
2025-02-19T00:00:00Z,0.00780437
2025-02-18T00:00:00Z,0.00683506
2025-02-17T00:00:00Z,0.00580505
2025-02-16T00:00:00Z,0.0063771
2025-02-15T00:00:00Z,0.00481633
2025-02-14T00:00:00Z,0.00639589
2025-02-13T00:00:00Z,0.00834586
2025-02-12T00:00:00Z,0.00785062
2025-02-11T00:00:00Z,0.00938026
2025-02-10T00:00:00Z,0.00664103
2025-02-09T00:00:00Z,0.00459939
2025-02-08T00:00:00Z,0.00903947
2025-02-07T00:00:00Z,0.00399674
2025-02-06T00:00:00Z,0.00387574
2025-02-05T00:00:00Z,0.00500272
2025-02-04T00:00:00Z,0.00341129
2025-02-03T00:00:00Z,-0.00192981
2025-02-02T00:00:00Z,0.00657604
2025-02-01T00:00:00Z,0.00993891
2025-01-31T00:00:00Z,0.01062745
2025-01-30T00:00:00Z,0.01290957
2025-01-29T00:00:00Z,0.00902199
2025-01-28T00:00:00Z,0.00673681
2025-01-27T00:00:00Z,0.00660578
2025-01-26T00:00:00Z,0.00781324
2025-01-25T00:00:00Z,0.0097045
2025-01-24T00:00:00Z,0.0111453
2025-01-23T00:00:00Z,0.00709827
2025-01-22T00:00:00Z,0.00784942
2025-01-21T00:00:00Z,0.01312186
2025-01-20T00:00:00Z,0.0182967
2025-01-19T00:00:00Z,0.02375195
2025-01-18T00:00:00Z,0.01738739
2025-01-17T00:00:00Z,0.02478719
2025-01-16T00:00:00Z,0.01877789
2025-01-15T00:00:00Z,0.01049816
2025-01-14T00:00:00Z,0.01112056
2025-01-13T00:00:00Z,0.00752767
2025-01-12T00:00:00Z,0.01440207
2025-01-11T00:00:00Z,0.0091565
2025-01-10T00:00:00Z,0.00804068
2025-01-09T00:00:00Z,0.00727764
2025-01-08T00:00:00Z,0.00657029
2025-01-07T00:00:00Z,0.00717064
2025-01-06T00:00:00Z,0.00991848
2025-01-05T00:00:00Z,0.00906482
2025-01-04T00:00:00Z,0.0085348
2025-01-03T00:00:00Z,0.00946756
2025-01-02T00:00:00Z,0.0193415
2025-01-01T00:00:00Z,0.01684309
2024-12-31T00:00:00Z,0.01146177
2024-12-30T00:00:00Z,0.01564284
2024-12-29T00:00:00Z,0.00827462
2024-12-28T00:00:00Z,0.01039952
2024-12-27T00:00:00Z,0.01560198
2024-12-26T00:00:00Z,0.01344722
2024-12-25T00:00:00Z,0.00770502
2024-12-24T00:00:00Z,0.0096659
2024-12-23T00:00:00Z,0.01536289
2024-12-22T00:00:00Z,0.01259582
2024-12-21T00:00:00Z,0.0076746
2024-12-20T00:00:00Z,0.01623103
2024-12-19T00:00:00Z,0.01423951
2024-12-18T00:00:00Z,0.01418708
2024-12-17T00:00:00Z,0.02237966
2024-12-16T00:00:00Z,0.02791947
2024-12-15T00:00:00Z,0.01533827
2024-12-14T00:00:00Z,0.0114551
2024-12-13T00:00:00Z,0.01289913
2024-12-12T00:00:00Z,0.01644027
2024-12-11T00:00:00Z,0.01529508
2024-12-10T00:00:00Z,0.02181382
2024-12-09T00:00:00Z,0.03098994
2024-12-08T00:00:00Z,0.03505695
2024-12-07T00:00:00Z,0.03656297
2024-12-06T00:00:00Z,0.03258551
2024-12-05T00:00:00Z,0.0484914
2024-12-04T00:00:00Z,0.02978846
2024-12-03T00:00:00Z,0.0335083
2024-12-02T00:00:00Z,0.04026755
2024-12-01T00:00:00Z,0.02677281
2024-11-30T00:00:00Z,0.02744465
2024-11-29T00:00:00Z,0.03094409
2024-11-28T00:00:00Z,0.02628601
2024-11-27T00:00:00Z,0.03229464
2024-11-26T00:00:00Z,0.0262405
2024-11-25T00:00:00Z,0.0362749
2024-11-24T00:00:00Z,0.0345111
2024-11-23T00:00:00Z,0.03828661
2024-11-22T00:00:00Z,0.03575972
2024-11-21T00:00:00Z,0.03328793
2024-11-20T00:00:00Z,0.02747243
2024-11-19T00:00:00Z,0.03830113
2024-11-18T00:00:00Z,0.03836969
2024-11-17T00:00:00Z,0.02746845
2024-11-16T00:00:00Z,0.0281176
2024-11-15T00:00:00Z,0.02362547
2024-11-14T00:00:00Z,0.03218905
2024-11-13T00:00:00Z,0.02457848
2024-11-12T00:00:00Z,0.04339458
2024-11-11T00:00:00Z,0.02535939
2024-11-10T00:00:00Z,0.02887775
2024-11-09T00:00:00Z,0.02091028
2024-11-08T00:00:00Z,0.01834088
2024-11-07T00:00:00Z,0.01788267
2024-11-06T00:00:00Z,0.01116293
2024-11-05T00:00:00Z,0.00681704
2024-11-04T00:00:00Z,0.00985692
2024-11-03T00:00:00Z,0.00646224
2024-11-02T00:00:00Z,0.005083
2024-11-01T00:00:00Z,0.00819722
2024-10-31T00:00:00Z,0.00884719
2024-10-30T00:00:00Z,0.01628592
2024-10-29T00:00:00Z,0.01416614
2024-10-28T00:00:00Z,0.0140465
2024-10-27T00:00:00Z,0.01310481
2024-10-26T00:00:00Z,0.01194392
2024-10-25T00:00:00Z,0.01003145
2024-10-24T00:00:00Z,0.01184104
2024-10-23T00:00:00Z,0.00932564
2024-10-22T00:00:00Z,0.00977952
2024-10-21T00:00:00Z,0.01726919
2024-10-20T00:00:00Z,0.01129084
2024-10-19T00:00:00Z,0.00622607
2024-10-18T00:00:00Z,0.00888983
2024-10-17T00:00:00Z,0.011294
2024-10-16T00:00:00Z,0.0111346
2024-10-15T00:00:00Z,0.01251898
2024-10-14T00:00:00Z,0.01738783
2024-10-13T00:00:00Z,0.01078874
2024-10-12T00:00:00Z,0.00850335
2024-10-11T00:00:00Z,0.01034062
2024-10-10T00:00:00Z,0.01134832
2024-10-09T00:00:00Z,0.01037587
2024-10-08T00:00:00Z,0.01009971
2024-10-07T00:00:00Z,0.01204243
2024-10-06T00:00:00Z,0.0122861
2024-10-05T00:00:00Z,0.0103875
2024-10-04T00:00:00Z,0.00653698
2024-10-03T00:00:00Z,0.00599958
2024-10-02T00:00:00Z,0.00563493
2024-10-01T00:00:00Z,0.01352946
2024-09-30T00:00:00Z,0.00901385
2024-09-29T00:00:00Z,0.0076899
2024-09-28T00:00:00Z,0.00691643
2024-09-27T00:00:00Z,0.00484715
2024-09-26T00:00:00Z,0.00852093
2024-09-25T00:00:00Z,0.01081261
2024-09-24T00:00:00Z,0.00890652
2024-09-23T00:00:00Z,0.00931459
2024-09-22T00:00:00Z,0.0095503
2024-09-21T00:00:00Z,0.01003695
2024-09-20T00:00:00Z,0.01381234
2024-09-19T00:00:00Z,0.01246762
2024-09-18T00:00:00Z,0.01127028
2024-09-17T00:00:00Z,0.0130423
2024-09-16T00:00:00Z,0.00515944
2024-09-15T00:00:00Z,0.00673927
2024-09-14T00:00:00Z,0.00838507
2024-09-13T00:00:00Z,0.00708724
2024-09-12T00:00:00Z,0.00777793
2024-09-11T00:00:00Z,0.00649547
2024-09-10T00:00:00Z,0.00645968
2024-09-09T00:00:00Z,0.00449758
2024-09-08T00:00:00Z,0.00425234
2024-09-07T00:00:00Z,0.00395368
2024-09-06T00:00:00Z,0.00714904
2024-09-05T00:00:00Z,0.00496005
2024-09-04T00:00:00Z,0.00434702
2024-09-03T00:00:00Z,0.00813751
2024-09-02T00:00:00Z,0.00677308
2024-09-01T00:00:00Z,0.00494255
2024-08-31T00:00:00Z,0.00639432
2024-08-30T00:00:00Z,0.0068722
2024-08-29T00:00:00Z,0.00442518
2024-08-28T00:00:00Z,0.0008838
2024-08-27T00:00:00Z,0.00433932
2024-08-26T00:00:00Z,0.00696825
2024-08-25T00:00:00Z,0.0089319
2024-08-24T00:00:00Z,0.00672835
2024-08-23T00:00:00Z,0.01080574
2024-08-22T00:00:00Z,0.00579342
2024-08-21T00:00:00Z,0.00578993
2024-08-20T00:00:00Z,0.0042359
2024-08-19T00:00:00Z,0.00157865
2024-08-18T00:00:00Z,0.00545564
2024-08-17T00:00:00Z,0.00415701
2024-08-16T00:00:00Z,0.00524638
2024-08-15T00:00:00Z,0.00765764
2024-08-14T00:00:00Z,0.00475741
2024-08-13T00:00:00Z,0.00621337
2024-08-12T00:00:00Z,0.00846561
2024-08-11T00:00:00Z,0.00418306
2024-08-10T00:00:00Z,0.00906305
2024-08-09T00:00:00Z,0.00698573
2024-08-08T00:00:00Z,0.00476646
2024-08-07T00:00:00Z,0.00075502
2024-08-06T00:00:00Z,0.00038086
2024-08-05T00:00:00Z,-0.01965162
2024-08-04T00:00:00Z,0.0066219
2024-08-03T00:00:00Z,0.01237565
2024-08-02T00:00:00Z,0.01337912
2024-08-01T00:00:00Z,0.02017104
2024-07-31T00:00:00Z,0.02330767
2024-07-30T00:00:00Z,0.01564363
2024-07-29T00:00:00Z,0.01813422
2024-07-28T00:00:00Z,0.01510672
2024-07-27T00:00:00Z,0.01100839
2024-07-26T00:00:00Z,0.00947844
2024-07-25T00:00:00Z,0.01140545
2024-07-24T00:00:00Z,0.00955266
2024-07-23T00:00:00Z,0.0089376
2024-07-22T00:00:00Z,0.00836359
2024-07-21T00:00:00Z,0.00587476
2024-07-20T00:00:00Z,0.00625268
2024-07-19T00:00:00Z,0.01112112
2024-07-18T00:00:00Z,0.00953066
2024-07-17T00:00:00Z,0.01418813
2024-07-16T00:00:00Z,0.013348
2024-07-15T00:00:00Z,0.00939613
2024-07-14T00:00:00Z,0.00594664
2024-07-13T00:00:00Z,0.0051691
2024-07-12T00:00:00Z,0.00599712
2024-07-11T00:00:00Z,0.00556068
2024-07-10T00:00:00Z,0.00861277
2024-07-09T00:00:00Z,0.00609391
2024-07-08T00:00:00Z,0.0083766
2024-07-07T00:00:00Z,0.00493031
2024-07-06T00:00:00Z,0.00628507
2024-07-05T00:00:00Z,0.00635029
2024-07-04T00:00:00Z,0.00525313
2024-07-03T00:00:00Z,0.00875412
2024-07-02T00:00:00Z,0.00921111
2024-07-01T00:00:00Z,0.01206009
2024-06-30T00:00:00Z,0.01037574
2024-06-29T00:00:00Z,0.01034003
2024-06-28T00:00:00Z,0.01137947
2024-06-27T00:00:00Z,0.01629016
2024-06-26T00:00:00Z,0.00843064
2024-06-25T00:00:00Z,0.00698212
2024-06-24T00:00:00Z,0.00733467
2024-06-23T00:00:00Z,0.00882974
2024-06-22T00:00:00Z,0.00659183
2024-06-21T00:00:00Z,0.00753087
2024-06-20T00:00:00Z,0.0075599
2024-06-19T00:00:00Z,0.00773894
2024-06-18T00:00:00Z,0.00504006
2024-06-17T00:00:00Z,0.00823463
2024-06-16T00:00:00Z,0.01075718
2024-06-15T00:00:00Z,0.0085545
2024-06-14T00:00:00Z,0.01158228
2024-06-13T00:00:00Z,0.0107559
2024-06-12T00:00:00Z,0.01042226
2024-06-11T00:00:00Z,0.00940626
2024-06-10T00:00:00Z,0.01094365
2024-06-09T00:00:00Z,0.01197166
2024-06-08T00:00:00Z,0.01547662
2024-06-07T00:00:00Z,0.02148837
2024-06-06T00:00:00Z,0.01858911
2024-06-05T00:00:00Z,0.02235796
2024-06-04T00:00:00Z,0.01292694
2024-06-03T00:00:00Z,0.01700495
2024-06-02T00:00:00Z,0.01292786
2024-06-01T00:00:00Z,0.02187129
2024-05-31T00:00:00Z,0.01558433
2024-05-30T00:00:00Z,0.01360124
2024-05-29T00:00:00Z,0.02080494
2024-05-28T00:00:00Z,0.02491558
2024-05-27T00:00:00Z,0.01997403
2024-05-26T00:00:00Z,0.01817622
2024-05-25T00:00:00Z,0.01448505
2024-05-24T00:00:00Z,0.01848406
2024-05-23T00:00:00Z,0.02474821
2024-05-22T00:00:00Z,0.02075382
2024-05-21T00:00:00Z,0.03572075
2024-05-20T00:00:00Z,0.00995582
2024-05-19T00:00:00Z,0.01059323
2024-05-18T00:00:00Z,0.00875022
2024-05-17T00:00:00Z,0.00910789
2024-05-16T00:00:00Z,0.01006835
2024-05-15T00:00:00Z,0.01117624
2024-05-14T00:00:00Z,0.01008771
2024-05-13T00:00:00Z,0.01003072
2024-05-12T00:00:00Z,0.00797816
2024-05-11T00:00:00Z,0.01027552
2024-05-10T00:00:00Z,0.00979283
2024-05-09T00:00:00Z,0.01707322
2024-05-08T00:00:00Z,0.01054585
2024-05-07T00:00:00Z,0.01100102
2024-05-06T00:00:00Z,0.01243077
2024-05-05T00:00:00Z,0.01109009
2024-05-04T00:00:00Z,0.0146046
2024-05-03T00:00:00Z,0.00520565
2024-05-02T00:00:00Z,0.00176682
2024-05-01T00:00:00Z,0.00766334
2024-04-30T00:00:00Z,0.01073643
2024-04-29T00:00:00Z,0.01231805
2024-04-28T00:00:00Z,0.0196068
2024-04-27T00:00:00Z,0.01726139
2024-04-26T00:00:00Z,0.01316477
2024-04-25T00:00:00Z,0.01641826
2024-04-24T00:00:00Z,0.01852468
2024-04-23T00:00:00Z,0.00744965
2024-04-22T00:00:00Z,0.01334697
2024-04-21T00:00:00Z,0.01095529
2024-04-20T00:00:00Z,0.0081117
2024-04-19T00:00:00Z,0.0086647
2024-04-18T00:00:00Z,0.01030625
2024-04-17T00:00:00Z,0.01303291
2024-04-16T00:00:00Z,0.01564
2024-04-15T00:00:00Z,0.00837624
2024-04-14T00:00:00Z,0.00292708
2024-04-13T00:00:00Z,0.01185215
2024-04-12T00:00:00Z,0.02422661
2024-04-11T00:00:00Z,0.0233681
2024-04-10T00:00:00Z,0.02402952
2024-04-09T00:00:00Z,0.02197826
2024-04-08T00:00:00Z,0.03272487
2024-04-07T00:00:00Z,0.02306733
2024-04-06T00:00:00Z,0.01563464
2024-04-05T00:00:00Z,0.01873701
2024-04-04T00:00:00Z,0.0209698
2024-04-03T00:00:00Z,0.01852726
2024-04-02T00:00:00Z,0.0247846
2024-04-01T00:00:00Z,0.05804517
2024-03-31T00:00:00Z,0.06515247
2024-03-30T00:00:00Z,0.02780283
2024-03-29T00:00:00Z,0.0353337
2024-03-28T00:00:00Z,0.05569457
2024-03-27T00:00:00Z,0.04742371
2024-03-26T00:00:00Z,0.04607947
2024-03-25T00:00:00Z,0.02622832
2024-03-24T00:00:00Z,0.01880367
2024-03-23T00:00:00Z,0.01833339
2024-03-22T00:00:00Z,0.01968901
2024-03-21T00:00:00Z,0.01806805
2024-03-20T00:00:00Z,0.0164548
2024-03-19T00:00:00Z,0.02636578
2024-03-18T00:00:00Z,0.03668779
2024-03-17T00:00:00Z,0.04462894
2024-03-16T00:00:00Z,0.05032366
2024-03-15T00:00:00Z,0.05854156
2024-03-14T00:00:00Z,0.05531439
2024-03-13T00:00:00Z,0.0561382
2024-03-12T00:00:00Z,0.07211862
2024-03-11T00:00:00Z,0.07973797
2024-03-10T00:00:00Z,0.0512025
2024-03-09T00:00:00Z,0.04000162
2024-03-08T00:00:00Z,0.04924436
2024-03-07T00:00:00Z,0.04093454
2024-03-06T00:00:00Z,0.05261299
2024-03-05T00:00:00Z,0.11831259
2024-03-04T00:00:00Z,0.07081858
2024-03-03T00:00:00Z,0.04454995
2024-03-02T00:00:00Z,0.04902765
2024-03-01T00:00:00Z,0.06464054
2024-02-29T00:00:00Z,0.09250962
2024-02-28T00:00:00Z,0.04793476
2024-02-27T00:00:00Z,0.05067896
2024-02-26T00:00:00Z,0.03021141
2024-02-25T00:00:00Z,0.02433013
2024-02-24T00:00:00Z,0.01970235
2024-02-23T00:00:00Z,0.01297464
2024-02-22T00:00:00Z,0.02974095
2024-02-21T00:00:00Z,0.0229937
2024-02-20T00:00:00Z,0.02534171
2024-02-19T00:00:00Z,0.0337421
2024-02-18T00:00:00Z,0.02245409
2024-02-17T00:00:00Z,0.01722179
2024-02-16T00:00:00Z,0.02597005
2024-02-15T00:00:00Z,0.03188017
2024-02-14T00:00:00Z,0.02096637
2024-02-13T00:00:00Z,0.03289175
2024-02-12T00:00:00Z,0.01996653
2024-02-11T00:00:00Z,0.01706432
2024-02-10T00:00:00Z,0.00759911
2024-02-09T00:00:00Z,0.02130691
2024-02-08T00:00:00Z,0.01982088
2024-02-07T00:00:00Z,0.00825481
2024-02-06T00:00:00Z,0.01647401
2024-02-05T00:00:00Z,0.01380709
2024-02-04T00:00:00Z,0.0103999
2024-02-03T00:00:00Z,0.01159898
2024-02-02T00:00:00Z,0.01037148
2024-02-01T00:00:00Z,0.01363599
2024-01-31T00:00:00Z,0.01546626
2024-01-30T00:00:00Z,0.01204349
2024-01-29T00:00:00Z,0.01453366
2024-01-28T00:00:00Z,0.01070193
2024-01-27T00:00:00Z,0.00825456
2024-01-26T00:00:00Z,0.01102754
2024-01-25T00:00:00Z,0.01357818
2024-01-24T00:00:00Z,0.01199135
2024-01-23T00:00:00Z,0.01341984
2024-01-22T00:00:00Z,0.01369593
2024-01-21T00:00:00Z,0.00947758
2024-01-20T00:00:00Z,0.01251513
2024-01-19T00:00:00Z,0.0206634
2024-01-18T00:00:00Z,0.01778937
2024-01-17T00:00:00Z,0.00946701
2024-01-16T00:00:00Z,0.01403908
2024-01-15T00:00:00Z,0.02113976
2024-01-14T00:00:00Z,0.01706342
2024-01-13T00:00:00Z,0.01092299
2024-01-12T00:00:00Z,0.0166852
2024-01-11T00:00:00Z,0.02565696
2024-01-10T00:00:00Z,0.02184759
2024-01-09T00:00:00Z,0.01422672
2024-01-08T00:00:00Z,0.01129482
2024-01-07T00:00:00Z,0.00941502
2024-01-06T00:00:00Z,0.01132977
2024-01-05T00:00:00Z,0.01052831
2024-01-04T00:00:00Z,0.00885342
2024-01-03T00:00:00Z,0.01120561
2024-01-02T00:00:00Z,0.05391359
2024-01-01T00:00:00Z,0.03502752
2023-12-31T00:00:00Z,0.03297219
2023-12-30T00:00:00Z,0.03396314
2023-12-29T00:00:00Z,0.03204889
2023-12-28T00:00:00Z,0.05132913
2023-12-27T00:00:00Z,0.03167604
2023-12-26T00:00:00Z,0.05427239
2023-12-25T00:00:00Z,0.03470038
2023-12-24T00:00:00Z,0.02313027
2023-12-23T00:00:00Z,0.019369
2023-12-22T00:00:00Z,0.03837712
2023-12-21T00:00:00Z,0.03066006
2023-12-20T00:00:00Z,0.01870577
2023-12-19T00:00:00Z,0.01803148
2023-12-18T00:00:00Z,0.02967418
2023-12-17T00:00:00Z,0.03001025
2023-12-16T00:00:00Z,0.0198453
2023-12-15T00:00:00Z,0.02296945
2023-12-14T00:00:00Z,0.01387394
2023-12-13T00:00:00Z,0.03031212
2023-12-12T00:00:00Z,0.02452768
2023-12-11T00:00:00Z,0.02127446
2023-12-10T00:00:00Z,0.0339306
2023-12-09T00:00:00Z,0.03370618
2023-12-08T00:00:00Z,0.03146052
2023-12-07T00:00:00Z,0.01841987
2023-12-06T00:00:00Z,0.02325857
2023-12-05T00:00:00Z,0.0258269
2023-12-04T00:00:00Z,0.03576788
2023-12-03T00:00:00Z,0.03437278
2023-12-02T00:00:00Z,0.01460362
2023-12-01T00:00:00Z,0.01681492
2023-11-30T00:00:00Z,0.01431472
2023-11-29T00:00:00Z,0.01568919
2023-11-28T00:00:00Z,0.01530595
2023-11-27T00:00:00Z,0.01202277
2023-11-26T00:00:00Z,0.01949837
2023-11-25T00:00:00Z,0.01401682
2023-11-24T00:00:00Z,0.02133051
2023-11-23T00:00:00Z,0.01885245
2023-11-22T00:00:00Z,0.01224134
2023-11-21T00:00:00Z,0.0159146
2023-11-20T00:00:00Z,0.01636679
2023-11-19T00:00:00Z,0.00970909
2023-11-18T00:00:00Z,0.01253326
2023-11-17T00:00:00Z,0.01009528
2023-11-16T00:00:00Z,0.02807433
2023-11-15T00:00:00Z,0.0166637
2023-11-14T00:00:00Z,0.02480952
2023-11-13T00:00:00Z,0.03216126
2023-11-12T00:00:00Z,0.037144
2023-11-11T00:00:00Z,0.02091192
2023-11-10T00:00:00Z,0.04584948
2023-11-09T00:00:00Z,0.03459164
2023-11-08T00:00:00Z,0.0165453
2023-11-07T00:00:00Z,0.01238163
2023-11-06T00:00:00Z,0.01702712
2023-11-05T00:00:00Z,0.02168521
2023-11-04T00:00:00Z,0.00985252
2023-11-03T00:00:00Z,0.01212242
2023-11-02T00:00:00Z,0.023504
2023-11-01T00:00:00Z,0.02011179
2023-10-31T00:00:00Z,0.01353181
2023-10-30T00:00:00Z,0.01986933
2023-10-29T00:00:00Z,0.01655502
2023-10-28T00:00:00Z,0.01695761
2023-10-27T00:00:00Z,0.01571208
2023-10-26T00:00:00Z,0.01775669
2023-10-25T00:00:00Z,0.01634468
2023-10-24T00:00:00Z,0.03240148
2023-10-23T00:00:00Z,0.01394912
2023-10-22T00:00:00Z,0.00528222
2023-10-21T00:00:00Z,0.00505579
2023-10-20T00:00:00Z,0.00551759
2023-10-19T00:00:00Z,0.00381804
2023-10-18T00:00:00Z,0.00329135
2023-10-17T00:00:00Z,0.00278662
2023-10-16T00:00:00Z,0.00345932
2023-10-15T00:00:00Z,0.00497183
2023-10-14T00:00:00Z,0.00757856
2023-10-13T00:00:00Z,0.00615725
2023-10-12T00:00:00Z,0.00809376
2023-10-11T00:00:00Z,0.0067003
2023-10-10T00:00:00Z,0.00642227
2023-10-09T00:00:00Z,0.00566946
2023-10-08T00:00:00Z,0.00783025
2023-10-07T00:00:00Z,0.00369847
2023-10-06T00:00:00Z,0.00259728
2023-10-05T00:00:00Z,0.00412021
2023-10-04T00:00:00Z,0.00586809
2023-10-03T00:00:00Z,0.00494899
2023-10-02T00:00:00Z,0.00670012
2023-10-01T00:00:00Z,0.00449802
2023-09-30T00:00:00Z,0.00284604
2023-09-29T00:00:00Z,0.00381934
2023-09-28T00:00:00Z,0.00729644
2023-09-27T00:00:00Z,0.0132916
2023-09-26T00:00:00Z,0.00846422
2023-09-25T00:00:00Z,0.00278708
2023-09-24T00:00:00Z,0.00200435
2023-09-23T00:00:00Z,-0.00137246
2023-09-22T00:00:00Z,0.00227314
2023-09-21T00:00:00Z,0.00434979
2023-09-20T00:00:00Z,0.00442758
2023-09-19T00:00:00Z,0.00272767
2023-09-18T00:00:00Z,0.002662
2023-09-17T00:00:00Z,0.00287335
2023-09-16T00:00:00Z,0.00135427
2023-09-15T00:00:00Z,0.0022792
2023-09-14T00:00:00Z,-0.00042189
2023-09-13T00:00:00Z,-0.00006724
2023-09-12T00:00:00Z,-0.00220878
2023-09-11T00:00:00Z,0.00274137
2023-09-10T00:00:00Z,0.00297712
2023-09-09T00:00:00Z,0.00580977
2023-09-08T00:00:00Z,0.006652
2023-09-07T00:00:00Z,0.00666041
2023-09-06T00:00:00Z,0.00433842
2023-09-05T00:00:00Z,0.0066189
2023-09-04T00:00:00Z,0.00622386
2023-09-03T00:00:00Z,0.0039511
2023-09-02T00:00:00Z,0.00864821
2023-09-01T00:00:00Z,0.00873071
2023-08-31T00:00:00Z,0.00577283
2023-08-30T00:00:00Z,0.00674643
2023-08-29T00:00:00Z,0.00588449
2023-08-28T00:00:00Z,0.00688162
2023-08-27T00:00:00Z,0.00691088
2023-08-26T00:00:00Z,0.00403855
2023-08-25T00:00:00Z,0.00246773
2023-08-24T00:00:00Z,0.00337871
2023-08-23T00:00:00Z,0.00541752
2023-08-22T00:00:00Z,0.00492092
2023-08-21T00:00:00Z,0.00302958
2023-08-20T00:00:00Z,0.00051953
2023-08-19T00:00:00Z,0.0034621
2023-08-18T00:00:00Z,-0.00264302
2023-08-17T00:00:00Z,0.00311139
2023-08-16T00:00:00Z,0.00806103
2023-08-15T00:00:00Z,0.00314966
2023-08-14T00:00:00Z,0.01193167
2023-08-13T00:00:00Z,0.00368609
2023-08-12T00:00:00Z,0.00141266
2023-08-11T00:00:00Z,0.00534384
2023-08-10T00:00:00Z,0.01003289
2023-08-09T00:00:00Z,-0.02031468
2023-08-08T00:00:00Z,-0.03325294
2023-08-07T00:00:00Z,0.01595016
2023-08-06T00:00:00Z,0.00175595
2023-08-05T00:00:00Z,0.01482979
2023-08-04T00:00:00Z,0.01291513
2023-08-03T00:00:00Z,0.01346054
2023-08-02T00:00:00Z,0.01721254
2023-08-01T00:00:00Z,0.00592377
2023-07-31T00:00:00Z,0.00679435
2023-07-30T00:00:00Z,0.00436917
2023-07-29T00:00:00Z,0.00616343
2023-07-28T00:00:00Z,0.01234247
2023-07-27T00:00:00Z,0.00510314
2023-07-26T00:00:00Z,0.00896994
2023-07-25T00:00:00Z,0.00822633
2023-07-24T00:00:00Z,-0.00007132
2023-07-23T00:00:00Z,-0.00219438
2023-07-22T00:00:00Z,-0.01170032
2023-07-21T00:00:00Z,0.00136453
2023-07-20T00:00:00Z,0.00494252
2023-07-19T00:00:00Z,0.00614041
2023-07-18T00:00:00Z,0.00262076
2023-07-17T00:00:00Z,0.0005265
2023-07-16T00:00:00Z,0.00032967
2023-07-15T00:00:00Z,-0.00424862
2023-07-14T00:00:00Z,0.01822492
2023-07-13T00:00:00Z,0.00620505
2023-07-12T00:00:00Z,0.00478063
2023-07-11T00:00:00Z,0.01189752
2023-07-10T00:00:00Z,0.00398214
2023-07-09T00:00:00Z,0.00688609
2023-07-08T00:00:00Z,0.0064387
2023-07-07T00:00:00Z,0.00174927
2023-07-06T00:00:00Z,0.00629724
2023-07-05T00:00:00Z,0.01285985
2023-07-04T00:00:00Z,0.00541609
2023-07-03T00:00:00Z,0.01486034
2023-07-02T00:00:00Z,0.00918219
2023-07-01T00:00:00Z,0.01928843
2023-06-30T00:00:00Z,0.01565999
2023-06-29T00:00:00Z,0.01290231
2023-06-28T00:00:00Z,0.01049435
2023-06-27T00:00:00Z,0.00247817
2023-06-26T00:00:00Z,0.00710344
2023-06-25T00:00:00Z,0.00837273
2023-06-24T00:00:00Z,0.00166473
2023-06-23T00:00:00Z,0.00769617
2023-06-22T00:00:00Z,0.01574938
2023-06-21T00:00:00Z,0.00273384
2023-06-20T00:00:00Z,0.01122174
2023-06-19T00:00:00Z,0.0061109
2023-06-18T00:00:00Z,0.00962707
2023-06-17T00:00:00Z,0.01202
2023-06-16T00:00:00Z,0.0087804
2023-06-15T00:00:00Z,0.00772077
2023-06-14T00:00:00Z,0.01107715
2023-06-13T00:00:00Z,0.01456567
2023-06-12T00:00:00Z,0.01100961
2023-06-11T00:00:00Z,0.00696157
2023-06-10T00:00:00Z,0.0114272
2023-06-09T00:00:00Z,0.00768733
2023-06-08T00:00:00Z,0.01044058
2023-06-07T00:00:00Z,0.01279538
2023-06-06T00:00:00Z,0.00741555
2023-06-05T00:00:00Z,0.01246979
2023-06-04T00:00:00Z,0.00841079
2023-06-03T00:00:00Z,0.00537618
2023-06-02T00:00:00Z,0.00691818
2023-06-01T00:00:00Z,0.01109999
2023-05-31T00:00:00Z,0.01122433
2023-05-30T00:00:00Z,0.00834307
2023-05-29T00:00:00Z,0.01737394
2023-05-28T00:00:00Z,0.0040658
2023-05-27T00:00:00Z,-0.00275353
2023-05-26T00:00:00Z,0.00632642
2023-05-25T00:00:00Z,0.00277257
2023-05-24T00:00:00Z,0.00800039
2023-05-23T00:00:00Z,0.00810521
2023-05-22T00:00:00Z,0.00942853
2023-05-21T00:00:00Z,-0.00012981
2023-05-20T00:00:00Z,-0.00236761
2023-05-19T00:00:00Z,0.0110415
2023-05-18T00:00:00Z,0.00252271
2023-05-17T00:00:00Z,0.00336693
2023-05-16T00:00:00Z,0.00531134
2023-05-15T00:00:00Z,-0.00450973
2023-05-14T00:00:00Z,0.00421552
2023-05-13T00:00:00Z,0.00077589
2023-05-12T00:00:00Z,0.00123255
2023-05-11T00:00:00Z,0.00007765
2023-05-10T00:00:00Z,0.00580032
2023-05-09T00:00:00Z,0.0039226
2023-05-08T00:00:00Z,-0.00137046
2023-05-07T00:00:00Z,-0.00770943
2023-05-06T00:00:00Z,-0.00079288
2023-05-05T00:00:00Z,0.00473529
2023-05-04T00:00:00Z,0.00553311
2023-05-03T00:00:00Z,-0.00108154
2023-05-02T00:00:00Z,0.0133955
2023-05-01T00:00:00Z,0.0076979
2023-04-30T00:00:00Z,0.00686353
2023-04-29T00:00:00Z,0.00690161
2023-04-28T00:00:00Z,0.00982372
2023-04-27T00:00:00Z,0.00496352
2023-04-26T00:00:00Z,0.0012373
2023-04-25T00:00:00Z,0.00865665
2023-04-24T00:00:00Z,0.00613648
2023-04-23T00:00:00Z,-0.00103283
2023-04-22T00:00:00Z,0.01651052
2023-04-21T00:00:00Z,0.02231269
2023-04-20T00:00:00Z,0.00658995
2023-04-19T00:00:00Z,0.00988793
2023-04-18T00:00:00Z,0.01622184
2023-04-17T00:00:00Z,0.01362356
2023-04-16T00:00:00Z,0.0204069
2023-04-15T00:00:00Z,0.00984309
2023-04-14T00:00:00Z,0.02048489
2023-04-13T00:00:00Z,0.01515214
2023-04-12T00:00:00Z,0.00195215
2023-04-11T00:00:00Z,0.01364505
2023-04-10T00:00:00Z,0.01171612
2023-04-09T00:00:00Z,0.00081458
2023-04-08T00:00:00Z,0.00374108
2023-04-07T00:00:00Z,0.01134727
2023-04-06T00:00:00Z,0.00676647
2023-04-05T00:00:00Z,0.01963241
2023-04-04T00:00:00Z,0.00296482
2023-04-03T00:00:00Z,0.00135309
2023-04-02T00:00:00Z,0.0074336
2023-04-01T00:00:00Z,0.01011932
2023-03-31T00:00:00Z,0.01423263
2023-03-30T00:00:00Z,0.01648267
2023-03-29T00:00:00Z,0.0161858
2023-03-28T00:00:00Z,0.01364276
2023-03-27T00:00:00Z,0.00504022
2023-03-26T00:00:00Z,0.0144362
2023-03-25T00:00:00Z,0.00612376
2023-03-24T00:00:00Z,0.00715404
2023-03-23T00:00:00Z,0.00432083
2023-03-22T00:00:00Z,0.00612724
2023-03-21T00:00:00Z,0.00634461
2023-03-20T00:00:00Z,0.00231943
2023-03-19T00:00:00Z,0.01817392
2023-03-18T00:00:00Z,0.01848478
2023-03-17T00:00:00Z,0.01199491
2023-03-16T00:00:00Z,-0.00397012
2023-03-15T00:00:00Z,0.01060068
2023-03-14T00:00:00Z,-0.02028229
2023-03-13T00:00:00Z,-0.01445511
2023-03-12T00:00:00Z,-0.09538456
2023-03-11T00:00:00Z,-0.1031342
2023-03-10T00:00:00Z,0.00060162
2023-03-09T00:00:00Z,0.00658515
2023-03-08T00:00:00Z,0.00914988
2023-03-07T00:00:00Z,0.00471215
2023-03-06T00:00:00Z,0.00229968
2023-03-05T00:00:00Z,0.0030518
2023-03-04T00:00:00Z,0.00957304
2023-03-03T00:00:00Z,0.00197914
2023-03-02T00:00:00Z,0.00773916
2023-03-01T00:00:00Z,0.00533246
2023-02-28T00:00:00Z,0.00568779
2023-02-27T00:00:00Z,0.00665718
2023-02-26T00:00:00Z,0.00645058
2023-02-25T00:00:00Z,0.00244493
2023-02-24T00:00:00Z,0.00755292
2023-02-23T00:00:00Z,0.00898597
2023-02-22T00:00:00Z,0.00824654
2023-02-21T00:00:00Z,0.01231562
2023-02-20T00:00:00Z,0.00853042
2023-02-19T00:00:00Z,0.01081843
2023-02-18T00:00:00Z,0.01310157
2023-02-17T00:00:00Z,0.01128424
2023-02-16T00:00:00Z,0.02226385
2023-02-15T00:00:00Z,0.00266568
2023-02-14T00:00:00Z,0.00600729
2023-02-13T00:00:00Z,0.00783144
2023-02-12T00:00:00Z,0.00557333
2023-02-11T00:00:00Z,0.00760641
2023-02-10T00:00:00Z,0.00419404
2023-02-09T00:00:00Z,0.0075199
2023-02-08T00:00:00Z,0.01334797
2023-02-07T00:00:00Z,0.00671914
2023-02-06T00:00:00Z,0.00988933
2023-02-05T00:00:00Z,0.00802413
2023-02-04T00:00:00Z,0.00867775
2023-02-03T00:00:00Z,0.01357599
2023-02-02T00:00:00Z,0.01797068
2023-02-01T00:00:00Z,0.01391842
2023-01-31T00:00:00Z,0.01008527
2023-01-30T00:00:00Z,0.01509668
2023-01-29T00:00:00Z,0.01001767
2023-01-28T00:00:00Z,0.01125306
2023-01-27T00:00:00Z,0.01010654
2023-01-26T00:00:00Z,0.00953483
2023-01-25T00:00:00Z,0.00880777
2023-01-24T00:00:00Z,0.01622175
2023-01-23T00:00:00Z,0.01489985
2023-01-22T00:00:00Z,0.02001672
2023-01-21T00:00:00Z,0.02063283
2023-01-20T00:00:00Z,0.00759486
2023-01-19T00:00:00Z,0.00963742
2023-01-18T00:00:00Z,0.00768642
2023-01-17T00:00:00Z,0.01183559
2023-01-16T00:00:00Z,0.01789569
2023-01-15T00:00:00Z,0.01944869
2023-01-14T00:00:00Z,0.03354699
2023-01-13T00:00:00Z,0.00822546
2023-01-12T00:00:00Z,0.01499757
2023-01-11T00:00:00Z,0.01410758
2023-01-10T00:00:00Z,0.01146783
2023-01-09T00:00:00Z,0.0175987
2023-01-08T00:00:00Z,0.00634615
2023-01-07T00:00:00Z,0.01010158
2023-01-06T00:00:00Z,0.00685695
2023-01-05T00:00:00Z,0.01030974
2023-01-04T00:00:00Z,0.01016503
2023-01-03T00:00:00Z,0.00120257
2023-01-02T00:00:00Z,0.0025472
2023-01-01T00:00:00Z,0.00389346
2022-12-31T00:00:00Z,0.01119929
2022-12-30T00:00:00Z,0.00740972
2022-12-29T00:00:00Z,0.00882983
2022-12-28T00:00:00Z,-0.00242506
2022-12-27T00:00:00Z,-0.00191837
2022-12-26T00:00:00Z,0.00405075
2022-12-25T00:00:00Z,-0.00415329
2022-12-24T00:00:00Z,0.00085462
2022-12-23T00:00:00Z,0.00946458
2022-12-22T00:00:00Z,0.00145214
2022-12-21T00:00:00Z,0.0009519
2022-12-20T00:00:00Z,0.00317122
2022-12-19T00:00:00Z,-0.01787547
2022-12-18T00:00:00Z,-0.01133133
2022-12-17T00:00:00Z,-0.02043069
2022-12-16T00:00:00Z,-0.01348392
2022-12-15T00:00:00Z,0.00374151
2022-12-14T00:00:00Z,0.01849347
2022-12-13T00:00:00Z,0.00872998
2022-12-12T00:00:00Z,-0.01286507
2022-12-11T00:00:00Z,-0.01375666
2022-12-10T00:00:00Z,0.00286648
2022-12-09T00:00:00Z,0.00890334
2022-12-08T00:00:00Z,0.00770961
2022-12-07T00:00:00Z,0.00548194
2022-12-06T00:00:00Z,0.0023689
2022-12-05T00:00:00Z,0.00532619
2022-12-04T00:00:00Z,0.00823043
2022-12-03T00:00:00Z,0.01903948
2022-12-02T00:00:00Z,0.00241933
2022-12-01T00:00:00Z,0.01077659
2022-11-30T00:00:00Z,0.01474799
2022-11-29T00:00:00Z,0.00143344
2022-11-28T00:00:00Z,0.00149056
2022-11-27T00:00:00Z,-0.00920785
2022-11-26T00:00:00Z,-0.01072581
2022-11-25T00:00:00Z,-0.0005859
2022-11-24T00:00:00Z,-0.00307986
2022-11-23T00:00:00Z,-0.00501848
2022-11-22T00:00:00Z,-0.00349431
2022-11-21T00:00:00Z,-0.00847279
2022-11-20T00:00:00Z,-0.01201703
2022-11-19T00:00:00Z,0.00130224
2022-11-18T00:00:00Z,0.00048726
2022-11-17T00:00:00Z,0.00455545
2022-11-16T00:00:00Z,0.00304045
2022-11-15T00:00:00Z,-0.02120139
2022-11-14T00:00:00Z,-0.02609211
2022-11-13T00:00:00Z,-0.04270198
2022-11-12T00:00:00Z,-0.02152258
2022-11-11T00:00:00Z,-0.01190812
2022-11-10T00:00:00Z,-0.06226165
2022-11-09T00:00:00Z,-0.04761079
2022-11-08T00:00:00Z,-0.00326869
2022-11-07T00:00:00Z,0.00391512
2022-11-06T00:00:00Z,0.00605443
2022-11-05T00:00:00Z,0.01058763
2022-11-04T00:00:00Z,0.0080078
2022-11-03T00:00:00Z,0.00377309
2022-11-02T00:00:00Z,0.00283034
2022-11-01T00:00:00Z,0.00331208
2022-10-31T00:00:00Z,0.00519853
2022-10-30T00:00:00Z,0.00507251
2022-10-29T00:00:00Z,0.00616805
2022-10-28T00:00:00Z,0.00467134
2022-10-27T00:00:00Z,0.00553788
2022-10-26T00:00:00Z,0.00801239
2022-10-25T00:00:00Z,-0.00177244
2022-10-24T00:00:00Z,0.00299415
2022-10-23T00:00:00Z,0.00411285
2022-10-22T00:00:00Z,0.00271402
2022-10-21T00:00:00Z,0.00107587
2022-10-20T00:00:00Z,-0.00034767
2022-10-19T00:00:00Z,0.00275515
2022-10-18T00:00:00Z,0.00059943
2022-10-17T00:00:00Z,0.00363944
2022-10-16T00:00:00Z,-0.00234417
2022-10-15T00:00:00Z,-0.00162796
2022-10-14T00:00:00Z,0.00588648
2022-10-13T00:00:00Z,-0.00336795
2022-10-12T00:00:00Z,0.00061264
2022-10-11T00:00:00Z,-0.00232494
2022-10-10T00:00:00Z,0.00149569
2022-10-09T00:00:00Z,-0.00103406
2022-10-08T00:00:00Z,0.00416868
2022-10-07T00:00:00Z,0.00162214
2022-10-06T00:00:00Z,-0.00032156
2022-10-05T00:00:00Z,-0.00059146
2022-10-04T00:00:00Z,0.00141716
2022-10-03T00:00:00Z,-0.00286378
2022-10-02T00:00:00Z,-0.00183161
2022-10-01T00:00:00Z,-0.00315395
2022-09-30T00:00:00Z,-0.00121765
2022-09-29T00:00:00Z,0.00508594
2022-09-28T00:00:00Z,-0.00657781
2022-09-27T00:00:00Z,0.00446257
2022-09-26T00:00:00Z,0.00118434
2022-09-25T00:00:00Z,-0.00476293
2022-09-24T00:00:00Z,0.00504118
2022-09-23T00:00:00Z,0.00335992
2022-09-22T00:00:00Z,-0.01108805
2022-09-21T00:00:00Z,0.00197391
2022-09-20T00:00:00Z,-0.0018065
2022-09-19T00:00:00Z,-0.011059
2022-09-18T00:00:00Z,-0.00416357
2022-09-17T00:00:00Z,0.00102419
2022-09-16T00:00:00Z,-0.01154094
2022-09-15T00:00:00Z,-0.1992555
2022-09-14T00:00:00Z,-0.18990199
2022-09-13T00:00:00Z,-0.05261966
2022-09-12T00:00:00Z,-0.030836
2022-09-11T00:00:00Z,-0.02262695
2022-09-10T00:00:00Z,-0.01479109
2022-09-09T00:00:00Z,-0.00799634
2022-09-08T00:00:00Z,-0.00675167
2022-09-07T00:00:00Z,-0.02372645
2022-09-06T00:00:00Z,-0.00546509
2022-09-05T00:00:00Z,-0.00334993
2022-09-04T00:00:00Z,-0.00455625
2022-09-03T00:00:00Z,-0.00740355
2022-09-02T00:00:00Z,0.00670132
2022-09-01T00:00:00Z,-0.00156619
2022-08-31T00:00:00Z,-0.00333825
2022-08-30T00:00:00Z,-0.00943584
2022-08-29T00:00:00Z,-0.01549433
2022-08-28T00:00:00Z,-0.02039918
2022-08-27T00:00:00Z,-0.02362194
2022-08-26T00:00:00Z,-0.00578964
2022-08-25T00:00:00Z,-0.00200087
2022-08-24T00:00:00Z,-0.00039477
2022-08-23T00:00:00Z,0.00295337
2022-08-22T00:00:00Z,-0.00312438
2022-08-21T00:00:00Z,-0.01299074
2022-08-20T00:00:00Z,-0.01909725
2022-08-19T00:00:00Z,-0.0004619
2022-08-18T00:00:00Z,0.00090238
2022-08-17T00:00:00Z,0.00198663
2022-08-16T00:00:00Z,0.00241999
2022-08-15T00:00:00Z,-0.00189155
2022-08-14T00:00:00Z,0.00215827
2022-08-13T00:00:00Z,0.00779445
2022-08-12T00:00:00Z,0.0072677
2022-08-11T00:00:00Z,0.01561155
2022-08-10T00:00:00Z,0.00985555
2022-08-09T00:00:00Z,0.00696589
2022-08-08T00:00:00Z,0.01658983
2022-08-07T00:00:00Z,0.01088231
2022-08-06T00:00:00Z,0.01858297
2022-08-05T00:00:00Z,0.01707409
2022-08-04T00:00:00Z,0.01267203
2022-08-03T00:00:00Z,0.01192262
2022-08-02T00:00:00Z,0.01126863
2022-08-01T00:00:00Z,0.00789119
2022-07-31T00:00:00Z,0.01216529
2022-07-30T00:00:00Z,0.01064348
2022-07-29T00:00:00Z,0.01806463
2022-07-28T00:00:00Z,0.02394542
2022-07-27T00:00:00Z,0.01136765
2022-07-26T00:00:00Z,0.0050027
2022-07-25T00:00:00Z,0.01144991
2022-07-24T00:00:00Z,0.01968512
2022-07-23T00:00:00Z,0.01482014
2022-07-22T00:00:00Z,0.01941078
2022-07-21T00:00:00Z,0.01672126
2022-07-20T00:00:00Z,0.00938685
2022-07-19T00:00:00Z,0.01539649
2022-07-18T00:00:00Z,0.00263126
2022-07-17T00:00:00Z,0.01081984
2022-07-16T00:00:00Z,0.01390384
2022-07-15T00:00:00Z,0.01137824
2022-07-14T00:00:00Z,0.00260155
2022-07-13T00:00:00Z,0.00040717
2022-07-12T00:00:00Z,0.01257161
2022-07-11T00:00:00Z,0.01430274
2022-07-10T00:00:00Z,0.01248902
2022-07-09T00:00:00Z,0.01218639
2022-07-08T00:00:00Z,0.01618797
2022-07-07T00:00:00Z,0.01504682
2022-07-06T00:00:00Z,0.01786786
2022-07-05T00:00:00Z,0.01555573
2022-07-04T00:00:00Z,0.01549554
2022-07-03T00:00:00Z,0.01271929
2022-07-02T00:00:00Z,0.01143505
2022-07-01T00:00:00Z,0.01289316
2022-06-30T00:00:00Z,0.00347525
2022-06-29T00:00:00Z,0.01751629
2022-06-28T00:00:00Z,0.01338662
2022-06-27T00:00:00Z,0.00909459
2022-06-26T00:00:00Z,0.01294485
2022-06-25T00:00:00Z,0.01228274
2022-06-24T00:00:00Z,0.01846735
2022-06-23T00:00:00Z,0.01477803
2022-06-22T00:00:00Z,0.01345664
2022-06-21T00:00:00Z,0.01324309
2022-06-20T00:00:00Z,0.01451571
2022-06-19T00:00:00Z,0.01476816
2022-06-18T00:00:00Z,0.00445495
2022-06-17T00:00:00Z,0.01033392
2022-06-16T00:00:00Z,0.02002746
2022-06-15T00:00:00Z,0.01103688
2022-06-14T00:00:00Z,0.00408685
2022-06-13T00:00:00Z,0.01950851
2022-06-12T00:00:00Z,0.00795521
2022-06-11T00:00:00Z,0.00359851
2022-06-10T00:00:00Z,0.01282593
2022-06-09T00:00:00Z,0.01391439
2022-06-08T00:00:00Z,0.01880662
2022-06-07T00:00:00Z,0.00793618
2022-06-06T00:00:00Z,0.01417874
2022-06-05T00:00:00Z,0.00676456
2022-06-04T00:00:00Z,0.01258053
2022-06-03T00:00:00Z,0.01823241
2022-06-02T00:00:00Z,0.0143105
2022-06-01T00:00:00Z,0.01532484
2022-05-31T00:00:00Z,0.01901858
2022-05-30T00:00:00Z,0.0154043
2022-05-29T00:00:00Z,0.01294575
2022-05-28T00:00:00Z,0.01735569
2022-05-27T00:00:00Z,0.01726229
2022-05-26T00:00:00Z,0.0128658
2022-05-25T00:00:00Z,0.01836162
2022-05-24T00:00:00Z,0.00712702
2022-05-23T00:00:00Z,0.02049321
2022-05-22T00:00:00Z,0.01976891
2022-05-21T00:00:00Z,0.01877619
2022-05-20T00:00:00Z,0.01977103
2022-05-19T00:00:00Z,0.01607051
2022-05-18T00:00:00Z,0.01234222
2022-05-17T00:00:00Z,0.01883746
2022-05-16T00:00:00Z,0.01723084
2022-05-15T00:00:00Z,0.01305501
2022-05-14T00:00:00Z,0.01973929
2022-05-13T00:00:00Z,0.01481891
2022-05-12T00:00:00Z,0.01931157
2022-05-11T00:00:00Z,0.02415153
2022-05-10T00:00:00Z,0.01697736
2022-05-09T00:00:00Z,0.01834185
2022-05-08T00:00:00Z,0.01339768
2022-05-07T00:00:00Z,0.01103367
2022-05-06T00:00:00Z,0.00218812
2022-05-05T00:00:00Z,0.01235854
2022-05-04T00:00:00Z,0.01381365
2022-05-03T00:00:00Z,0.00911868
2022-05-02T00:00:00Z,0.00385847
2022-05-01T00:00:00Z,-0.00313026
2022-04-30T00:00:00Z,-0.00030482
2022-04-29T00:00:00Z,0.00860238
2022-04-28T00:00:00Z,0.0064943
2022-04-27T00:00:00Z,0.00012703
2022-04-26T00:00:00Z,0.01048347
2022-04-25T00:00:00Z,-0.00166179
2022-04-24T00:00:00Z,0.00047532
2022-04-23T00:00:00Z,-0.00007053
2022-04-22T00:00:00Z,-0.00077099
2022-04-21T00:00:00Z,-0.00215662
2022-04-20T00:00:00Z,0.00112773
2022-04-19T00:00:00Z,0.007986
2022-04-18T00:00:00Z,0.0007317
2022-04-17T00:00:00Z,0.00179475
2022-04-16T00:00:00Z,0.00193321
2022-04-15T00:00:00Z,0.00238364
2022-04-14T00:00:00Z,0.00174494
2022-04-13T00:00:00Z,0.00433089
2022-04-12T00:00:00Z,0.00337449
2022-04-11T00:00:00Z,0.00456169
2022-04-10T00:00:00Z,0.00376743
2022-04-09T00:00:00Z,0.00593037
2022-04-08T00:00:00Z,0.00207023
2022-04-07T00:00:00Z,0.00398151
2022-04-06T00:00:00Z,0.00206698
2022-04-05T00:00:00Z,0.01083153
2022-04-04T00:00:00Z,0.00566533
2022-04-03T00:00:00Z,0.01018281
2022-04-02T00:00:00Z,0.00763186
2022-04-01T00:00:00Z,0.00933322
2022-03-31T00:00:00Z,0.00520626
2022-03-30T00:00:00Z,0.01105529
2022-03-29T00:00:00Z,0.00325649
2022-03-28T00:00:00Z,0.00965177
2022-03-27T00:00:00Z,0.00324255
2022-03-26T00:00:00Z,0.00546966
2022-03-25T00:00:00Z,0.00887499
2022-03-24T00:00:00Z,0.0066313
2022-03-23T00:00:00Z,0.00218132
2022-03-22T00:00:00Z,0.01308941
2022-03-21T00:00:00Z,0.00821836
2022-03-20T00:00:00Z,0.01320661
2022-03-19T00:00:00Z,0.00330933
2022-03-18T00:00:00Z,0.00393106
2022-03-17T00:00:00Z,0.01111924
2022-03-16T00:00:00Z,0.00930097
2022-03-15T00:00:00Z,0.00187722
2022-03-14T00:00:00Z,0.00939884
2022-03-13T00:00:00Z,0.00135458
2022-03-12T00:00:00Z,0.00712526
2022-03-11T00:00:00Z,0.00493227
2022-03-10T00:00:00Z,0.00383581
2022-03-09T00:00:00Z,0.00817027
2022-03-08T00:00:00Z,0.00559739
2022-03-07T00:00:00Z,0.00450547
2022-03-06T00:00:00Z,0.00313881
2022-03-05T00:00:00Z,0.00070948
2022-03-04T00:00:00Z,0.01555832
2022-03-03T00:00:00Z,0.01119707
2022-03-02T00:00:00Z,0.0079631
2022-03-01T00:00:00Z,0.01845232
2022-02-28T00:00:00Z,0.0048395
2022-02-27T00:00:00Z,0.00344203
2022-02-26T00:00:00Z,0.00943867
2022-02-25T00:00:00Z,0.00797491
2022-02-24T00:00:00Z,0.00741977
2022-02-23T00:00:00Z,-0.00306357
2022-02-22T00:00:00Z,0.00367139
2022-02-21T00:00:00Z,0.00402407
2022-02-20T00:00:00Z,0.00487161
2022-02-19T00:00:00Z,0.00676781
2022-02-18T00:00:00Z,0.00225589
2022-02-17T00:00:00Z,0.0027307
2022-02-16T00:00:00Z,0.01014907
2022-02-15T00:00:00Z,0.00073498
2022-02-14T00:00:00Z,0.01370789
2022-02-13T00:00:00Z,0.00623102
2022-02-12T00:00:00Z,0.01532776
2022-02-11T00:00:00Z,0.00124908
2022-02-10T00:00:00Z,-0.00322929
2022-02-09T00:00:00Z,0.00236574
2022-02-08T00:00:00Z,0.00174197
2022-02-07T00:00:00Z,-0.00200302
2022-02-06T00:00:00Z,0.00221405
2022-02-05T00:00:00Z,-0.00040121
2022-02-04T00:00:00Z,0.00623679
2022-02-03T00:00:00Z,-0.00483167
2022-02-02T00:00:00Z,-0.00018955
2022-02-01T00:00:00Z,-0.00778051
2022-01-31T00:00:00Z,0.00039349
2022-01-30T00:00:00Z,0.00224905
2022-01-29T00:00:00Z,0.00141071
2022-01-28T00:00:00Z,0.0042936
2022-01-27T00:00:00Z,-0.00168234
2022-01-26T00:00:00Z,-0.01259307
2022-01-25T00:00:00Z,-0.00138161
2022-01-24T00:00:00Z,0.00444965
2022-01-23T00:00:00Z,-0.00134505
2022-01-22T00:00:00Z,0.00886124
2022-01-21T00:00:00Z,0.00340861
2022-01-20T00:00:00Z,0.0059477
2022-01-19T00:00:00Z,0.00734591
2022-01-18T00:00:00Z,0.00956465
2022-01-17T00:00:00Z,0.00390218
2022-01-16T00:00:00Z,0.00163529
2022-01-15T00:00:00Z,-0.0005104
2022-01-14T00:00:00Z,0.00771113
2022-01-13T00:00:00Z,-0.00330146
2022-01-12T00:00:00Z,-0.00591716
2022-01-11T00:00:00Z,0.00459606
2022-01-10T00:00:00Z,-0.00271967
2022-01-09T00:00:00Z,0.0012931
2022-01-08T00:00:00Z,0.00539697
2022-01-07T00:00:00Z,0.01116791
2022-01-06T00:00:00Z,0.00721996
2022-01-05T00:00:00Z,0.0127083
2022-01-04T00:00:00Z,0.01091677
2022-01-03T00:00:00Z,0.00887915
2022-01-02T00:00:00Z,0.00184172
2022-01-01T00:00:00Z,0.01387228
2021-12-31T00:00:00Z,0.01022721
2021-12-30T00:00:00Z,0.00643982
2021-12-29T00:00:00Z,0.01572424
2021-12-28T00:00:00Z,0.0118967
2021-12-27T00:00:00Z,0.01791367
2021-12-26T00:00:00Z,0.01083771
2021-12-25T00:00:00Z,0.01070083
2021-12-24T00:00:00Z,0.01664413
2021-12-23T00:00:00Z,0.01399714
2021-12-22T00:00:00Z,0.01615374
2021-12-21T00:00:00Z,0.02229633
2021-12-20T00:00:00Z,0.01466665
2021-12-19T00:00:00Z,0.01082642
2021-12-18T00:00:00Z,0.01433773
2021-12-17T00:00:00Z,0.00962633
2021-12-16T00:00:00Z,0.01109671
2021-12-15T00:00:00Z,0.01045545
2021-12-14T00:00:00Z,0.00549297
2021-12-13T00:00:00Z,0.00714767
2021-12-12T00:00:00Z,0.01429205
2021-12-11T00:00:00Z,0.00725743
2021-12-10T00:00:00Z,0.01341194
2021-12-09T00:00:00Z,0.01658754
2021-12-08T00:00:00Z,0.01538126
2021-12-07T00:00:00Z,0.00796582
2021-12-06T00:00:00Z,0.01703169
2021-12-05T00:00:00Z,-0.01159352
2021-12-04T00:00:00Z,-0.01635387
2021-12-03T00:00:00Z,0.01703679
2021-12-02T00:00:00Z,0.01308801
2021-12-01T00:00:00Z,0.01474649
2021-11-30T00:00:00Z,0.01688829
2021-11-29T00:00:00Z,0.02197333
2021-11-28T00:00:00Z,0.01464509
2021-11-27T00:00:00Z,0.0043421
2021-11-26T00:00:00Z,0.01522167
2021-11-25T00:00:00Z,0.02536118
2021-11-24T00:00:00Z,0.02310814
2021-11-23T00:00:00Z,0.01880963
2021-11-22T00:00:00Z,0.01468677
2021-11-21T00:00:00Z,0.0146618
2021-11-20T00:00:00Z,0.00110172
2021-11-19T00:00:00Z,0.01916432
2021-11-18T00:00:00Z,0.00917809
2021-11-17T00:00:00Z,0.00931805
2021-11-16T00:00:00Z,0.00607051
2021-11-15T00:00:00Z,0.02307722
2021-11-14T00:00:00Z,0.01086395
2021-11-13T00:00:00Z,0.01034457
2021-11-12T00:00:00Z,0.01302883
2021-11-11T00:00:00Z,0.0153364
2021-11-10T00:00:00Z,0.0249218
2021-11-09T00:00:00Z,0.01079677
2021-11-08T00:00:00Z,0.02850249
2021-11-07T00:00:00Z,0.02538309
2021-11-06T00:00:00Z,0.01121778
2021-11-05T00:00:00Z,0.01569203
2021-11-04T00:00:00Z,0.02804844
2021-11-03T00:00:00Z,0.02332449
2021-11-02T00:00:00Z,0.03551592
2021-11-01T00:00:00Z,0.02800068
2021-10-31T00:00:00Z,0.01540991
2021-10-30T00:00:00Z,0.03017591
2021-10-29T00:00:00Z,0.04440133
2021-10-28T00:00:00Z,0.01775348
2021-10-27T00:00:00Z,0.02168096
2021-10-26T00:00:00Z,0.02314313
2021-10-25T00:00:00Z,0.03319688
2021-10-24T00:00:00Z,0.03288505
2021-10-23T00:00:00Z,0.02409849
2021-10-22T00:00:00Z,0.02557581
2021-10-21T00:00:00Z,0.05687943
2021-10-20T00:00:00Z,0.03293344
2021-10-19T00:00:00Z,0.02809043
2021-10-18T00:00:00Z,0.02287076
2021-10-17T00:00:00Z,0.02908163
2021-10-16T00:00:00Z,0.03816646
2021-10-15T00:00:00Z,0.03336978
2021-10-14T00:00:00Z,0.03786803
2021-10-13T00:00:00Z,0.02047309
2021-10-12T00:00:00Z,0.00626913
2021-10-11T00:00:00Z,0.01548673
2021-10-10T00:00:00Z,0.00338344
2021-10-09T00:00:00Z,0.00829237
2021-10-08T00:00:00Z,0.01613003
2021-10-07T00:00:00Z,0.01598514
2021-10-06T00:00:00Z,0.01421634
2021-10-05T00:00:00Z,0.0114391
2021-10-04T00:00:00Z,0.0068512
2021-10-03T00:00:00Z,0.00743625
2021-10-02T00:00:00Z,0.00367812
2021-10-01T00:00:00Z,0.00565411
2021-09-30T00:00:00Z,0.01502298
2021-09-29T00:00:00Z,0.00230013
2021-09-28T00:00:00Z,0.00733357
2021-09-27T00:00:00Z,0.00540756
2021-09-26T00:00:00Z,0.00443443
2021-09-25T00:00:00Z,-0.00439537
2021-09-24T00:00:00Z,-0.01676028
2021-09-23T00:00:00Z,-0.01263939
2021-09-22T00:00:00Z,0.00292598
2021-09-21T00:00:00Z,0.01277149
2021-09-20T00:00:00Z,0.00539886
2021-09-19T00:00:00Z,0.00408051
2021-09-18T00:00:00Z,0.00718658
2021-09-17T00:00:00Z,0.01183417
2021-09-16T00:00:00Z,0.01239962
2021-09-15T00:00:00Z,0.01329424
2021-09-14T00:00:00Z,0.01371394
2021-09-13T00:00:00Z,0.00910609
2021-09-12T00:00:00Z,0.01571272
2021-09-11T00:00:00Z,0.01384923
2021-09-10T00:00:00Z,0.02440943
2021-09-09T00:00:00Z,0.02440262
2021-09-08T00:00:00Z,0.02056043
2021-09-07T00:00:00Z,0.02378291
2021-09-06T00:00:00Z,0.05321461
2021-09-05T00:00:00Z,0.05144672
2021-09-04T00:00:00Z,0.0491802
2021-09-03T00:00:00Z,0.06041791
2021-09-02T00:00:00Z,0.05337938
2021-09-01T00:00:00Z,0.01450926
2021-08-31T00:00:00Z,0.03048693
2021-08-30T00:00:00Z,0.01562135
2021-08-29T00:00:00Z,0.00738184
2021-08-28T00:00:00Z,0.02052197
2021-08-27T00:00:00Z,0.02928094
2021-08-26T00:00:00Z,0.01149515
2021-08-25T00:00:00Z,0.00818096
2021-08-24T00:00:00Z,0.02788083
2021-08-23T00:00:00Z,0.03142195
2021-08-22T00:00:00Z,0.00853278
2021-08-21T00:00:00Z,0.01962919
2021-08-20T00:00:00Z,0.04271699
2021-08-19T00:00:00Z,0.02151368
2021-08-18T00:00:00Z,0.01125313
2021-08-17T00:00:00Z,0.00959705
2021-08-16T00:00:00Z,0.02098543
2021-08-15T00:00:00Z,0.00627801
2021-08-14T00:00:00Z,0.02511103
2021-08-13T00:00:00Z,0.01617951
2021-08-12T00:00:00Z,0.00690059
2021-08-11T00:00:00Z,0.01386304
2021-08-10T00:00:00Z,0.01826709
2021-08-09T00:00:00Z,0.02334297
2021-08-08T00:00:00Z,0.01150895
2021-08-07T00:00:00Z,0.01912492
2021-08-06T00:00:00Z,0.01505896
2021-08-05T00:00:00Z,0.01411468
2021-08-04T00:00:00Z,0.01265627
2021-08-03T00:00:00Z,-0.00667124
2021-08-02T00:00:00Z,-0.00056054
2021-08-01T00:00:00Z,0.00368639
2021-07-31T00:00:00Z,0.00826114
2021-07-30T00:00:00Z,0.01099535
2021-07-29T00:00:00Z,0.00823473
2021-07-28T00:00:00Z,0.00650626
2021-07-27T00:00:00Z,-0.01221636
2021-07-26T00:00:00Z,0.00975971
2021-07-25T00:00:00Z,-0.00983258
2021-07-24T00:00:00Z,-0.0081991
2021-07-23T00:00:00Z,0.00632638
2021-07-22T00:00:00Z,0.00938519
2021-07-21T00:00:00Z,-0.00365223
2021-07-20T00:00:00Z,-0.01349769
2021-07-19T00:00:00Z,-0.00722906
2021-07-18T00:00:00Z,0.00967654
2021-07-17T00:00:00Z,-0.00646205
2021-07-16T00:00:00Z,0.00320349
2021-07-15T00:00:00Z,-0.00250497
2021-07-14T00:00:00Z,-0.00998191
2021-07-13T00:00:00Z,-0.00941873
2021-07-12T00:00:00Z,-0.00819544
2021-07-11T00:00:00Z,0.0018516
2021-07-10T00:00:00Z,0.00564102
2021-07-09T00:00:00Z,0.00836468
2021-07-08T00:00:00Z,-0.00460926
2021-07-07T00:00:00Z,0.0046448
2021-07-06T00:00:00Z,-0.00424832
2021-07-05T00:00:00Z,-0.01228419
2021-07-04T00:00:00Z,0.01679003
2021-07-03T00:00:00Z,0.0102744
2021-07-02T00:00:00Z,-0.00261843
2021-07-01T00:00:00Z,0.01296527
2021-06-30T00:00:00Z,0.00879699
2021-06-29T00:00:00Z,-0.01277449
2021-06-28T00:00:00Z,-0.00341934
2021-06-27T00:00:00Z,-0.02943475
2021-06-26T00:00:00Z,-0.02035197
2021-06-25T00:00:00Z,0.00378567
2021-06-24T00:00:00Z,0.0175184
2021-06-23T00:00:00Z,-0.01980703
2021-06-22T00:00:00Z,-0.00953302
2021-06-21T00:00:00Z,-0.00630171
2021-06-20T00:00:00Z,-0.01404447
2021-06-19T00:00:00Z,-0.01521935
2021-06-18T00:00:00Z,-0.02502815
2021-06-17T00:00:00Z,-0.01580371
2021-06-16T00:00:00Z,-0.00169091
2021-06-15T00:00:00Z,-0.0012153
2021-06-14T00:00:00Z,0.01279868
2021-06-13T00:00:00Z,0.00934339
2021-06-12T00:00:00Z,0.00961507
2021-06-11T00:00:00Z,0.0092503
2021-06-10T00:00:00Z,0.00949417
2021-06-09T00:00:00Z,0.00313491
2021-06-08T00:00:00Z,-0.00693382
2021-06-07T00:00:00Z,0.01615835
2021-06-06T00:00:00Z,-0.0009574
2021-06-05T00:00:00Z,-0.00309272
2021-06-04T00:00:00Z,-0.00232434
2021-06-03T00:00:00Z,0.01313571
2021-06-02T00:00:00Z,0.02524718
2021-06-01T00:00:00Z,0.01222772
2021-05-31T00:00:00Z,0.01717788
2021-05-30T00:00:00Z,0.01476619
2021-05-29T00:00:00Z,0.0269315
2021-05-28T00:00:00Z,0.01192163
2021-05-27T00:00:00Z,0.01681006
2021-05-26T00:00:00Z,0.03661811
2021-05-25T00:00:00Z,0.00501612
2021-05-24T00:00:00Z,0.03083985
2021-05-23T00:00:00Z,0.02638511
2021-05-22T00:00:00Z,0.061785
2021-05-21T00:00:00Z,-0.00394981
2021-05-20T00:00:00Z,0.02511509
2021-05-19T00:00:00Z,-0.04628664
2021-05-18T00:00:00Z,0.03342858
2021-05-17T00:00:00Z,0.04162776
2021-05-16T00:00:00Z,0.05173441
2021-05-15T00:00:00Z,0.05110527
2021-05-14T00:00:00Z,0.01968904
2021-05-13T00:00:00Z,0.02849607
2021-05-12T00:00:00Z,0.03749201
2021-05-11T00:00:00Z,0.02772796
2021-05-10T00:00:00Z,0.049438
2021-05-09T00:00:00Z,0.02442536
2021-05-08T00:00:00Z,0.03411165
2021-05-07T00:00:00Z,0.03576196
2021-05-06T00:00:00Z,0.04797425
2021-05-05T00:00:00Z,0.04536185
2021-05-04T00:00:00Z,0.03702668
2021-05-03T00:00:00Z,0.0400935
2021-05-02T00:00:00Z,0.02157715
2021-05-01T00:00:00Z,0.01898677
2021-04-30T00:00:00Z,0.03012873
2021-04-29T00:00:00Z,0.01920077
2021-04-28T00:00:00Z,0.03629836
2021-04-27T00:00:00Z,0.03564329
2021-04-26T00:00:00Z,0.0357965
2021-04-25T00:00:00Z,0.03457266
2021-04-24T00:00:00Z,0.0280168
2021-04-23T00:00:00Z,0.04635265
2021-04-22T00:00:00Z,0.04329936
2021-04-21T00:00:00Z,0.03643899
2021-04-20T00:00:00Z,0.029268
2021-04-19T00:00:00Z,0.02631998
2021-04-18T00:00:00Z,-0.00280613
2021-04-17T00:00:00Z,0.0465704
2021-04-16T00:00:00Z,0.06225595
2021-04-15T00:00:00Z,0.08733628
2021-04-14T00:00:00Z,0.11538302
2021-04-13T00:00:00Z,0.12841098
2021-04-12T00:00:00Z,0.13265972
2021-04-11T00:00:00Z,0.10932835
2021-04-10T00:00:00Z,0.16454334
2021-04-09T00:00:00Z,0.05705976
2021-04-08T00:00:00Z,0.04174288
2021-04-07T00:00:00Z,0.04294227
2021-04-06T00:00:00Z,0.11853062
2021-04-05T00:00:00Z,0.07573887
2021-04-04T00:00:00Z,0.05999774
2021-04-03T00:00:00Z,0.11653321
2021-04-02T00:00:00Z,0.12358942
2021-04-01T00:00:00Z,0.11148184
2021-03-31T00:00:00Z,0.07676837
2021-03-30T00:00:00Z,0.07257917
2021-03-29T00:00:00Z,0.06427129
2021-03-28T00:00:00Z,0.04335259
2021-03-27T00:00:00Z,0.0170263
2021-03-26T00:00:00Z,0.01782885
2021-03-25T00:00:00Z,0.02190799
2021-03-24T00:00:00Z,0.0252644
2021-03-23T00:00:00Z,0.0085795
2021-03-22T00:00:00Z,0.02177053
2021-03-21T00:00:00Z,0.02606218
2021-03-20T00:00:00Z,0.0632763
2021-03-19T00:00:00Z,0.01983812
2021-03-18T00:00:00Z,0.0641255
2021-03-17T00:00:00Z,0.02009856
2021-03-16T00:00:00Z,0.014139
2021-03-15T00:00:00Z,0.06835901
2021-03-14T00:00:00Z,0.11857894
2021-03-13T00:00:00Z,0.07327894
2021-03-12T00:00:00Z,0.07644433
2021-03-11T00:00:00Z,0.06595699
2021-03-10T00:00:00Z,0.06058185
2021-03-09T00:00:00Z,0.07239044
2021-03-08T00:00:00Z,0.03587456
2021-03-07T00:00:00Z,0.02143856
2021-03-06T00:00:00Z,0.03929661
2021-03-05T00:00:00Z,0.01555978
2021-03-04T00:00:00Z,0.02494266
2021-03-03T00:00:00Z,0.02180745
2021-03-02T00:00:00Z,0.03179272
2021-03-01T00:00:00Z,0.01096405
2021-02-28T00:00:00Z,0.00580022
2021-02-27T00:00:00Z,0.04224694
2021-02-26T00:00:00Z,0.022337
2021-02-25T00:00:00Z,0.04002089
2021-02-24T00:00:00Z,0.03308496
2021-02-23T00:00:00Z,0.03791819
2021-02-22T00:00:00Z,0.0477145
2021-02-21T00:00:00Z,0.05137415
2021-02-20T00:00:00Z,0.15713661
2021-02-19T00:00:00Z,0.13953727
2021-02-18T00:00:00Z,0.21813109
2021-02-17T00:00:00Z,0.13443499
2021-02-16T00:00:00Z,0.11554102
2021-02-15T00:00:00Z,0.06419245
2021-02-14T00:00:00Z,0.1288806
2021-02-13T00:00:00Z,0.18308251
2021-02-12T00:00:00Z,0.09121675
2021-02-11T00:00:00Z,0.08874995
2021-02-10T00:00:00Z,0.13356135
2021-02-09T00:00:00Z,0.17988216
2021-02-08T00:00:00Z,0.06891998
2021-02-07T00:00:00Z,0.06209069
2021-02-06T00:00:00Z,0.07069217
2021-02-05T00:00:00Z,0.12119655
2021-02-04T00:00:00Z,0.11159491
2021-02-03T00:00:00Z,0.12667349
2021-02-02T00:00:00Z,0.11276181
2021-02-01T00:00:00Z,0.04453387
2021-01-31T00:00:00Z,0.0890593
2021-01-30T00:00:00Z,0.07919258
2021-01-29T00:00:00Z,0.08269556
2021-01-28T00:00:00Z,0.01637965
2021-01-27T00:00:00Z,0.00721087
2021-01-26T00:00:00Z,0.01251519
2021-01-25T00:00:00Z,0.09896369
2021-01-24T00:00:00Z,0.076808
2021-01-23T00:00:00Z,0.03706365
2021-01-22T00:00:00Z,0.00579717
2021-01-21T00:00:00Z,0.03725111
2021-01-20T00:00:00Z,0.0819906
2021-01-19T00:00:00Z,0.17444416
2021-01-18T00:00:00Z,0.09533086
2021-01-17T00:00:00Z,0.08428787
2021-01-16T00:00:00Z,0.07850501
2021-01-15T00:00:00Z,0.10730652
2021-01-14T00:00:00Z,0.1070892
2021-01-13T00:00:00Z,0.08563106
2021-01-12T00:00:00Z,0.05304726
2021-01-11T00:00:00Z,0.15335559
2021-01-10T00:00:00Z,0.18368303
2021-01-09T00:00:00Z,0.08736971
2021-01-08T00:00:00Z,0.11913059
2021-01-07T00:00:00Z,0.14210917
2021-01-06T00:00:00Z,0.14642765
2021-01-05T00:00:00Z,0.09004554
2021-01-04T00:00:00Z,0.23178779
2021-01-03T00:00:00Z,0.13298176
2021-01-02T00:00:00Z,0.04015614
2021-01-01T00:00:00Z,0.01609291
2020-12-31T00:00:00Z,0.02848357
2020-12-30T00:00:00Z,0.06931765
2020-12-29T00:00:00Z,0.07025545
2020-12-28T00:00:00Z,0.09095106
2020-12-27T00:00:00Z,0.07234708
2020-12-26T00:00:00Z,0.04942306
2020-12-25T00:00:00Z,0.03297567
2020-12-24T00:00:00Z,0.00439926
2020-12-23T00:00:00Z,0.03745476
2020-12-22T00:00:00Z,0.01455982
2020-12-21T00:00:00Z,0.04433056
2020-12-20T00:00:00Z,0.05945018
2020-12-19T00:00:00Z,0.05496695
2020-12-18T00:00:00Z,0.07690468
2020-12-17T00:00:00Z,0.11012392
2020-12-16T00:00:00Z,0.02244933
2020-12-15T00:00:00Z,0.01343651
2020-12-14T00:00:00Z,0.02627239
2020-12-13T00:00:00Z,0.01434594
2020-12-12T00:00:00Z,0.00725244
2020-12-11T00:00:00Z,0.0122568
2020-12-10T00:00:00Z,0.00787454
2020-12-09T00:00:00Z,0.012157
2020-12-08T00:00:00Z,0.00997983
2020-12-07T00:00:00Z,0.00156795
2020-12-06T00:00:00Z,0.017099
2020-12-05T00:00:00Z,0.00470122
2020-12-04T00:00:00Z,0.02194798
2020-12-03T00:00:00Z,0.03035818
2020-12-02T00:00:00Z,0.01666261
2020-12-01T00:00:00Z,0.05471833
2020-11-30T00:00:00Z,0.02836833
2020-11-29T00:00:00Z,0.00453006
2020-11-28T00:00:00Z,0.00267483
2020-11-27T00:00:00Z,0.00691551
2020-11-26T00:00:00Z,0.03646138
2020-11-25T00:00:00Z,0.04909072
2020-11-24T00:00:00Z,0.05510232
2020-11-23T00:00:00Z,0.07175195
2020-11-22T00:00:00Z,0.06592697
2020-11-21T00:00:00Z,0.01724286
2020-11-20T00:00:00Z,0.03611598
2020-11-19T00:00:00Z,0.01666719
2020-11-18T00:00:00Z,0.03289795
2020-11-17T00:00:00Z,0.02141389
2020-11-16T00:00:00Z,0.00706983
2020-11-15T00:00:00Z,0.00586695
2020-11-14T00:00:00Z,0.01811997
2020-11-13T00:00:00Z,0.01775736
2020-11-12T00:00:00Z,0.01263583
2020-11-11T00:00:00Z,0.01718194
2020-11-10T00:00:00Z,0.02162653
2020-11-09T00:00:00Z,0.03843559
2020-11-08T00:00:00Z,0.03901865
2020-11-07T00:00:00Z,0.0388205
2020-11-06T00:00:00Z,0.03487989
2020-11-05T00:00:00Z,0.03003789
2020-11-04T00:00:00Z,0.01324811
2020-11-03T00:00:00Z,-0.00002644
2020-11-02T00:00:00Z,0.01556805
2020-11-01T00:00:00Z,0.00000439
2020-10-31T00:00:00Z,0.00136006
2020-10-30T00:00:00Z,0.00357706
2020-10-29T00:00:00Z,-0.00303372
2020-10-28T00:00:00Z,0.01041145
2020-10-27T00:00:00Z,0.00784888
2020-10-26T00:00:00Z,0.00753562
2020-10-25T00:00:00Z,0.01350206
2020-10-24T00:00:00Z,0.01876294
2020-10-23T00:00:00Z,0.03117436
2020-10-22T00:00:00Z,0.03985076
2020-10-21T00:00:00Z,0.02023219
2020-10-20T00:00:00Z,0.0148645
2020-10-19T00:00:00Z,0.01171073
2020-10-18T00:00:00Z,0.00757021
2020-10-17T00:00:00Z,0.00577969
2020-10-16T00:00:00Z,0.00331965
2020-10-15T00:00:00Z,0.00737367
2020-10-14T00:00:00Z,0.0013427
2020-10-13T00:00:00Z,0.00964123
2020-10-12T00:00:00Z,0.01451485
2020-10-11T00:00:00Z,0.01752895
2020-10-10T00:00:00Z,0.02004639
2020-10-09T00:00:00Z,0.01959805
2020-10-08T00:00:00Z,0.00991931
2020-10-07T00:00:00Z,-0.00410715
2020-10-06T00:00:00Z,0.00001372
2020-10-05T00:00:00Z,0.00036805
2020-10-04T00:00:00Z,0.0006457
2020-10-03T00:00:00Z,-0.01054919
2020-10-02T00:00:00Z,-0.00620361
2020-10-01T00:00:00Z,0.00548049
2020-09-30T00:00:00Z,0.00710078
2020-09-29T00:00:00Z,-0.00062507
2020-09-28T00:00:00Z,0.00926525
2020-09-27T00:00:00Z,0.00959394
2020-09-26T00:00:00Z,0.0060996
2020-09-25T00:00:00Z,0.00758561
2020-09-24T00:00:00Z,-0.007777
2020-09-23T00:00:00Z,-0.00426088
2020-09-22T00:00:00Z,-0.00473608
2020-09-21T00:00:00Z,-0.0030739
2020-09-20T00:00:00Z,0.00420519
2020-09-19T00:00:00Z,0.00594367
2020-09-18T00:00:00Z,0.01409768
2020-09-17T00:00:00Z,0.01699568
2020-09-16T00:00:00Z,0.01421083
2020-09-15T00:00:00Z,0.01429106
2020-09-14T00:00:00Z,0.00843184
2020-09-13T00:00:00Z,0.0149103
2020-09-12T00:00:00Z,0.00385039
2020-09-11T00:00:00Z,-0.00137824
2020-09-10T00:00:00Z,0.00199037
2020-09-09T00:00:00Z,0.00662368
2020-09-08T00:00:00Z,0.01174655
2020-09-07T00:00:00Z,0.00321909
2020-09-06T00:00:00Z,-0.00690072
2020-09-05T00:00:00Z,0.00405641
2020-09-04T00:00:00Z,0.00042639
2020-09-03T00:00:00Z,0.00278195
2020-09-02T00:00:00Z,0.03757239
2020-09-01T00:00:00Z,0.04140675
2020-08-31T00:00:00Z,0.02139408
2020-08-30T00:00:00Z,0.00754876
2020-08-29T00:00:00Z,0.00790745
2020-08-28T00:00:00Z,0.00638522
2020-08-27T00:00:00Z,0.00872355
2020-08-26T00:00:00Z,0.00583556
2020-08-25T00:00:00Z,0.01133195
2020-08-24T00:00:00Z,0.02839728
2020-08-23T00:00:00Z,0.01507795
2020-08-22T00:00:00Z,0.01411161
2020-08-21T00:00:00Z,0.01897904
2020-08-20T00:00:00Z,0.02505946
2020-08-19T00:00:00Z,0.02796235
2020-08-18T00:00:00Z,0.06387806
2020-08-17T00:00:00Z,0.07044725
2020-08-16T00:00:00Z,0.0737774
2020-08-15T00:00:00Z,0.08252825
2020-08-14T00:00:00Z,0.08781748
2020-08-13T00:00:00Z,0.03625661
2020-08-12T00:00:00Z,0.01899018
2020-08-11T00:00:00Z,0.03755165
2020-08-10T00:00:00Z,0.04857249
2020-08-09T00:00:00Z,0.03217451
2020-08-08T00:00:00Z,0.01600984
2020-08-07T00:00:00Z,0.03131544
2020-08-06T00:00:00Z,0.0471635
2020-08-05T00:00:00Z,0.05245634
2020-08-04T00:00:00Z,0.05349777
2020-08-03T00:00:00Z,0.058669
2020-08-02T00:00:00Z,0.08023796
2020-08-01T00:00:00Z,0.05896739
2020-07-31T00:00:00Z,0.06119855
2020-07-30T00:00:00Z,0.04805089
2020-07-29T00:00:00Z,0.07474244
2020-07-28T00:00:00Z,0.09067412
2020-07-27T00:00:00Z,0.06976106
2020-07-26T00:00:00Z,0.06845627
2020-07-25T00:00:00Z,0.01902051
2020-07-24T00:00:00Z,0.01840628
2020-07-23T00:00:00Z,0.0310238
2020-07-22T00:00:00Z,-0.00000362
2020-07-21T00:00:00Z,0.00126671
2020-07-20T00:00:00Z,0.00725046
2020-07-19T00:00:00Z,0.00634143
2020-07-18T00:00:00Z,0.00546506
2020-07-17T00:00:00Z,0.01188945
2020-07-16T00:00:00Z,0.01547926
2020-07-15T00:00:00Z,0.01646107
2020-07-14T00:00:00Z,0.01229378
2020-07-13T00:00:00Z,0.01700894
2020-07-12T00:00:00Z,0.00434705
2020-07-11T00:00:00Z,0.01061306
2020-07-10T00:00:00Z,0.02193845
2020-07-09T00:00:00Z,0.021379
2020-07-08T00:00:00Z,0.01831338
2020-07-07T00:00:00Z,0.01266594
2020-07-06T00:00:00Z,0.01913022
2020-07-05T00:00:00Z,0.01089533
2020-07-04T00:00:00Z,0.00672756
2020-07-03T00:00:00Z,0.00486439
2020-07-02T00:00:00Z,0.00636122
2020-07-01T00:00:00Z,0.0127065
2020-06-30T00:00:00Z,0.01179355
2020-06-29T00:00:00Z,0.00639733
2020-06-28T00:00:00Z,0.00830211
2020-06-27T00:00:00Z,0.00689433
2020-06-26T00:00:00Z,0.00794939
2020-06-25T00:00:00Z,0.00647367
2020-06-24T00:00:00Z,0.00957522
2020-06-23T00:00:00Z,0.00885333
2020-06-22T00:00:00Z,0.02172633
2020-06-21T00:00:00Z,0.01570356
2020-06-20T00:00:00Z,0.0087875
2020-06-19T00:00:00Z,0.00743061
2020-06-18T00:00:00Z,0.01472505
2020-06-17T00:00:00Z,0.01162783
2020-06-16T00:00:00Z,0.01397478
2020-06-15T00:00:00Z,0.00770872
2020-06-14T00:00:00Z,0.00854883
2020-06-13T00:00:00Z,0.00510633
2020-06-12T00:00:00Z,0.00840089
2020-06-11T00:00:00Z,0.02067578
2020-06-10T00:00:00Z,0.011467
2020-06-09T00:00:00Z,0.01481105
2020-06-08T00:00:00Z,0.01936089
2020-06-07T00:00:00Z,0.01352944
2020-06-06T00:00:00Z,0.01483683
2020-06-05T00:00:00Z,0.0136525
2020-06-04T00:00:00Z,0.01284417
2020-06-03T00:00:00Z,0.01162078
2020-06-02T00:00:00Z,0.04600267
2020-06-01T00:00:00Z,0.02262495
2020-05-31T00:00:00Z,0.0159225
2020-05-30T00:00:00Z,0.02621911
2020-05-29T00:00:00Z,0.0303
2020-05-28T00:00:00Z,0.02474756
2020-05-27T00:00:00Z,0.02428489
2020-05-26T00:00:00Z,0.00757744
2020-05-25T00:00:00Z,0.00861789
2020-05-24T00:00:00Z,0.01097311
2020-05-23T00:00:00Z,0.009639
2020-05-22T00:00:00Z,0.00777622
2020-05-21T00:00:00Z,0.00238583
2020-05-20T00:00:00Z,0.01447611
2020-05-19T00:00:00Z,0.01711789
2020-05-18T00:00:00Z,0.03070194
2020-05-17T00:00:00Z,0.01711783
2020-05-16T00:00:00Z,0.00907072
2020-05-15T00:00:00Z,0.000423
2020-05-14T00:00:00Z,0.01273567
2020-05-13T00:00:00Z,0.00283172
2020-05-12T00:00:00Z,-0.00413672
2020-05-11T00:00:00Z,0.01144144
2020-05-10T00:00:00Z,-0.01161761
2020-05-09T00:00:00Z,0.01552544
2020-05-08T00:00:00Z,0.03104145
2020-05-07T00:00:00Z,0.01242233
2020-05-06T00:00:00Z,0.01827017
2020-05-05T00:00:00Z,0.01419128
2020-05-04T00:00:00Z,0.00032156
2020-05-03T00:00:00Z,0.02071067
2020-05-02T00:00:00Z,0.01701067
2020-05-01T00:00:00Z,0.01616228
2020-04-30T00:00:00Z,0.01497444
2020-04-29T00:00:00Z,0.01972339
2020-04-28T00:00:00Z,0.00368983
2020-04-27T00:00:00Z,0.000381
2020-04-26T00:00:00Z,0.00765245
2020-04-25T00:00:00Z,0.02197067
2020-04-24T00:00:00Z,0.01830833
2020-04-23T00:00:00Z,0.02090972
2020-04-22T00:00:00Z,0.00628044
2020-04-21T00:00:00Z,-0.00171978
2020-04-20T00:00:00Z,0.00768967
2020-04-19T00:00:00Z,0.002642
2020-04-18T00:00:00Z,0.01657689
2020-04-17T00:00:00Z,0.01352567
2020-04-16T00:00:00Z,-0.00404933
2020-04-15T00:00:00Z,0.00254583
2020-04-14T00:00:00Z,0.01323389
2020-04-13T00:00:00Z,-0.01055833
2020-04-12T00:00:00Z,-0.00055161
2020-04-11T00:00:00Z,-0.006151
2020-04-10T00:00:00Z,-0.01346633
2020-04-09T00:00:00Z,0.00312061
2020-04-08T00:00:00Z,0.02181855
2020-04-07T00:00:00Z,0.01024606
2020-04-06T00:00:00Z,0.01686628
2020-04-05T00:00:00Z,0.00484755
2020-04-04T00:00:00Z,0.00431789
2020-04-03T00:00:00Z,0.00853056
2020-04-02T00:00:00Z,0.01869467
2020-04-01T00:00:00Z,0.000796
2020-03-31T00:00:00Z,-0.00836717
2020-03-30T00:00:00Z,-0.0061495
2020-03-29T00:00:00Z,-0.01653672
2020-03-28T00:00:00Z,-0.07615894
2020-03-27T00:00:00Z,-0.00751728
2020-03-26T00:00:00Z,-0.00270633
2020-03-25T00:00:00Z,-0.00656639
2020-03-24T00:00:00Z,0.00807078
2020-03-23T00:00:00Z,-0.01499883
2020-03-22T00:00:00Z,0.00560789
2020-03-21T00:00:00Z,0.00711972
2020-03-20T00:00:00Z,0.01606694
2020-03-19T00:00:00Z,-0.00153661
2020-03-18T00:00:00Z,-0.02677328
2020-03-17T00:00:00Z,-0.03303483
2020-03-16T00:00:00Z,-0.016082
2020-03-15T00:00:00Z,0.01451917
2020-03-14T00:00:00Z,-0.09168233
2020-03-13T00:00:00Z,-0.21409528
2020-03-12T00:00:00Z,-0.01084611
2020-03-11T00:00:00Z,0.01133911
2020-03-10T00:00:00Z,0.02482139
2020-03-09T00:00:00Z,0.02201645
2020-03-08T00:00:00Z,0.01362528
2020-03-07T00:00:00Z,0.01452811
2020-03-06T00:00:00Z,0.01834461
2020-03-05T00:00:00Z,0.02390233
2020-03-04T00:00:00Z,0.00981517
2020-03-03T00:00:00Z,0.01633067
2020-03-02T00:00:00Z,0.0228265
2020-03-01T00:00:00Z,0.02528767
2020-02-29T00:00:00Z,0.02994928
2020-02-28T00:00:00Z,0.0247105
2020-02-27T00:00:00Z,0.02145439
2020-02-26T00:00:00Z,0.05494556
2020-02-25T00:00:00Z,0.02433855
2020-02-24T00:00:00Z,0.03004994
2020-02-23T00:00:00Z,0.04009389
2020-02-22T00:00:00Z,0.02607872
2020-02-21T00:00:00Z,0.01810433
2020-02-20T00:00:00Z,0.02003661
2020-02-19T00:00:00Z,0.05736939
2020-02-18T00:00:00Z,0.05188667
2020-02-17T00:00:00Z,0.0583295
2020-02-16T00:00:00Z,0.05178728
2020-02-15T00:00:00Z,0.05544439
2020-02-14T00:00:00Z,0.08429895
2020-02-13T00:00:00Z,0.07518356
2020-02-12T00:00:00Z,0.08066261
2020-02-11T00:00:00Z,0.05862578
2020-02-10T00:00:00Z,0.05564717
2020-02-09T00:00:00Z,0.0443355
2020-02-08T00:00:00Z,0.04292717
2020-02-07T00:00:00Z,0.03756505
2020-02-06T00:00:00Z,0.05432428
2020-02-05T00:00:00Z,0.03639228
2020-02-04T00:00:00Z,0.02363628
2020-02-03T00:00:00Z,0.025341
2020-02-02T00:00:00Z,0.03752161
2020-02-01T00:00:00Z,0.03461695
2020-01-31T00:00:00Z,0.05255244
2020-01-30T00:00:00Z,0.0354375
2020-01-29T00:00:00Z,0.0431375
2020-01-28T00:00:00Z,0.02564072
2020-01-27T00:00:00Z,0.02517095
2020-01-26T00:00:00Z,0.01632467
2020-01-25T00:00:00Z,0.01310056
2020-01-24T00:00:00Z,0.01388828
2020-01-23T00:00:00Z,0.00874183
2020-01-22T00:00:00Z,0.01454867
2020-01-21T00:00:00Z,0.0196395
2020-01-20T00:00:00Z,0.02224028
2020-01-19T00:00:00Z,0.02041022
2020-01-18T00:00:00Z,0.01194217
2020-01-17T00:00:00Z,0.0343415
2020-01-16T00:00:00Z,0.03024161
2020-01-15T00:00:00Z,0.03195167
2020-01-14T00:00:00Z,0.0240225
2020-01-13T00:00:00Z,0.01806389
2020-01-12T00:00:00Z,0.01453672
2020-01-11T00:00:00Z,0.01012833
2020-01-10T00:00:00Z,0.00877833
2020-01-09T00:00:00Z,0.00551517
2020-01-08T00:00:00Z,0.00481505
2020-01-07T00:00:00Z,0.00367528
2020-01-06T00:00:00Z,0.00912761
2020-01-05T00:00:00Z,0.00805244
2020-01-04T00:00:00Z,0.00634406
2020-01-03T00:00:00Z,0.00957622
2020-01-02T00:00:00Z,0.0095555
2020-01-01T00:00:00Z,0.01619744
2019-12-31T00:00:00Z,0.02225939
2019-12-30T00:00:00Z,0.0241735
2019-12-29T00:00:00Z,0.01642528
2019-12-28T00:00:00Z,0.01131494
2019-12-27T00:00:00Z,0.01209511
2019-12-26T00:00:00Z,0.01081994
2019-12-25T00:00:00Z,0.006361
2019-12-24T00:00:00Z,0.00578289
2019-12-23T00:00:00Z,0.00655533
2019-12-22T00:00:00Z,0.00281122
2019-12-21T00:00:00Z,-0.011641
2019-12-20T00:00:00Z,-0.00271783
2019-12-19T00:00:00Z,-0.016941
2019-12-18T00:00:00Z,-0.01724561
2019-12-17T00:00:00Z,-0.00027356
2019-12-16T00:00:00Z,0.00560578
2019-12-15T00:00:00Z,-0.00141234
2019-12-14T00:00:00Z,-0.00096639
2019-12-13T00:00:00Z,0.00681078
2019-12-12T00:00:00Z,0.00424133
2019-12-11T00:00:00Z,0.00598028
2019-12-10T00:00:00Z,0.00832233
2019-12-09T00:00:00Z,0.00866772
2019-12-08T00:00:00Z,0.00202406
2019-12-07T00:00:00Z,0.00129755
2019-12-06T00:00:00Z,0.00391472
2019-12-05T00:00:00Z,0.00479372
2019-12-04T00:00:00Z,0.00349095
2019-12-03T00:00:00Z,0.00474433
2019-12-02T00:00:00Z,0.0054495
2019-12-01T00:00:00Z,0.00480122
2019-11-30T00:00:00Z,-0.00215739
2019-11-29T00:00:00Z,-0.01092589
2019-11-28T00:00:00Z,-0.00544505
2019-11-27T00:00:00Z,-0.00906811
2019-11-26T00:00:00Z,-0.01156644
2019-11-25T00:00:00Z,-0.00596644
2019-11-24T00:00:00Z,-0.008093
2019-11-23T00:00:00Z,-0.02681583
2019-11-22T00:00:00Z,-0.00575339
2019-11-21T00:00:00Z,0.00469794
2019-11-20T00:00:00Z,0.0086635
2019-11-19T00:00:00Z,0.00937195
2019-11-18T00:00:00Z,0.00846767
2019-11-17T00:00:00Z,0.00474472
2019-11-16T00:00:00Z,0.00933883
2019-11-15T00:00:00Z,0.01908606
2019-11-14T00:00:00Z,0.01744172
2019-11-13T00:00:00Z,0.01947844
2019-11-12T00:00:00Z,0.01380217
2019-11-11T00:00:00Z,0.01486172
2019-11-10T00:00:00Z,0.01276156
2019-11-09T00:00:00Z,0.00597145
2019-11-08T00:00:00Z,0.01623683
2019-11-07T00:00:00Z,0.01239356
2019-11-06T00:00:00Z,0.01966155
2019-11-05T00:00:00Z,0.019028
2019-11-04T00:00:00Z,0.0129405
2019-11-03T00:00:00Z,0.00905528
2019-11-02T00:00:00Z,0.02009644
2019-11-01T00:00:00Z,0.01342805
2019-10-31T00:00:00Z,0.01250961
2019-10-30T00:00:00Z,0.01568172
2019-10-29T00:00:00Z,0.01948967
2019-10-28T00:00:00Z,0.01353772
2019-10-27T00:00:00Z,0.01335105
2019-10-26T00:00:00Z,0.02830911
2019-10-25T00:00:00Z,-0.01524895
2019-10-24T00:00:00Z,-0.03294256
2019-10-23T00:00:00Z,-0.00316817
2019-10-22T00:00:00Z,0.007505
2019-10-21T00:00:00Z,0.00521917
2019-10-20T00:00:00Z,0.00600356
2019-10-19T00:00:00Z,-0.00207495
2019-10-18T00:00:00Z,-0.00180222
2019-10-17T00:00:00Z,0.00277839
2019-10-16T00:00:00Z,0.00609561
2019-10-15T00:00:00Z,0.01018206
2019-10-14T00:00:00Z,-0.00131645
2019-10-13T00:00:00Z,0.00201845
2019-10-12T00:00:00Z,0.00715355
2019-10-11T00:00:00Z,0.00963889
2019-10-10T00:00:00Z,0.0170925
2019-10-09T00:00:00Z,0.01211194
2019-10-08T00:00:00Z,0.01285561
2019-10-07T00:00:00Z,-0.00032217
2019-10-06T00:00:00Z,0.00532328
2019-10-05T00:00:00Z,0.01017572
2019-10-04T00:00:00Z,-0.00011928
2019-10-03T00:00:00Z,0.0021105
2019-10-02T00:00:00Z,-0.00047611
2019-10-01T00:00:00Z,-0.00199555
2019-09-30T00:00:00Z,0.00167861
2019-09-29T00:00:00Z,-0.00161539
2019-09-28T00:00:00Z,-0.00738272
2019-09-27T00:00:00Z,-0.00148933
2019-09-26T00:00:00Z,0.02085094
2019-09-25T00:00:00Z,-0.0503965
2019-09-24T00:00:00Z,-0.01273444
2019-09-23T00:00:00Z,0.02639956
2019-09-22T00:00:00Z,0.02443589
2019-09-21T00:00:00Z,0.02625755
2019-09-20T00:00:00Z,0.01879478
2019-09-19T00:00:00Z,0.029414
2019-09-18T00:00:00Z,0.00147228
2019-09-17T00:00:00Z,0.00209556
2019-09-16T00:00:00Z,-0.00131422
2019-09-15T00:00:00Z,0.01153078
2019-09-14T00:00:00Z,0.00559067
2019-09-13T00:00:00Z,0.01488567
2019-09-12T00:00:00Z,0.01588395
2019-09-11T00:00:00Z,0.02276017
2019-09-10T00:00:00Z,0.01396911
2019-09-09T00:00:00Z,0.01210478
2019-09-08T00:00:00Z,0.01570489
2019-09-07T00:00:00Z,0.00187583
2019-09-06T00:00:00Z,0.01452711
2019-09-05T00:00:00Z,0.0101675
2019-09-04T00:00:00Z,0.01521578
2019-09-03T00:00:00Z,0.01748294
2019-09-02T00:00:00Z,0.00433339
2019-09-01T00:00:00Z,-0.00277634
2019-08-31T00:00:00Z,-0.01524389
2019-08-30T00:00:00Z,-0.010367
2019-08-29T00:00:00Z,-0.00172883
2019-08-28T00:00:00Z,0.00856433
2019-08-27T00:00:00Z,0.00843761
2019-08-26T00:00:00Z,0.0048083
2019-08-25T00:00:00Z,-0.00504497
2019-08-24T00:00:00Z,-0.00594728
2019-08-23T00:00:00Z,-0.00265319
2019-08-22T00:00:00Z,0.01033334
2019-08-21T00:00:00Z,0.01803233
2019-08-20T00:00:00Z,0.01780603
2019-08-19T00:00:00Z,0.00126139
2019-08-18T00:00:00Z,0.00180242
2019-08-17T00:00:00Z,-0.00925828
2019-08-16T00:00:00Z,-0.01531619
2019-08-15T00:00:00Z,-0.01894647
2019-08-14T00:00:00Z,0.01524011
2019-08-13T00:00:00Z,0.02026183
2019-08-12T00:00:00Z,0.0181555
2019-08-11T00:00:00Z,0.00517886
2019-08-10T00:00:00Z,0.01073828
2019-08-09T00:00:00Z,0.02696728
2019-08-08T00:00:00Z,0.03288419
2019-08-07T00:00:00Z,0.0450627
2019-08-06T00:00:00Z,0.04262458
2019-08-05T00:00:00Z,0.0243585
2019-08-04T00:00:00Z,0.01744903
2019-08-03T00:00:00Z,0.01772714
2019-08-02T00:00:00Z,0.01978425
2019-08-01T00:00:00Z,-0.00194453
2019-07-31T00:00:00Z,0.00720908
2019-07-30T00:00:00Z,0.0062472
2019-07-29T00:00:00Z,0.01592444
2019-07-28T00:00:00Z,0.00824853
2019-07-27T00:00:00Z,0.00389664
2019-07-26T00:00:00Z,0.00235775
2019-07-25T00:00:00Z,0.01085861
2019-07-24T00:00:00Z,0.00302103
2019-07-23T00:00:00Z,0.01220069
2019-07-22T00:00:00Z,0.00216131
2019-07-21T00:00:00Z,0.0039075
2019-07-20T00:00:00Z,0.01083178
2019-07-19T00:00:00Z,0.01386289
2019-07-18T00:00:00Z,-0.01607194
2019-07-17T00:00:00Z,0.00608511
2019-07-16T00:00:00Z,-0.00575
2019-07-15T00:00:00Z,-0.03104733
2019-07-14T00:00:00Z,0.01261839
2019-07-13T00:00:00Z,0.01187778
2019-07-12T00:00:00Z,0.02718411
2019-07-11T00:00:00Z,0.01080039
2019-07-10T00:00:00Z,0.05029611
2019-07-09T00:00:00Z,0.03895806
2019-07-08T00:00:00Z,0.03428889
2019-07-07T00:00:00Z,0.020741
2019-07-06T00:00:00Z,0.01923333
2019-07-05T00:00:00Z,0.030386
2019-07-04T00:00:00Z,0.01786111
2019-07-03T00:00:00Z,0.03302106
2019-07-02T00:00:00Z,0.04431978
2019-07-01T00:00:00Z,0.04111978
2019-06-30T00:00:00Z,0.040011
2019-06-29T00:00:00Z,0.02794367
2019-06-28T00:00:00Z,0.07467539
2019-06-27T00:00:00Z,0.1403715
2019-06-26T00:00:00Z,0.13258889
2019-06-25T00:00:00Z,0.11772672
2019-06-24T00:00:00Z,0.11205355
2019-06-23T00:00:00Z,0.15280878
2019-06-22T00:00:00Z,0.12882111
2019-06-21T00:00:00Z,0.06210356
2019-06-20T00:00:00Z,0.04109894
2019-06-19T00:00:00Z,0.04835283
2019-06-18T00:00:00Z,0.03558978
2019-06-17T00:00:00Z,0.05071789
2019-06-16T00:00:00Z,0.07082489
2019-06-15T00:00:00Z,0.06050822
2019-06-14T00:00:00Z,0.02017833
2019-06-13T00:00:00Z,0.00700194
2019-06-12T00:00:00Z,0.02397794
2019-06-11T00:00:00Z,0.02008772
2019-06-10T00:00:00Z,0.00625289
2019-06-09T00:00:00Z,0.02536656
2019-06-08T00:00:00Z,0.00196472
2019-06-07T00:00:00Z,0.020348
2019-06-06T00:00:00Z,0.01159345
2019-06-05T00:00:00Z,0.00545389
2019-06-04T00:00:00Z,0.017197
2019-06-03T00:00:00Z,0.01610167
2019-06-02T00:00:00Z,0.02900422
2019-06-01T00:00:00Z,0.02194811
2019-05-31T00:00:00Z,0.0188595
2019-05-30T00:00:00Z,0.06349561
2019-05-29T00:00:00Z,0.04994728
2019-05-28T00:00:00Z,0.075983
2019-05-27T00:00:00Z,0.09509961
2019-05-26T00:00:00Z,0.02556472
2019-05-25T00:00:00Z,0.05282117
2019-05-24T00:00:00Z,0.04711489
2019-05-23T00:00:00Z,0.00636145
2019-05-22T00:00:00Z,0.02917472
2019-05-21T00:00:00Z,0.049646
2019-05-20T00:00:00Z,0.06919489
2019-05-19T00:00:00Z,0.06858244
2019-05-18T00:00:00Z,0.02896289
2019-05-17T00:00:00Z,0.06991333
2019-05-16T00:00:00Z,0.13266828
2019-05-15T00:00:00Z,0.04924306
2019-05-14T00:00:00Z,0.07387755
2019-05-13T00:00:00Z,0.06788089
2019-05-12T00:00:00Z,0.00686739
2019-05-11T00:00:00Z,-0.00554022
2019-05-10T00:00:00Z,0.06152811
2019-05-09T00:00:00Z,-0.01263278
2019-05-08T00:00:00Z,0.02766683
2019-05-07T00:00:00Z,0.03820972
2019-05-06T00:00:00Z,0.01937828
2019-05-05T00:00:00Z,0.02388783
2019-05-04T00:00:00Z,-0.00374061
2019-05-03T00:00:00Z,0.02979272
2019-05-02T00:00:00Z,0.00507606
2019-05-01T00:00:00Z,-0.01559722
2019-04-30T00:00:00Z,0.00163333
2019-04-29T00:00:00Z,-0.01007928
2019-04-28T00:00:00Z,0.02092044
2019-04-27T00:00:00Z,-0.01538889
2019-04-26T00:00:00Z,0.01585733
2019-04-25T00:00:00Z,0.029071
2019-04-24T00:00:00Z,0.02342883
2019-04-23T00:00:00Z,0.02909317
2019-04-22T00:00:00Z,0.02097211
2019-04-21T00:00:00Z,0.07944244
2019-04-20T00:00:00Z,0.03777861
2019-04-19T00:00:00Z,0.01661833
2019-04-18T00:00:00Z,0.037182
2019-04-17T00:00:00Z,0.03658967
2019-04-16T00:00:00Z,0.01445233
2019-04-15T00:00:00Z,0.02634617
2019-04-14T00:00:00Z,0.04327644
2019-04-13T00:00:00Z,0.00952222
2019-04-12T00:00:00Z,0.00077989
2019-04-11T00:00:00Z,0.03848311
2019-04-10T00:00:00Z,0.04077555
2019-04-09T00:00:00Z,0.03962283
2019-04-08T00:00:00Z,0.02839805
2019-04-07T00:00:00Z,0.04992017
2019-04-06T00:00:00Z,0.04706817
2019-04-05T00:00:00Z,0.03905289
2019-04-04T00:00:00Z,0.03776083
2019-04-03T00:00:00Z,0.07373167
2019-04-02T00:00:00Z,0.02878872
2019-04-01T00:00:00Z,0.005782
2019-03-31T00:00:00Z,0.01056605
2019-03-30T00:00:00Z,0.00378322
2019-03-29T00:00:00Z,0.00755517
2019-03-28T00:00:00Z,0.00621944
2019-03-27T00:00:00Z,0.00608383
2019-03-26T00:00:00Z,0.00333333
2019-03-25T00:00:00Z,0.00440067
2019-03-24T00:00:00Z,0.00400906
2019-03-23T00:00:00Z,0.00922106
2019-03-22T00:00:00Z,0.00333333
2019-03-21T00:00:00Z,0.00333333
2019-03-20T00:00:00Z,0.00793956
2019-03-19T00:00:00Z,0.00594722
2019-03-18T00:00:00Z,0.00472778
2019-03-17T00:00:00Z,0.00342778
2019-03-16T00:00:00Z,0.01045828
2019-03-15T00:00:00Z,0.00487778
2019-03-14T00:00:00Z,0.00333333
2019-03-13T00:00:00Z,0.00333333
2019-03-12T00:00:00Z,0.00479445
2019-03-11T00:00:00Z,0.00333333
2019-03-10T00:00:00Z,0.00421111
2019-03-09T00:00:00Z,0.00605555
2019-03-08T00:00:00Z,0.01318333
2019-03-07T00:00:00Z,0.01448333
2019-03-06T00:00:00Z,0.0109405
2019-03-05T00:00:00Z,0.00581233
2019-03-04T00:00:00Z,0.00333333
2019-03-03T00:00:00Z,0.00930556
2019-03-02T00:00:00Z,0.00532222
2019-03-01T00:00:00Z,0.00964444
2019-02-28T00:00:00Z,0.00636667
2019-02-27T00:00:00Z,0.00358889
2019-02-26T00:00:00Z,0.00333333
2019-02-25T00:00:00Z,0.00487811
2019-02-24T00:00:00Z,0.02994089
2019-02-23T00:00:00Z,0.00942517
2019-02-22T00:00:00Z,0.01229978
2019-02-21T00:00:00Z,0.00988333
2019-02-20T00:00:00Z,0.02328483
2019-02-19T00:00:00Z,0.01091667
2019-02-18T00:00:00Z,0.00846983
2019-02-17T00:00:00Z,0.00718333
2019-02-16T00:00:00Z,0.00393333
2019-02-15T00:00:00Z,0.00512222
2019-02-14T00:00:00Z,0.00385
2019-02-13T00:00:00Z,0.00333333
2019-02-12T00:00:00Z,0.01922094
2019-02-11T00:00:00Z,0.00718333
2019-02-10T00:00:00Z,0.02363333
2019-02-09T00:00:00Z,0.03264906
2019-02-08T00:00:00Z,0.01192778
2019-02-07T00:00:00Z,0.00333333
2019-02-06T00:00:00Z,0.0033
2019-02-05T00:00:00Z,0.01182222
2019-02-04T00:00:00Z,0.00834456
2019-02-03T00:00:00Z,0.00333333
2019-02-02T00:00:00Z,0.00333333
2019-02-01T00:00:00Z,0.00725556
2019-01-31T00:00:00Z,0.00333333
2019-01-30T00:00:00Z,0.00333333
2019-01-29T00:00:00Z,0.00173333
2019-01-28T00:00:00Z,0.00275056
2019-01-27T00:00:00Z,0.0056
2019-01-26T00:00:00Z,0.0059
2019-01-25T00:00:00Z,0.00664417
2019-01-24T00:00:00Z,0.00129444
2019-01-23T00:00:00Z,0.00206667
2019-01-22T00:00:00Z,0.0031
2019-01-21T00:00:00Z,0.00471667
2019-01-20T00:00:00Z,0.00315
2019-01-19T00:00:00Z,0.01455555
2019-01-18T00:00:00Z,0.00166667
2019-01-17T00:00:00Z,0.00215555
2019-01-16T00:00:00Z,0.00046667
2019-01-15T00:00:00Z,-0.00169444
2019-01-14T00:00:00Z,-0.00807778
2019-01-13T00:00:00Z,0.00166667
2019-01-12T00:00:00Z,-0.00378333
2019-01-11T00:00:00Z,-0.00411111
2019-01-10T00:00:00Z,0.00646111
2019-01-09T00:00:00Z,0.00870556
2019-01-08T00:00:00Z,0.00328889
2019-01-07T00:00:00Z,0.00158889
2019-01-06T00:00:00Z,-0.00953889
2019-01-05T00:00:00Z,0.00547778
2019-01-04T00:00:00Z,-0.00727778
2019-01-03T00:00:00Z,0.00166667
2019-01-02T00:00:00Z,0.00560556
2019-01-01T00:00:00Z,0.01912222
2018-12-31T00:00:00Z,0.02738889
2018-12-30T00:00:00Z,0.00166667
2018-12-29T00:00:00Z,0.01463333
2018-12-28T00:00:00Z,0.00748889
2018-12-27T00:00:00Z,0.00977778
2018-12-26T00:00:00Z,0.01263889
2018-12-25T00:00:00Z,0.01821667
2018-12-24T00:00:00Z,0.01330555
2018-12-23T00:00:00Z,0.00231667
2018-12-22T00:00:00Z,0.00977778
2018-12-21T00:00:00Z,0.00447222
2018-12-20T00:00:00Z,0.00055
2018-12-19T00:00:00Z,0.00142222
2018-12-18T00:00:00Z,0.00675
2018-12-17T00:00:00Z,0.00166667
2018-12-16T00:00:00Z,0.00166667
2018-12-15T00:00:00Z,0.00419444
2018-12-14T00:00:00Z,0.00166667
2018-12-13T00:00:00Z,0.0029
2018-12-12T00:00:00Z,0.00166667
2018-12-11T00:00:00Z,0.00727778
2018-12-10T00:00:00Z,0.00273889
2018-12-09T00:00:00Z,0.01828889
2018-12-08T00:00:00Z,0.01652778
2018-12-07T00:00:00Z,-0.00658333
2018-12-06T00:00:00Z,0.00266111
2018-12-05T00:00:00Z,0.00471111
2018-12-04T00:00:00Z,0.00123333
2018-12-03T00:00:00Z,0.0048
2018-12-02T00:00:00Z,0.00159444
2018-12-01T00:00:00Z,0.00554444
2018-11-30T00:00:00Z,0.00122222
2018-11-29T00:00:00Z,0.00382222
2018-11-28T00:00:00Z,0.00788889
2018-11-27T00:00:00Z,0.00405
2018-11-26T00:00:00Z,0.00701111
2018-11-25T00:00:00Z,0.04103333
2018-11-24T00:00:00Z,0.00447778
2018-11-23T00:00:00Z,0.00153333
2018-11-22T00:00:00Z,-0.00191667
2018-11-21T00:00:00Z,0.00599445
2018-11-20T00:00:00Z,0.00793333
2018-11-19T00:00:00Z,0.00702778
2018-11-18T00:00:00Z,-0.00160556
2018-11-17T00:00:00Z,0.00253889
2018-11-16T00:00:00Z,-0.00123333
2018-11-15T00:00:00Z,-0.00928889
2018-11-14T00:00:00Z,-0.00429445
2018-11-13T00:00:00Z,0.01783333
2018-11-12T00:00:00Z,0.01836667
2018-11-11T00:00:00Z,0.00101667
2018-11-10T00:00:00Z,0.00537778
2018-11-09T00:00:00Z,0.02126111
2018-11-08T00:00:00Z,0.0101
2018-11-07T00:00:00Z,0.00516667
2018-11-06T00:00:00Z,0.0136
2018-11-05T00:00:00Z,0.01696111
2018-11-04T00:00:00Z,0.01311667
2018-11-03T00:00:00Z,0.00515556
2018-11-02T00:00:00Z,0.00143889
2018-11-01T00:00:00Z,0.00210555
2018-10-31T00:00:00Z,0.00375556
2018-10-30T00:00:00Z,0.00612222
2018-10-29T00:00:00Z,0.00746111
2018-10-28T00:00:00Z,0.00432778
2018-10-27T00:00:00Z,0.00140555
2018-10-26T00:00:00Z,0.00443333
2018-10-25T00:00:00Z,0.00722778
2018-10-24T00:00:00Z,0.00166667
2018-10-23T00:00:00Z,0.00198889
2018-10-22T00:00:00Z,0.00670555
2018-10-21T00:00:00Z,-0.00007778
2018-10-20T00:00:00Z,0.00636111
2018-10-19T00:00:00Z,0.00166667
2018-10-18T00:00:00Z,0.00252778
2018-10-17T00:00:00Z,0.00866111
2018-10-16T00:00:00Z,0.00166667
2018-10-15T00:00:00Z,0.01092778
2018-10-14T00:00:00Z,0.00426667
2018-10-13T00:00:00Z,-0.00241111
2018-10-12T00:00:00Z,-0.00203333
2018-10-11T00:00:00Z,-0.00052222
2018-10-10T00:00:00Z,0.01425
2018-10-09T00:00:00Z,0.01318333
2018-10-08T00:00:00Z,0.01102778
2018-10-07T00:00:00Z,0.01263333
2018-10-06T00:00:00Z,0.00478889
2018-10-05T00:00:00Z,0.00400556
2018-10-04T00:00:00Z,0.00603889
2018-10-03T00:00:00Z,0.01088889
2018-10-02T00:00:00Z,0.01637222
2018-10-01T00:00:00Z,0.01585556
2018-09-30T00:00:00Z,0.02220556
2018-09-29T00:00:00Z,0.00957222
2018-09-28T00:00:00Z,0.01496667
2018-09-27T00:00:00Z,0.00515556
2018-09-26T00:00:00Z,0.00145
2018-09-25T00:00:00Z,0.00332222
2018-09-24T00:00:00Z,0.02700556
2018-09-23T00:00:00Z,0.01502222
2018-09-22T00:00:00Z,0.03635
2018-09-21T00:00:00Z,0.0148
2018-09-20T00:00:00Z,0.00588333
2018-09-19T00:00:00Z,0.00293333
2018-09-18T00:00:00Z,0.00166667
2018-09-17T00:00:00Z,0.00441667
2018-09-16T00:00:00Z,0.00166667
2018-09-15T00:00:00Z,0.00517778
2018-09-14T00:00:00Z,0.00500556
2018-09-13T00:00:00Z,-0.00168333
2018-09-12T00:00:00Z,0.00492778
2018-09-11T00:00:00Z,0.00612222
2018-09-10T00:00:00Z,0.0033
2018-09-09T00:00:00Z,-0.00008333
2018-09-08T00:00:00Z,0.00280555
2018-09-07T00:00:00Z,0.00166667
2018-09-06T00:00:00Z,-0.00288889
2018-09-05T00:00:00Z,0.00272222
2018-09-04T00:00:00Z,0.01361667
2018-09-03T00:00:00Z,0.01203333
2018-09-02T00:00:00Z,0.02515555
2018-09-01T00:00:00Z,0.00197222
2018-08-31T00:00:00Z,0.00992778
2018-08-30T00:00:00Z,0.00333333
2018-08-29T00:00:00Z,0.0153
2018-08-28T00:00:00Z,0.01086111
2018-08-27T00:00:00Z,0.01406111
2018-08-26T00:00:00Z,0.00658333
2018-08-25T00:00:00Z,0.01381667
2018-08-24T00:00:00Z,0.00982222
2018-08-23T00:00:00Z,0.00637222
2018-08-22T00:00:00Z,0.00776111
2018-08-21T00:00:00Z,0.00552222
2018-08-20T00:00:00Z,0.01158333
2018-08-19T00:00:00Z,0.00166667
2018-08-18T00:00:00Z,0.00438889
2018-08-17T00:00:00Z,0.00651667
2018-08-16T00:00:00Z,-0.00253333
2018-08-15T00:00:00Z,0.00227778
2018-08-14T00:00:00Z,0.00645
2018-08-13T00:00:00Z,0.01277222
2018-08-12T00:00:00Z,0.00457222
2018-08-11T00:00:00Z,0.01077222
2018-08-10T00:00:00Z,0.00599445
2018-08-09T00:00:00Z,0.00166667
2018-08-08T00:00:00Z,0.00166667
2018-08-07T00:00:00Z,0.00403889
2018-08-06T00:00:00Z,0.00363889
2018-08-05T00:00:00Z,0.00980556
2018-08-04T00:00:00Z,0.01586667
2018-08-03T00:00:00Z,0.00295555
2018-08-02T00:00:00Z,0.00527778
