Datetime,Estimated Leverage Ratio
2025-05-05T00:00:00Z,0.25162271
2025-05-04T00:00:00Z,0.25638167
2025-05-03T00:00:00Z,0.2574838
2025-05-02T00:00:00Z,0.26403622
2025-05-01T00:00:00Z,0.26797073
2025-04-30T00:00:00Z,0.25038354
2025-04-29T00:00:00Z,0.25488493
2025-04-28T00:00:00Z,0.25386566
2025-04-27T00:00:00Z,0.25785694
2025-04-26T00:00:00Z,0.26063295
2025-04-25T00:00:00Z,0.27087641
2025-04-24T00:00:00Z,0.25589962
2025-04-23T00:00:00Z,0.25215955
2025-04-22T00:00:00Z,0.2644138
2025-04-21T00:00:00Z,0.24914633
2025-04-20T00:00:00Z,0.23574448
2025-04-19T00:00:00Z,0.23951748
2025-04-18T00:00:00Z,0.23316021
2025-04-17T00:00:00Z,0.23625468
2025-04-16T00:00:00Z,0.23189207
2025-04-15T00:00:00Z,0.23444646
2025-04-14T00:00:00Z,0.23044904
2025-04-13T00:00:00Z,0.22972963
2025-04-12T00:00:00Z,0.24356784
2025-04-11T00:00:00Z,0.23823757
2025-04-10T00:00:00Z,0.22374264
2025-04-09T00:00:00Z,0.23157336
2025-04-08T00:00:00Z,0.23390471
2025-04-07T00:00:00Z,0.22315826
2025-04-06T00:00:00Z,0.24133205
2025-04-05T00:00:00Z,0.22319174
2025-04-04T00:00:00Z,0.2280565
2025-04-03T00:00:00Z,0.22575748
2025-04-02T00:00:00Z,0.22812379
2025-04-01T00:00:00Z,0.23928904
2025-03-31T00:00:00Z,0.23029433
2025-03-30T00:00:00Z,0.24221847
2025-03-29T00:00:00Z,0.24881172
2025-03-28T00:00:00Z,0.25749269
2025-03-27T00:00:00Z,0.24200081
2025-03-26T00:00:00Z,0.23993553
2025-03-25T00:00:00Z,0.24732516
2025-03-24T00:00:00Z,0.24820741
2025-03-23T00:00:00Z,0.23605431
2025-03-22T00:00:00Z,0.22785518
2025-03-21T00:00:00Z,0.22932882
2025-03-20T00:00:00Z,0.2286232
2025-03-19T00:00:00Z,0.24030139
2025-03-18T00:00:00Z,0.23284513
2025-03-17T00:00:00Z,0.22894259
2025-03-16T00:00:00Z,0.22788292
2025-03-15T00:00:00Z,0.23468265
2025-03-14T00:00:00Z,0.2348366
2025-03-13T00:00:00Z,0.23153188
2025-03-12T00:00:00Z,0.21971139
2025-03-11T00:00:00Z,0.21537198
2025-03-10T00:00:00Z,0.22372759
2025-03-09T00:00:00Z,0.22513031
2025-03-08T00:00:00Z,0.21263427
2025-03-07T00:00:00Z,0.21372266
2025-03-06T00:00:00Z,0.21143269
2025-03-05T00:00:00Z,0.21148803
2025-03-04T00:00:00Z,0.20663397
2025-03-03T00:00:00Z,0.21678772
2025-03-02T00:00:00Z,0.2268505
2025-03-01T00:00:00Z,0.22684421
2025-02-28T00:00:00Z,0.22973567
2025-02-27T00:00:00Z,0.23912972
2025-02-26T00:00:00Z,0.24103485
2025-02-25T00:00:00Z,0.24795192
2025-02-24T00:00:00Z,0.25206524
2025-02-23T00:00:00Z,0.23315667
2025-02-22T00:00:00Z,0.23028868
2025-02-21T00:00:00Z,0.23210628
2025-02-20T00:00:00Z,0.25330176
2025-02-19T00:00:00Z,0.23964746
2025-02-18T00:00:00Z,0.24658733
2025-02-17T00:00:00Z,0.24015263
2025-02-16T00:00:00Z,0.23707502
2025-02-15T00:00:00Z,0.2353167
2025-02-14T00:00:00Z,0.23561607
2025-02-13T00:00:00Z,0.23845851
2025-02-12T00:00:00Z,0.23809236
2025-02-11T00:00:00Z,0.24127196
2025-02-10T00:00:00Z,0.23169061
2025-02-09T00:00:00Z,0.22693757
2025-02-08T00:00:00Z,0.22941724
2025-02-07T00:00:00Z,0.22807715
2025-02-06T00:00:00Z,0.22811121
2025-02-05T00:00:00Z,0.22824901
2025-02-04T00:00:00Z,0.21671194
2025-02-03T00:00:00Z,0.22315273
2025-02-02T00:00:00Z,0.23711418
2025-02-01T00:00:00Z,0.23546294
2025-01-31T00:00:00Z,0.23449023
2025-01-30T00:00:00Z,0.23060927
2025-01-29T00:00:00Z,0.22738651
2025-01-28T00:00:00Z,0.22604931
2025-01-27T00:00:00Z,0.2276453
2025-01-26T00:00:00Z,0.22744957
2025-01-25T00:00:00Z,0.22475109
2025-01-24T00:00:00Z,0.22821883
2025-01-23T00:00:00Z,0.22663582
2025-01-22T00:00:00Z,0.23071686
2025-01-21T00:00:00Z,0.23350399
2025-01-20T00:00:00Z,0.23026438
2025-01-19T00:00:00Z,0.23231506
2025-01-18T00:00:00Z,0.23529551
2025-01-17T00:00:00Z,0.24468469
2025-01-16T00:00:00Z,0.23310922
2025-01-15T00:00:00Z,0.23492958
2025-01-14T00:00:00Z,0.23230882
2025-01-13T00:00:00Z,0.23266241
2025-01-12T00:00:00Z,0.23567029
2025-01-11T00:00:00Z,0.23507759
2025-01-10T00:00:00Z,0.23432913
2025-01-09T00:00:00Z,0.23479315
2025-01-08T00:00:00Z,0.23742099
2025-01-07T00:00:00Z,0.23894603
2025-01-06T00:00:00Z,0.2404739
2025-01-05T00:00:00Z,0.2311179
2025-01-04T00:00:00Z,0.22937796
2025-01-03T00:00:00Z,0.23219551
2025-01-02T00:00:00Z,0.23414613
2025-01-01T00:00:00Z,0.23093711
2024-12-31T00:00:00Z,0.22983215
2024-12-30T00:00:00Z,0.23196047
2024-12-29T00:00:00Z,0.23252322
2024-12-28T00:00:00Z,0.2291194
2024-12-27T00:00:00Z,0.22905116
2024-12-26T00:00:00Z,0.22552452
2024-12-25T00:00:00Z,0.2239534
2024-12-24T00:00:00Z,0.22301131
2024-12-23T00:00:00Z,0.22436821
2024-12-22T00:00:00Z,0.216667
2024-12-21T00:00:00Z,0.21528239
2024-12-20T00:00:00Z,0.21426641
2024-12-19T00:00:00Z,0.21940246
2024-12-18T00:00:00Z,0.22149987
2024-12-17T00:00:00Z,0.21825773
2024-12-16T00:00:00Z,0.21937883
2024-12-15T00:00:00Z,0.22315413
2024-12-14T00:00:00Z,0.21214414
2024-12-13T00:00:00Z,0.21119463
2024-12-12T00:00:00Z,0.21066717
2024-12-11T00:00:00Z,0.20437241
2024-12-10T00:00:00Z,0.1979985
2024-12-09T00:00:00Z,0.20222294
2024-12-08T00:00:00Z,0.19917168
2024-12-07T00:00:00Z,0.19953645
2024-12-06T00:00:00Z,0.19851237
2024-12-05T00:00:00Z,0.20568174
2024-12-04T00:00:00Z,0.21043167
2024-12-03T00:00:00Z,0.20144327
2024-12-02T00:00:00Z,0.20256169
2024-12-01T00:00:00Z,0.20302756
2024-11-30T00:00:00Z,0.20383294
2024-11-29T00:00:00Z,0.20744667
2024-11-28T00:00:00Z,0.20515778
2024-11-27T00:00:00Z,0.20665747
2024-11-26T00:00:00Z,0.21012359
2024-11-25T00:00:00Z,0.2172754
2024-11-24T00:00:00Z,0.20952906
2024-11-23T00:00:00Z,0.21316849
2024-11-22T00:00:00Z,0.21268359
2024-11-21T00:00:00Z,0.21239143
2024-11-20T00:00:00Z,0.21296359
2024-11-19T00:00:00Z,0.20455848
2024-11-18T00:00:00Z,0.20110595
2024-11-17T00:00:00Z,0.19925324
2024-11-16T00:00:00Z,0.19795987
2024-11-15T00:00:00Z,0.19723502
2024-11-14T00:00:00Z,0.20208988
2024-11-13T00:00:00Z,0.19346312
2024-11-12T00:00:00Z,0.19611808
2024-11-11T00:00:00Z,0.19795469
2024-11-10T00:00:00Z,0.20222939
2024-11-09T00:00:00Z,0.20615118
2024-11-08T00:00:00Z,0.21092082
2024-11-07T00:00:00Z,0.20885545
2024-11-06T00:00:00Z,0.20947958
2024-11-05T00:00:00Z,0.19525037
2024-11-04T00:00:00Z,0.19724298
2024-11-03T00:00:00Z,0.19729814
2024-11-02T00:00:00Z,0.20032213
2024-11-01T00:00:00Z,0.19877455
2024-10-31T00:00:00Z,0.20890263
2024-10-30T00:00:00Z,0.21063056
2024-10-29T00:00:00Z,0.21053388
2024-10-28T00:00:00Z,0.20879985
2024-10-27T00:00:00Z,0.1979734
2024-10-26T00:00:00Z,0.19508834
2024-10-25T00:00:00Z,0.19474397
2024-10-24T00:00:00Z,0.20243323
2024-10-23T00:00:00Z,0.20258213
2024-10-22T00:00:00Z,0.20220316
2024-10-21T00:00:00Z,0.20105861
2024-10-20T00:00:00Z,0.20016403
2024-10-19T00:00:00Z,0.2010573
2024-10-18T00:00:00Z,0.20144866
2024-10-17T00:00:00Z,0.19285538
2024-10-16T00:00:00Z,0.19854772
2024-10-15T00:00:00Z,0.1914988
2024-10-14T00:00:00Z,0.19739962
2024-10-13T00:00:00Z,0.19423971
2024-10-12T00:00:00Z,0.19899386
2024-10-11T00:00:00Z,0.19622871
2024-10-10T00:00:00Z,0.19169039
2024-10-09T00:00:00Z,0.19271244
2024-10-08T00:00:00Z,0.18805097
2024-10-07T00:00:00Z,0.18606928
2024-10-06T00:00:00Z,0.18866828
2024-10-05T00:00:00Z,0.18542829
2024-10-04T00:00:00Z,0.18568362
2024-10-03T00:00:00Z,0.18670795
2024-10-02T00:00:00Z,0.18356086
2024-10-01T00:00:00Z,0.1878994
2024-09-30T00:00:00Z,0.1894234
2024-09-29T00:00:00Z,0.1882147
2024-09-28T00:00:00Z,0.18766891
2024-09-27T00:00:00Z,0.18891344
2024-09-26T00:00:00Z,0.19022122
2024-09-25T00:00:00Z,0.1894955
2024-09-24T00:00:00Z,0.19033104
2024-09-23T00:00:00Z,0.18523719
2024-09-22T00:00:00Z,0.18387409
2024-09-21T00:00:00Z,0.18648477
2024-09-20T00:00:00Z,0.18589955
2024-09-19T00:00:00Z,0.19097051
2024-09-18T00:00:00Z,0.18508173
2024-09-17T00:00:00Z,0.18505925
2024-09-16T00:00:00Z,0.18275307
2024-09-15T00:00:00Z,0.18591443
2024-09-14T00:00:00Z,0.18830957
2024-09-13T00:00:00Z,0.19124133
2024-09-12T00:00:00Z,0.18468097
2024-09-11T00:00:00Z,0.18355586
2024-09-10T00:00:00Z,0.18356245
2024-09-09T00:00:00Z,0.18286751
2024-09-08T00:00:00Z,0.17858502
2024-09-07T00:00:00Z,0.17775851
2024-09-06T00:00:00Z,0.17903571
2024-09-05T00:00:00Z,0.17427477
2024-09-04T00:00:00Z,0.17064726
2024-09-03T00:00:00Z,0.17516934
2024-09-02T00:00:00Z,0.17015299
2024-09-01T00:00:00Z,0.17029457
2024-08-31T00:00:00Z,0.16919217
2024-08-30T00:00:00Z,0.16872707
2024-08-29T00:00:00Z,0.16989662
2024-08-28T00:00:00Z,0.16784212
2024-08-27T00:00:00Z,0.17022701
2024-08-26T00:00:00Z,0.17398531
2024-08-25T00:00:00Z,0.17899043
2024-08-24T00:00:00Z,0.17716065
2024-08-23T00:00:00Z,0.17627467
2024-08-22T00:00:00Z,0.17237562
2024-08-21T00:00:00Z,0.17400485
2024-08-20T00:00:00Z,0.16892286
2024-08-19T00:00:00Z,0.16720858
2024-08-18T00:00:00Z,0.16994386
2024-08-17T00:00:00Z,0.1695957
2024-08-16T00:00:00Z,0.16903799
2024-08-15T00:00:00Z,0.1710778
2024-08-14T00:00:00Z,0.16577442
2024-08-13T00:00:00Z,0.16106296
2024-08-12T00:00:00Z,0.15449549
2024-08-11T00:00:00Z,0.15951605
2024-08-10T00:00:00Z,0.15751104
2024-08-09T00:00:00Z,0.15606615
2024-08-08T00:00:00Z,0.1595047
2024-08-07T00:00:00Z,0.16616976
2024-08-06T00:00:00Z,0.16416116
2024-08-05T00:00:00Z,0.16144124
2024-08-04T00:00:00Z,0.18416126
2024-08-03T00:00:00Z,0.18279074
2024-08-02T00:00:00Z,0.18506062
2024-08-01T00:00:00Z,0.18432032
2024-07-31T00:00:00Z,0.18542338
2024-07-30T00:00:00Z,0.18434171
2024-07-29T00:00:00Z,0.18538923
2024-07-28T00:00:00Z,0.18249651
2024-07-27T00:00:00Z,0.18137269
2024-07-26T00:00:00Z,0.17838898
2024-07-25T00:00:00Z,0.17531173
2024-07-24T00:00:00Z,0.17443102
2024-07-23T00:00:00Z,0.17419436
2024-07-22T00:00:00Z,0.17455225
2024-07-21T00:00:00Z,0.17496224
2024-07-20T00:00:00Z,0.17674017
2024-07-19T00:00:00Z,0.17880348
2024-07-18T00:00:00Z,0.16986855
2024-07-17T00:00:00Z,0.16923626
2024-07-16T00:00:00Z,0.16962032
2024-07-15T00:00:00Z,0.17531748
2024-07-14T00:00:00Z,0.1764456
2024-07-13T00:00:00Z,0.17489326
2024-07-12T00:00:00Z,0.17135927
2024-07-11T00:00:00Z,0.1750113
2024-07-10T00:00:00Z,0.17122975
2024-07-09T00:00:00Z,0.17083897
2024-07-08T00:00:00Z,0.16671229
2024-07-07T00:00:00Z,0.17333093
2024-07-06T00:00:00Z,0.1708686
2024-07-05T00:00:00Z,0.17465262
2024-07-04T00:00:00Z,0.18707686
2024-07-03T00:00:00Z,0.19205834
2024-07-02T00:00:00Z,0.18921914
2024-07-01T00:00:00Z,0.1834409
2024-06-30T00:00:00Z,0.18813187
2024-06-29T00:00:00Z,0.18496755
2024-06-28T00:00:00Z,0.18473948
2024-06-27T00:00:00Z,0.17819228
2024-06-26T00:00:00Z,0.18052561
2024-06-25T00:00:00Z,0.18045545
2024-06-24T00:00:00Z,0.18388757
2024-06-23T00:00:00Z,0.18454928
2024-06-22T00:00:00Z,0.18356158
2024-06-21T00:00:00Z,0.18233682
2024-06-20T00:00:00Z,0.17849876
2024-06-19T00:00:00Z,0.17932433
2024-06-18T00:00:00Z,0.17946967
2024-06-17T00:00:00Z,0.18149207
2024-06-16T00:00:00Z,0.18334233
2024-06-15T00:00:00Z,0.18236498
2024-06-14T00:00:00Z,0.18300527
2024-06-13T00:00:00Z,0.18463128
2024-06-12T00:00:00Z,0.1817563
2024-06-11T00:00:00Z,0.18317774
2024-06-10T00:00:00Z,0.18426691
2024-06-09T00:00:00Z,0.18363085
2024-06-08T00:00:00Z,0.18117853
2024-06-07T00:00:00Z,0.18284122
2024-06-06T00:00:00Z,0.18220814
2024-06-05T00:00:00Z,0.18158179
2024-06-04T00:00:00Z,0.17783551
2024-06-03T00:00:00Z,0.17187858
2024-06-02T00:00:00Z,0.16756134
2024-06-01T00:00:00Z,0.16719364
2024-05-31T00:00:00Z,0.1687936
2024-05-30T00:00:00Z,0.1655011
2024-05-29T00:00:00Z,0.16849182
2024-05-28T00:00:00Z,0.16397277
2024-05-27T00:00:00Z,0.16156701
2024-05-26T00:00:00Z,0.15940129
2024-05-25T00:00:00Z,0.15959859
2024-05-24T00:00:00Z,0.15753931
2024-05-23T00:00:00Z,0.15823958
2024-05-22T00:00:00Z,0.16210462
2024-05-21T00:00:00Z,0.16147642
2024-05-20T00:00:00Z,0.15777253
2024-05-19T00:00:00Z,0.1631641
2024-05-18T00:00:00Z,0.16383707
2024-05-17T00:00:00Z,0.16264828
2024-05-16T00:00:00Z,0.16171391
2024-05-15T00:00:00Z,0.16586898
2024-05-14T00:00:00Z,0.1571487
2024-05-13T00:00:00Z,0.16106023
2024-05-12T00:00:00Z,0.15963676
2024-05-11T00:00:00Z,0.1616123
2024-05-10T00:00:00Z,0.16319756
2024-05-09T00:00:00Z,0.15590868
2024-05-08T00:00:00Z,0.15854791
2024-05-07T00:00:00Z,0.15922696
2024-05-06T00:00:00Z,0.15718087
2024-05-05T00:00:00Z,0.15847965
2024-05-04T00:00:00Z,0.15954468
2024-05-03T00:00:00Z,0.15983203
2024-05-02T00:00:00Z,0.15810719
2024-05-01T00:00:00Z,0.16141717
2024-04-30T00:00:00Z,0.1657873
2024-04-29T00:00:00Z,0.15729335
2024-04-28T00:00:00Z,0.15621726
2024-04-27T00:00:00Z,0.1600518
2024-04-26T00:00:00Z,0.15670726
2024-04-25T00:00:00Z,0.15640253
2024-04-24T00:00:00Z,0.16014483
2024-04-23T00:00:00Z,0.15571739
2024-04-22T00:00:00Z,0.15681682
2024-04-21T00:00:00Z,0.1531952
2024-04-20T00:00:00Z,0.15342478
2024-04-19T00:00:00Z,0.15119289
2024-04-18T00:00:00Z,0.15366265
2024-04-17T00:00:00Z,0.15603336
2024-04-16T00:00:00Z,0.1509801
2024-04-15T00:00:00Z,0.15717969
2024-04-14T00:00:00Z,0.1521685
2024-04-13T00:00:00Z,0.15225406
2024-04-12T00:00:00Z,0.16993425
2024-04-11T00:00:00Z,0.16674
2024-04-10T00:00:00Z,0.16556129
2024-04-09T00:00:00Z,0.1702057
2024-04-08T00:00:00Z,0.17041781
2024-04-07T00:00:00Z,0.16553671
2024-04-06T00:00:00Z,0.16224043
2024-04-05T00:00:00Z,0.16041183
2024-04-04T00:00:00Z,0.16539169
2024-04-03T00:00:00Z,0.16893601
2024-04-02T00:00:00Z,0.16783252
2024-04-01T00:00:00Z,0.17019414
2024-03-31T00:00:00Z,0.16800645
2024-03-30T00:00:00Z,0.16624265
2024-03-29T00:00:00Z,0.16580286
2024-03-28T00:00:00Z,0.17070497
2024-03-27T00:00:00Z,0.16979837
2024-03-26T00:00:00Z,0.16704413
2024-03-25T00:00:00Z,0.16662528
2024-03-24T00:00:00Z,0.16142931
2024-03-23T00:00:00Z,0.16032674
2024-03-22T00:00:00Z,0.16007789
2024-03-21T00:00:00Z,0.15876295
2024-03-20T00:00:00Z,0.1599435
2024-03-19T00:00:00Z,0.16296817
2024-03-18T00:00:00Z,0.16343639
2024-03-17T00:00:00Z,0.16252991
2024-03-16T00:00:00Z,0.16384994
2024-03-15T00:00:00Z,0.16256701
2024-03-14T00:00:00Z,0.17432365
2024-03-13T00:00:00Z,0.16557406
2024-03-12T00:00:00Z,0.16684974
2024-03-11T00:00:00Z,0.16774498
2024-03-10T00:00:00Z,0.16238831
2024-03-09T00:00:00Z,0.15541603
2024-03-08T00:00:00Z,0.1550497
2024-03-07T00:00:00Z,0.15633185
2024-03-06T00:00:00Z,0.15540959
2024-03-05T00:00:00Z,0.15792272
2024-03-04T00:00:00Z,0.16508187
2024-03-03T00:00:00Z,0.15892925
2024-03-02T00:00:00Z,0.15528255
2024-03-01T00:00:00Z,0.15604478
2024-02-29T00:00:00Z,0.15426678
2024-02-28T00:00:00Z,0.15469268
2024-02-27T00:00:00Z,0.16420379
2024-02-26T00:00:00Z,0.17187128
2024-02-25T00:00:00Z,0.16928873
2024-02-24T00:00:00Z,0.17207713
2024-02-23T00:00:00Z,0.17264555
2024-02-22T00:00:00Z,0.16846707
2024-02-21T00:00:00Z,0.17060464
2024-02-20T00:00:00Z,0.16993558
2024-02-19T00:00:00Z,0.1746243
2024-02-18T00:00:00Z,0.17149156
2024-02-17T00:00:00Z,0.17550868
2024-02-16T00:00:00Z,0.17327309
2024-02-15T00:00:00Z,0.17314768
2024-02-14T00:00:00Z,0.17640175
2024-02-13T00:00:00Z,0.17351997
2024-02-12T00:00:00Z,0.17883175
2024-02-11T00:00:00Z,0.17346961
2024-02-10T00:00:00Z,0.17000641
2024-02-09T00:00:00Z,0.16677704
2024-02-08T00:00:00Z,0.17381423
2024-02-07T00:00:00Z,0.16863091
2024-02-06T00:00:00Z,0.16386301
2024-02-05T00:00:00Z,0.16272005
2024-02-04T00:00:00Z,0.15840533
2024-02-03T00:00:00Z,0.15796152
2024-02-02T00:00:00Z,0.15618758
2024-02-01T00:00:00Z,0.15654982
2024-01-31T00:00:00Z,0.15627049
2024-01-30T00:00:00Z,0.15697663
2024-01-29T00:00:00Z,0.15891406
2024-01-28T00:00:00Z,0.15731633
2024-01-27T00:00:00Z,0.16086103
2024-01-26T00:00:00Z,0.16361205
2024-01-25T00:00:00Z,0.16239364
2024-01-24T00:00:00Z,0.16032201
2024-01-23T00:00:00Z,0.15819177
2024-01-22T00:00:00Z,0.1605141
2024-01-21T00:00:00Z,0.15908039
2024-01-20T00:00:00Z,0.15842767
2024-01-19T00:00:00Z,0.15864105
2024-01-18T00:00:00Z,0.16350971
2024-01-17T00:00:00Z,0.1585922
2024-01-16T00:00:00Z,0.15632306
2024-01-15T00:00:00Z,0.1578656
2024-01-14T00:00:00Z,0.16454849
2024-01-13T00:00:00Z,0.16097509
2024-01-12T00:00:00Z,0.16113667
2024-01-11T00:00:00Z,0.15390442
2024-01-10T00:00:00Z,0.14796946
2024-01-09T00:00:00Z,0.15209661
2024-01-08T00:00:00Z,0.15779767
2024-01-07T00:00:00Z,0.15531865
2024-01-06T00:00:00Z,0.15290341
2024-01-05T00:00:00Z,0.15079975
2024-01-04T00:00:00Z,0.15651374
2024-01-03T00:00:00Z,0.15602178
2024-01-02T00:00:00Z,0.16960079
2024-01-01T00:00:00Z,0.16771642
2023-12-31T00:00:00Z,0.16569478
2023-12-30T00:00:00Z,0.1697885
2023-12-29T00:00:00Z,0.17119315
2023-12-28T00:00:00Z,0.1710388
2023-12-27T00:00:00Z,0.17046893
2023-12-26T00:00:00Z,0.17279749
2023-12-25T00:00:00Z,0.16687544
2023-12-24T00:00:00Z,0.16800526
2023-12-23T00:00:00Z,0.16722949
2023-12-22T00:00:00Z,0.16717115
2023-12-21T00:00:00Z,0.16986061
2023-12-20T00:00:00Z,0.17177948
2023-12-19T00:00:00Z,0.16906963
2023-12-18T00:00:00Z,0.16586787
2023-12-17T00:00:00Z,0.16801588
2023-12-16T00:00:00Z,0.16736617
2023-12-15T00:00:00Z,0.16643563
2023-12-14T00:00:00Z,0.16817966
2023-12-13T00:00:00Z,0.17138346
2023-12-12T00:00:00Z,0.17101777
2023-12-11T00:00:00Z,0.1721262
2023-12-10T00:00:00Z,0.17771444
2023-12-09T00:00:00Z,0.17506727
2023-12-08T00:00:00Z,0.17707666
2023-12-07T00:00:00Z,0.18355737
2023-12-06T00:00:00Z,0.1830292
2023-12-05T00:00:00Z,0.1843485
2023-12-04T00:00:00Z,0.18437045
2023-12-03T00:00:00Z,0.18698376
2023-12-02T00:00:00Z,0.18904213
2023-12-01T00:00:00Z,0.20066169
2023-11-30T00:00:00Z,0.18547413
2023-11-29T00:00:00Z,0.18548051
2023-11-28T00:00:00Z,0.18282687
2023-11-27T00:00:00Z,0.17862087
2023-11-26T00:00:00Z,0.17799043
2023-11-25T00:00:00Z,0.17864093
2023-11-24T00:00:00Z,0.17930893
2023-11-23T00:00:00Z,0.17971935
2023-11-22T00:00:00Z,0.17706269
2023-11-21T00:00:00Z,0.1792446
2023-11-20T00:00:00Z,0.17995687
2023-11-19T00:00:00Z,0.17767933
2023-11-18T00:00:00Z,0.1748974
2023-11-17T00:00:00Z,0.17274622
2023-11-16T00:00:00Z,0.17860245
2023-11-15T00:00:00Z,0.17878075
2023-11-14T00:00:00Z,0.17406592
2023-11-13T00:00:00Z,0.17877021
2023-11-12T00:00:00Z,0.17715425
2023-11-11T00:00:00Z,0.17523217
2023-11-10T00:00:00Z,0.17599035
2023-11-09T00:00:00Z,0.18231646
2023-11-08T00:00:00Z,0.19707814
2023-11-07T00:00:00Z,0.19436863
2023-11-06T00:00:00Z,0.19104469
2023-11-05T00:00:00Z,0.19106658
2023-11-04T00:00:00Z,0.18796782
2023-11-03T00:00:00Z,0.186015
2023-11-02T00:00:00Z,0.18595215
2023-11-01T00:00:00Z,0.19150386
2023-10-31T00:00:00Z,0.1921616
2023-10-30T00:00:00Z,0.1902798
2023-10-29T00:00:00Z,0.19366946
2023-10-28T00:00:00Z,0.18801117
2023-10-27T00:00:00Z,0.18640675
2023-10-26T00:00:00Z,0.1878319
2023-10-25T00:00:00Z,0.18715298
2023-10-24T00:00:00Z,0.17918239
2023-10-23T00:00:00Z,0.18578892
2023-10-22T00:00:00Z,0.20587866
2023-10-21T00:00:00Z,0.20924655
2023-10-20T00:00:00Z,0.20541582
2023-10-19T00:00:00Z,0.20778258
2023-10-18T00:00:00Z,0.20017978
2023-10-17T00:00:00Z,0.20554291
2023-10-16T00:00:00Z,0.20116224
2023-10-15T00:00:00Z,0.21834527
2023-10-14T00:00:00Z,0.21555222
2023-10-13T00:00:00Z,0.2142688
2023-10-12T00:00:00Z,0.21578843
2023-10-11T00:00:00Z,0.21801391
2023-10-10T00:00:00Z,0.21266571
2023-10-09T00:00:00Z,0.21070061
2023-10-08T00:00:00Z,0.21310134
2023-10-07T00:00:00Z,0.21340155
2023-10-06T00:00:00Z,0.21443906
2023-10-05T00:00:00Z,0.21018296
2023-10-04T00:00:00Z,0.20768438
2023-10-03T00:00:00Z,0.20235733
2023-10-02T00:00:00Z,0.20161918
2023-10-01T00:00:00Z,0.20042639
2023-09-30T00:00:00Z,0.20552127
2023-09-29T00:00:00Z,0.20458571
2023-09-28T00:00:00Z,0.2094989
2023-09-27T00:00:00Z,0.20386313
2023-09-26T00:00:00Z,0.20583665
2023-09-25T00:00:00Z,0.20115718
2023-09-24T00:00:00Z,0.19703085
2023-09-23T00:00:00Z,0.19677319
2023-09-22T00:00:00Z,0.19793108
2023-09-21T00:00:00Z,0.19968229
2023-09-20T00:00:00Z,0.1982859
2023-09-19T00:00:00Z,0.20237822
2023-09-18T00:00:00Z,0.19880565
2023-09-17T00:00:00Z,0.19293319
2023-09-16T00:00:00Z,0.19507882
2023-09-15T00:00:00Z,0.19534649
2023-09-14T00:00:00Z,0.2024151
2023-09-13T00:00:00Z,0.19678333
2023-09-12T00:00:00Z,0.1937423
2023-09-11T00:00:00Z,0.19810881
2023-09-10T00:00:00Z,0.1873274
2023-09-09T00:00:00Z,0.19020417
2023-09-08T00:00:00Z,0.19129118
2023-09-07T00:00:00Z,0.18980913
2023-09-06T00:00:00Z,0.18893739
2023-09-05T00:00:00Z,0.18886452
2023-09-04T00:00:00Z,0.1844679
2023-09-03T00:00:00Z,0.18614362
2023-09-02T00:00:00Z,0.18500328
2023-09-01T00:00:00Z,0.18590863
2023-08-31T00:00:00Z,0.18576452
2023-08-30T00:00:00Z,0.19476417
2023-08-29T00:00:00Z,0.20111806
2023-08-28T00:00:00Z,0.18774894
2023-08-27T00:00:00Z,0.18906732
2023-08-26T00:00:00Z,0.18737224
2023-08-25T00:00:00Z,0.18640148
2023-08-24T00:00:00Z,0.18816173
2023-08-23T00:00:00Z,0.1852419
2023-08-22T00:00:00Z,0.18837397
2023-08-21T00:00:00Z,0.19403451
2023-08-20T00:00:00Z,0.19266849
2023-08-19T00:00:00Z,0.1887724
2023-08-18T00:00:00Z,0.19349937
2023-08-17T00:00:00Z,0.20131989
2023-08-16T00:00:00Z,0.2373301
2023-08-15T00:00:00Z,0.23195515
2023-08-14T00:00:00Z,0.22322729
2023-08-13T00:00:00Z,0.22885806
2023-08-12T00:00:00Z,0.23096101
2023-08-11T00:00:00Z,0.23185932
2023-08-10T00:00:00Z,0.23313193
2023-08-09T00:00:00Z,0.22986174
2023-08-08T00:00:00Z,0.23863814
2023-08-07T00:00:00Z,0.22924209
2023-08-06T00:00:00Z,0.2280588
2023-08-05T00:00:00Z,0.23039496
2023-08-04T00:00:00Z,0.23224664
2023-08-03T00:00:00Z,0.23018773
2023-08-02T00:00:00Z,0.22812436
2023-08-01T00:00:00Z,0.22585188
2023-07-31T00:00:00Z,0.23043379
2023-07-30T00:00:00Z,0.22569824
2023-07-29T00:00:00Z,0.2265946
2023-07-28T00:00:00Z,0.22680642
2023-07-27T00:00:00Z,0.22619591
2023-07-26T00:00:00Z,0.22482931
2023-07-25T00:00:00Z,0.22655924
2023-07-24T00:00:00Z,0.2309775
2023-07-23T00:00:00Z,0.21047096
2023-07-22T00:00:00Z,0.21602264
2023-07-21T00:00:00Z,0.21737939
2023-07-20T00:00:00Z,0.22319821
2023-07-19T00:00:00Z,0.21799001
2023-07-18T00:00:00Z,0.22207536
2023-07-17T00:00:00Z,0.2154112
2023-07-16T00:00:00Z,0.21422236
2023-07-15T00:00:00Z,0.21284059
2023-07-14T00:00:00Z,0.20301427
2023-07-13T00:00:00Z,0.21962315
2023-07-12T00:00:00Z,0.22083537
2023-07-11T00:00:00Z,0.2075864
2023-07-10T00:00:00Z,0.21391914
2023-07-09T00:00:00Z,0.21842993
2023-07-08T00:00:00Z,0.20799024
2023-07-07T00:00:00Z,0.21362686
2023-07-06T00:00:00Z,0.21142409
2023-07-05T00:00:00Z,0.21874565
2023-07-04T00:00:00Z,0.21858828
2023-07-03T00:00:00Z,0.21878778
2023-07-02T00:00:00Z,0.20368941
2023-07-01T00:00:00Z,0.21103911
2023-06-30T00:00:00Z,0.20723407
2023-06-29T00:00:00Z,0.22616324
2023-06-28T00:00:00Z,0.22024101
2023-06-27T00:00:00Z,0.22545356
2023-06-26T00:00:00Z,0.22451145
2023-06-25T00:00:00Z,0.21850381
2023-06-24T00:00:00Z,0.22268173
2023-06-23T00:00:00Z,0.22346346
2023-06-22T00:00:00Z,0.22409642
2023-06-21T00:00:00Z,0.22218732
2023-06-20T00:00:00Z,0.23524196
2023-06-19T00:00:00Z,0.21871189
2023-06-18T00:00:00Z,0.21586754
2023-06-17T00:00:00Z,0.21450569
2023-06-16T00:00:00Z,0.21949952
2023-06-15T00:00:00Z,0.21430053
2023-06-14T00:00:00Z,0.21251502
2023-06-13T00:00:00Z,0.21241353
2023-06-12T00:00:00Z,0.20843032
2023-06-11T00:00:00Z,0.20607148
2023-06-10T00:00:00Z,0.20728189
2023-06-09T00:00:00Z,0.20524271
2023-06-08T00:00:00Z,0.20457895
2023-06-07T00:00:00Z,0.1995639
2023-06-06T00:00:00Z,0.20797197
2023-06-05T00:00:00Z,0.22234628
2023-06-04T00:00:00Z,0.20509969
2023-06-03T00:00:00Z,0.20973446
2023-06-02T00:00:00Z,0.20937448
2023-06-01T00:00:00Z,0.21098517
2023-05-31T00:00:00Z,0.20759683
2023-05-30T00:00:00Z,0.21077298
2023-05-29T00:00:00Z,0.20960847
2023-05-28T00:00:00Z,0.20974086
2023-05-27T00:00:00Z,0.20504356
2023-05-26T00:00:00Z,0.20543351
2023-05-25T00:00:00Z,0.21000877
2023-05-24T00:00:00Z,0.21030524
2023-05-23T00:00:00Z,0.20371726
2023-05-22T00:00:00Z,0.20122662
2023-05-21T00:00:00Z,0.20116353
2023-05-20T00:00:00Z,0.19988403
2023-05-19T00:00:00Z,0.19715287
2023-05-18T00:00:00Z,0.19921096
2023-05-17T00:00:00Z,0.20206421
2023-05-16T00:00:00Z,0.20375314
2023-05-15T00:00:00Z,0.20230127
2023-05-14T00:00:00Z,0.19972726
2023-05-13T00:00:00Z,0.19833449
2023-05-12T00:00:00Z,0.19724576
2023-05-11T00:00:00Z,0.20381161
2023-05-10T00:00:00Z,0.19209033
2023-05-09T00:00:00Z,0.20291163
2023-05-08T00:00:00Z,0.20217946
2023-05-07T00:00:00Z,0.19109485
2023-05-06T00:00:00Z,0.18888091
2023-05-05T00:00:00Z,0.19421102
2023-05-04T00:00:00Z,0.19015504
2023-05-03T00:00:00Z,0.18468465
2023-05-02T00:00:00Z,0.1899039
2023-05-01T00:00:00Z,0.18867513
2023-04-30T00:00:00Z,0.18323127
2023-04-29T00:00:00Z,0.18670944
2023-04-28T00:00:00Z,0.1857748
2023-04-27T00:00:00Z,0.18264303
2023-04-26T00:00:00Z,0.17537194
2023-04-25T00:00:00Z,0.19387753
2023-04-24T00:00:00Z,0.1939598
2023-04-23T00:00:00Z,0.19467881
2023-04-22T00:00:00Z,0.19946676
2023-04-21T00:00:00Z,0.1969302
2023-04-20T00:00:00Z,0.19791687
2023-04-19T00:00:00Z,0.19312056
2023-04-18T00:00:00Z,0.19993798
2023-04-17T00:00:00Z,0.19956735
2023-04-16T00:00:00Z,0.19698191
2023-04-15T00:00:00Z,0.19992089
2023-04-14T00:00:00Z,0.19821781
2023-04-13T00:00:00Z,0.21307274
2023-04-12T00:00:00Z,0.21243932
2023-04-11T00:00:00Z,0.21512701
2023-04-10T00:00:00Z,0.21704838
2023-04-09T00:00:00Z,0.19713901
2023-04-08T00:00:00Z,0.19531748
2023-04-07T00:00:00Z,0.19617012
2023-04-06T00:00:00Z,0.19225226
2023-04-05T00:00:00Z,0.18849857
2023-04-04T00:00:00Z,0.19057435
2023-04-03T00:00:00Z,0.18681448
2023-04-02T00:00:00Z,0.19778112
2023-04-01T00:00:00Z,0.19803709
2023-03-31T00:00:00Z,0.19911252
2023-03-30T00:00:00Z,0.19628894
2023-03-29T00:00:00Z,0.2050955
2023-03-28T00:00:00Z,0.19919583
2023-03-27T00:00:00Z,0.19599443
2023-03-26T00:00:00Z,0.1943546
2023-03-25T00:00:00Z,0.18834122
2023-03-24T00:00:00Z,0.18803161
2023-03-23T00:00:00Z,0.19410342
2023-03-22T00:00:00Z,0.20612241
2023-03-21T00:00:00Z,0.20247023
2023-03-20T00:00:00Z,0.20461957
2023-03-19T00:00:00Z,0.20631934
2023-03-18T00:00:00Z,0.20098233
2023-03-17T00:00:00Z,0.20098426
2023-03-16T00:00:00Z,0.1981939
2023-03-15T00:00:00Z,0.19863254
2023-03-14T00:00:00Z,0.19909656
2023-03-13T00:00:00Z,0.20091338
2023-03-12T00:00:00Z,0.19518751
2023-03-11T00:00:00Z,0.2134272
2023-03-10T00:00:00Z,0.22095148
2023-03-09T00:00:00Z,0.22200719
2023-03-08T00:00:00Z,0.22826311
2023-03-07T00:00:00Z,0.22320223
2023-03-06T00:00:00Z,0.22403669
2023-03-05T00:00:00Z,0.22071676
2023-03-04T00:00:00Z,0.22494676
2023-03-03T00:00:00Z,0.22705108
2023-03-02T00:00:00Z,0.23575037
2023-03-01T00:00:00Z,0.22672211
2023-02-28T00:00:00Z,0.23207174
2023-02-27T00:00:00Z,0.22625269
2023-02-26T00:00:00Z,0.23099915
2023-02-25T00:00:00Z,0.23529611
2023-02-24T00:00:00Z,0.23198325
2023-02-23T00:00:00Z,0.23267513
2023-02-22T00:00:00Z,0.23286608
2023-02-21T00:00:00Z,0.23463029
2023-02-20T00:00:00Z,0.23321189
2023-02-19T00:00:00Z,0.23054125
2023-02-18T00:00:00Z,0.23143319
2023-02-17T00:00:00Z,0.22553872
2023-02-16T00:00:00Z,0.22973334
2023-02-15T00:00:00Z,0.23336809
2023-02-14T00:00:00Z,0.23474542
2023-02-13T00:00:00Z,0.23006847
2023-02-12T00:00:00Z,0.22922997
2023-02-11T00:00:00Z,0.23093267
2023-02-10T00:00:00Z,0.23285904
2023-02-09T00:00:00Z,0.2316322
2023-02-08T00:00:00Z,0.23883338
2023-02-07T00:00:00Z,0.23287348
2023-02-06T00:00:00Z,0.23569376
2023-02-05T00:00:00Z,0.23631915
2023-02-04T00:00:00Z,0.22872841
2023-02-03T00:00:00Z,0.22767427
2023-02-02T00:00:00Z,0.22711069
2023-02-01T00:00:00Z,0.22840063
2023-01-31T00:00:00Z,0.22642464
2023-01-30T00:00:00Z,0.22317686
2023-01-29T00:00:00Z,0.23142751
2023-01-28T00:00:00Z,0.21859239
2023-01-27T00:00:00Z,0.21682079
2023-01-26T00:00:00Z,0.21656273
2023-01-25T00:00:00Z,0.21223736
2023-01-24T00:00:00Z,0.22500922
2023-01-23T00:00:00Z,0.22146317
2023-01-22T00:00:00Z,0.22277878
2023-01-21T00:00:00Z,0.22404023
2023-01-20T00:00:00Z,0.23082467
2023-01-19T00:00:00Z,0.2450022
2023-01-18T00:00:00Z,0.2398203
2023-01-17T00:00:00Z,0.24140494
2023-01-16T00:00:00Z,0.23616042
2023-01-15T00:00:00Z,0.23058201
2023-01-14T00:00:00Z,0.22802209
2023-01-13T00:00:00Z,0.26474256
2023-01-12T00:00:00Z,0.26025631
2023-01-11T00:00:00Z,0.26610803
2023-01-10T00:00:00Z,0.27626011
2023-01-09T00:00:00Z,0.26342645
2023-01-08T00:00:00Z,0.26211351
2023-01-07T00:00:00Z,0.26887745
2023-01-06T00:00:00Z,0.26671066
2023-01-05T00:00:00Z,0.27127003
2023-01-04T00:00:00Z,0.26632483
2023-01-03T00:00:00Z,0.27741341
2023-01-02T00:00:00Z,0.27575656
2023-01-01T00:00:00Z,0.28009802
2022-12-31T00:00:00Z,0.27698385
2022-12-30T00:00:00Z,0.27966392
2022-12-29T00:00:00Z,0.27965971
2022-12-28T00:00:00Z,0.27645326
2022-12-27T00:00:00Z,0.27024757
2022-12-26T00:00:00Z,0.2602621
2022-12-25T00:00:00Z,0.2606429
2022-12-24T00:00:00Z,0.2604012
2022-12-23T00:00:00Z,0.2616849
2022-12-22T00:00:00Z,0.2624478
2022-12-21T00:00:00Z,0.25777096
2022-12-20T00:00:00Z,0.25425386
2022-12-19T00:00:00Z,0.26199485
2022-12-18T00:00:00Z,0.25973956
2022-12-17T00:00:00Z,0.26249198
2022-12-16T00:00:00Z,0.25764053
2022-12-15T00:00:00Z,0.26422252
2022-12-14T00:00:00Z,0.26446247
2022-12-13T00:00:00Z,0.25694765
2022-12-12T00:00:00Z,0.24878086
2022-12-11T00:00:00Z,0.25044805
2022-12-10T00:00:00Z,0.25076644
2022-12-09T00:00:00Z,0.24700352
2022-12-08T00:00:00Z,0.24782888
2022-12-07T00:00:00Z,0.24749241
2022-12-06T00:00:00Z,0.24753719
2022-12-05T00:00:00Z,0.25643086
2022-12-04T00:00:00Z,0.26290918
2022-12-03T00:00:00Z,0.25851662
2022-12-02T00:00:00Z,0.25570816
2022-12-01T00:00:00Z,0.25857069
2022-11-30T00:00:00Z,0.27236061
2022-11-29T00:00:00Z,0.27809689
2022-11-28T00:00:00Z,0.27596192
2022-11-27T00:00:00Z,0.27850509
2022-11-26T00:00:00Z,0.27647696
2022-11-25T00:00:00Z,0.27460743
2022-11-24T00:00:00Z,0.27391033
2022-11-23T00:00:00Z,0.27185848
2022-11-22T00:00:00Z,0.27878697
2022-11-21T00:00:00Z,0.28135205
2022-11-20T00:00:00Z,0.27469701
2022-11-19T00:00:00Z,0.26805061
2022-11-18T00:00:00Z,0.26839769
2022-11-17T00:00:00Z,0.27767902
2022-11-16T00:00:00Z,0.27018614
2022-11-15T00:00:00Z,0.26172193
2022-11-14T00:00:00Z,0.25576482
2022-11-13T00:00:00Z,0.2654391
2022-11-12T00:00:00Z,0.2617056
2022-11-11T00:00:00Z,0.25887638
2022-11-10T00:00:00Z,0.25905088
2022-11-09T00:00:00Z,0.28473448
2022-11-08T00:00:00Z,0.25217302
2022-11-07T00:00:00Z,0.28571536
2022-11-06T00:00:00Z,0.30298557
2022-11-05T00:00:00Z,0.31535597
2022-11-04T00:00:00Z,0.30653966
2022-11-03T00:00:00Z,0.29100562
2022-11-02T00:00:00Z,0.28903722
2022-11-01T00:00:00Z,0.29514561
2022-10-31T00:00:00Z,0.29444495
2022-10-30T00:00:00Z,0.30353905
2022-10-29T00:00:00Z,0.31437003
2022-10-28T00:00:00Z,0.31033931
2022-10-27T00:00:00Z,0.31584685
2022-10-26T00:00:00Z,0.33832036
2022-10-25T00:00:00Z,0.34706955
2022-10-24T00:00:00Z,0.32928345
2022-10-23T00:00:00Z,0.34482816
2022-10-22T00:00:00Z,0.3390419
2022-10-21T00:00:00Z,0.34083505
2022-10-20T00:00:00Z,0.35047797
2022-10-19T00:00:00Z,0.34700898
2022-10-18T00:00:00Z,0.33994794
2022-10-17T00:00:00Z,0.34613932
2022-10-16T00:00:00Z,0.32911086
2022-10-15T00:00:00Z,0.33784867
2022-10-14T00:00:00Z,0.33431386
2022-10-13T00:00:00Z,0.34509386
2022-10-12T00:00:00Z,0.33765578
2022-10-11T00:00:00Z,0.35904657
2022-10-10T00:00:00Z,0.3508821
2022-10-09T00:00:00Z,0.3417466
2022-10-08T00:00:00Z,0.33655381
2022-10-07T00:00:00Z,0.33548393
2022-10-06T00:00:00Z,0.33354276
2022-10-05T00:00:00Z,0.33282096
2022-10-04T00:00:00Z,0.34306493
2022-10-03T00:00:00Z,0.3072804
2022-10-02T00:00:00Z,0.29629266
2022-10-01T00:00:00Z,0.29442939
2022-09-30T00:00:00Z,0.2863124
2022-09-29T00:00:00Z,0.29121253
2022-09-28T00:00:00Z,0.2954546
2022-09-27T00:00:00Z,0.28990971
2022-09-26T00:00:00Z,0.28900939
2022-09-25T00:00:00Z,0.28370093
2022-09-24T00:00:00Z,0.28152497
2022-09-23T00:00:00Z,0.27705439
2022-09-22T00:00:00Z,0.27916143
2022-09-21T00:00:00Z,0.27516813
2022-09-20T00:00:00Z,0.27723771
2022-09-19T00:00:00Z,0.27321433
2022-09-18T00:00:00Z,0.28250777
2022-09-17T00:00:00Z,0.28017685
2022-09-16T00:00:00Z,0.27795139
2022-09-15T00:00:00Z,0.27541081
2022-09-14T00:00:00Z,0.27708619
2022-09-13T00:00:00Z,0.27961399
2022-09-12T00:00:00Z,0.31299696
2022-09-11T00:00:00Z,0.31183545
2022-09-10T00:00:00Z,0.30720849
2022-09-09T00:00:00Z,0.30604389
2022-09-08T00:00:00Z,0.29958793
2022-09-07T00:00:00Z,0.30229116
2022-09-06T00:00:00Z,0.31715845
2022-09-05T00:00:00Z,0.30811594
2022-09-04T00:00:00Z,0.3008831
2022-09-03T00:00:00Z,0.3059188
2022-09-02T00:00:00Z,0.29012709
2022-09-01T00:00:00Z,0.2936412
2022-08-31T00:00:00Z,0.28454176
2022-08-30T00:00:00Z,0.30471142
2022-08-29T00:00:00Z,0.29979851
2022-08-28T00:00:00Z,0.30435884
2022-08-27T00:00:00Z,0.3007819
2022-08-26T00:00:00Z,0.29292838
2022-08-25T00:00:00Z,0.2783611
2022-08-24T00:00:00Z,0.28031837
2022-08-23T00:00:00Z,0.27970232
2022-08-22T00:00:00Z,0.27885097
2022-08-21T00:00:00Z,0.27887883
2022-08-20T00:00:00Z,0.27926134
2022-08-19T00:00:00Z,0.28204007
2022-08-18T00:00:00Z,0.28551121
2022-08-17T00:00:00Z,0.28537797
2022-08-16T00:00:00Z,0.27024719
2022-08-15T00:00:00Z,0.26756704
2022-08-14T00:00:00Z,0.27252321
2022-08-13T00:00:00Z,0.27538589
2022-08-12T00:00:00Z,0.27233868
2022-08-11T00:00:00Z,0.26886069
2022-08-10T00:00:00Z,0.26518393
2022-08-09T00:00:00Z,0.28109312
2022-08-08T00:00:00Z,0.27947052
2022-08-07T00:00:00Z,0.26770086
2022-08-06T00:00:00Z,0.26760691
2022-08-05T00:00:00Z,0.26111523
2022-08-04T00:00:00Z,0.2682075
2022-08-03T00:00:00Z,0.27299299
2022-08-02T00:00:00Z,0.26448583
2022-08-01T00:00:00Z,0.2677145
2022-07-31T00:00:00Z,0.2706947
2022-07-30T00:00:00Z,0.27576988
2022-07-29T00:00:00Z,0.27640543
2022-07-28T00:00:00Z,0.2747458
2022-07-27T00:00:00Z,0.28423311
2022-07-26T00:00:00Z,0.27135819
2022-07-25T00:00:00Z,0.26651616
2022-07-24T00:00:00Z,0.27310189
2022-07-23T00:00:00Z,0.27513131
2022-07-22T00:00:00Z,0.27358507
2022-07-21T00:00:00Z,0.27099307
2022-07-20T00:00:00Z,0.27118895
2022-07-19T00:00:00Z,0.28256383
2022-07-18T00:00:00Z,0.26990209
2022-07-17T00:00:00Z,0.27805628
2022-07-16T00:00:00Z,0.27675178
2022-07-15T00:00:00Z,0.28119075
2022-07-14T00:00:00Z,0.27825778
2022-07-13T00:00:00Z,0.27409949
2022-07-12T00:00:00Z,0.27742393
2022-07-11T00:00:00Z,0.27157992
2022-07-10T00:00:00Z,0.27074112
2022-07-09T00:00:00Z,0.27251967
2022-07-08T00:00:00Z,0.27553163
2022-07-07T00:00:00Z,0.28872176
2022-07-06T00:00:00Z,0.27057225
2022-07-05T00:00:00Z,0.26480844
2022-07-04T00:00:00Z,0.26929851
2022-07-03T00:00:00Z,0.25704199
2022-07-02T00:00:00Z,0.25956046
2022-07-01T00:00:00Z,0.25379506
2022-06-30T00:00:00Z,0.25453649
2022-06-29T00:00:00Z,0.25879028
2022-06-28T00:00:00Z,0.25815035
2022-06-27T00:00:00Z,0.25429467
2022-06-26T00:00:00Z,0.25064292
2022-06-25T00:00:00Z,0.25304009
2022-06-24T00:00:00Z,0.24203325
2022-06-23T00:00:00Z,0.24082032
2022-06-22T00:00:00Z,0.2458529
2022-06-21T00:00:00Z,0.24342011
2022-06-20T00:00:00Z,0.24150242
2022-06-19T00:00:00Z,0.23878228
2022-06-18T00:00:00Z,0.25248404
2022-06-17T00:00:00Z,0.25558943
2022-06-16T00:00:00Z,0.25405842
2022-06-15T00:00:00Z,0.24209512
2022-06-14T00:00:00Z,0.25450595
2022-06-13T00:00:00Z,0.25029618
2022-06-12T00:00:00Z,0.2700754
2022-06-11T00:00:00Z,0.26861804
2022-06-10T00:00:00Z,0.26289047
2022-06-09T00:00:00Z,0.25155581
2022-06-08T00:00:00Z,0.24306516
2022-06-07T00:00:00Z,0.25404611
2022-06-06T00:00:00Z,0.27167896
2022-06-05T00:00:00Z,0.25285299
2022-06-04T00:00:00Z,0.25994251
2022-06-03T00:00:00Z,0.27027385
2022-06-02T00:00:00Z,0.26701445
2022-06-01T00:00:00Z,0.26574522
2022-05-31T00:00:00Z,0.27039706
2022-05-30T00:00:00Z,0.26653947
2022-05-29T00:00:00Z,0.27194889
2022-05-28T00:00:00Z,0.26303593
2022-05-27T00:00:00Z,0.26112545
2022-05-26T00:00:00Z,0.25967554
2022-05-25T00:00:00Z,0.25557538
2022-05-24T00:00:00Z,0.25630288
2022-05-23T00:00:00Z,0.2571866
2022-05-22T00:00:00Z,0.25300517
2022-05-21T00:00:00Z,0.24694177
2022-05-20T00:00:00Z,0.2511762
2022-05-19T00:00:00Z,0.25080416
2022-05-18T00:00:00Z,0.24493952
2022-05-17T00:00:00Z,0.23354636
2022-05-16T00:00:00Z,0.23391495
2022-05-15T00:00:00Z,0.22913363
2022-05-14T00:00:00Z,0.22490249
2022-05-13T00:00:00Z,0.23392963
2022-05-12T00:00:00Z,0.22906832
2022-05-11T00:00:00Z,0.24025998
2022-05-10T00:00:00Z,0.23385871
2022-05-09T00:00:00Z,0.24809141
2022-05-08T00:00:00Z,0.26404932
2022-05-07T00:00:00Z,0.26799599
2022-05-06T00:00:00Z,0.26412327
2022-05-05T00:00:00Z,0.26742566
2022-05-04T00:00:00Z,0.25585831
2022-05-03T00:00:00Z,0.27133272
2022-05-02T00:00:00Z,0.25184887
2022-05-01T00:00:00Z,0.25474635
2022-04-30T00:00:00Z,0.26041943
2022-04-29T00:00:00Z,0.25725979
2022-04-28T00:00:00Z,0.2503162
2022-04-27T00:00:00Z,0.25344001
2022-04-26T00:00:00Z,0.26675115
2022-04-25T00:00:00Z,0.25182818
2022-04-24T00:00:00Z,0.25765961
2022-04-23T00:00:00Z,0.26141256
2022-04-22T00:00:00Z,0.25876266
2022-04-21T00:00:00Z,0.24510408
2022-04-20T00:00:00Z,0.24321573
2022-04-19T00:00:00Z,0.24534685
2022-04-18T00:00:00Z,0.24284769
2022-04-17T00:00:00Z,0.25298296
2022-04-16T00:00:00Z,0.24753714
2022-04-15T00:00:00Z,0.24681996
2022-04-14T00:00:00Z,0.25143138
2022-04-13T00:00:00Z,0.24422813
2022-04-12T00:00:00Z,0.25091785
2022-04-11T00:00:00Z,0.25124539
2022-04-10T00:00:00Z,0.25169525
2022-04-09T00:00:00Z,0.24821241
2022-04-08T00:00:00Z,0.2470931
2022-04-07T00:00:00Z,0.24289508
2022-04-06T00:00:00Z,0.2441125
2022-04-05T00:00:00Z,0.24027587
2022-04-04T00:00:00Z,0.23552626
2022-04-03T00:00:00Z,0.23265003
2022-04-02T00:00:00Z,0.23222764
2022-04-01T00:00:00Z,0.23391442
2022-03-31T00:00:00Z,0.23901917
2022-03-30T00:00:00Z,0.2392729
2022-03-29T00:00:00Z,0.23710728
2022-03-28T00:00:00Z,0.23655756
2022-03-27T00:00:00Z,0.24446108
2022-03-26T00:00:00Z,0.24870337
2022-03-25T00:00:00Z,0.24812048
2022-03-24T00:00:00Z,0.24363113
2022-03-23T00:00:00Z,0.21879832
2022-03-22T00:00:00Z,0.21809032
2022-03-21T00:00:00Z,0.21780829
2022-03-20T00:00:00Z,0.21774774
2022-03-19T00:00:00Z,0.22095644
2022-03-18T00:00:00Z,0.21980908
2022-03-17T00:00:00Z,0.21762129
2022-03-16T00:00:00Z,0.21674618
2022-03-15T00:00:00Z,0.2215746
2022-03-14T00:00:00Z,0.21568129
2022-03-13T00:00:00Z,0.22092763
2022-03-12T00:00:00Z,0.21272363
2022-03-11T00:00:00Z,0.20956888
2022-03-10T00:00:00Z,0.20566564
2022-03-09T00:00:00Z,0.20865865
2022-03-08T00:00:00Z,0.20112387
2022-03-07T00:00:00Z,0.19810445
2022-03-06T00:00:00Z,0.20394518
2022-03-05T00:00:00Z,0.20827393
2022-03-04T00:00:00Z,0.20534952
2022-03-03T00:00:00Z,0.20571614
2022-03-02T00:00:00Z,0.20317674
2022-03-01T00:00:00Z,0.20401697
2022-02-28T00:00:00Z,0.19889209
2022-02-27T00:00:00Z,0.20208152
2022-02-26T00:00:00Z,0.20268956
2022-02-25T00:00:00Z,0.20150704
2022-02-24T00:00:00Z,0.19858377
2022-02-23T00:00:00Z,0.21240828
2022-02-22T00:00:00Z,0.21442683
2022-02-21T00:00:00Z,0.21247622
2022-02-20T00:00:00Z,0.21550016
2022-02-19T00:00:00Z,0.21476708
2022-02-18T00:00:00Z,0.21315769
2022-02-17T00:00:00Z,0.21437232
2022-02-16T00:00:00Z,0.21592768
2022-02-15T00:00:00Z,0.21852914
2022-02-14T00:00:00Z,0.21233434
2022-02-13T00:00:00Z,0.20658039
2022-02-12T00:00:00Z,0.20640899
2022-02-11T00:00:00Z,0.20643255
2022-02-10T00:00:00Z,0.20605419
2022-02-09T00:00:00Z,0.20899153
2022-02-08T00:00:00Z,0.20994778
2022-02-07T00:00:00Z,0.21735635
2022-02-06T00:00:00Z,0.21725008
2022-02-05T00:00:00Z,0.21626313
2022-02-04T00:00:00Z,0.21657133
2022-02-03T00:00:00Z,0.21502523
2022-02-02T00:00:00Z,0.21637127
2022-02-01T00:00:00Z,0.21568064
2022-01-31T00:00:00Z,0.223389
2022-01-30T00:00:00Z,0.21194105
2022-01-29T00:00:00Z,0.21131385
2022-01-28T00:00:00Z,0.21108404
2022-01-27T00:00:00Z,0.20995722
2022-01-26T00:00:00Z,0.20971569
2022-01-25T00:00:00Z,0.21485968
2022-01-24T00:00:00Z,0.20992494
2022-01-23T00:00:00Z,0.21548632
2022-01-22T00:00:00Z,0.21368591
2022-01-21T00:00:00Z,0.21415409
2022-01-20T00:00:00Z,0.22491509
2022-01-19T00:00:00Z,0.2223439
2022-01-18T00:00:00Z,0.22001477
2022-01-17T00:00:00Z,0.22135855
2022-01-16T00:00:00Z,0.21575448
2022-01-15T00:00:00Z,0.21803139
2022-01-14T00:00:00Z,0.21734999
2022-01-13T00:00:00Z,0.22262147
2022-01-12T00:00:00Z,0.22055324
2022-01-11T00:00:00Z,0.22273149
2022-01-10T00:00:00Z,0.22174596
2022-01-09T00:00:00Z,0.22489858
2022-01-08T00:00:00Z,0.22355933
2022-01-07T00:00:00Z,0.22694476
2022-01-06T00:00:00Z,0.23039214
2022-01-05T00:00:00Z,0.22797518
2022-01-04T00:00:00Z,0.22919895
2022-01-03T00:00:00Z,0.21936704
2022-01-02T00:00:00Z,0.20764328
2022-01-01T00:00:00Z,0.20702976
2021-12-31T00:00:00Z,0.21224016
2021-12-30T00:00:00Z,0.20947083
2021-12-29T00:00:00Z,0.20973962
2021-12-28T00:00:00Z,0.20832708
2021-12-27T00:00:00Z,0.20409722
2021-12-26T00:00:00Z,0.20138406
2021-12-25T00:00:00Z,0.20251412
2021-12-24T00:00:00Z,0.2016538
2021-12-23T00:00:00Z,0.20012292
2021-12-22T00:00:00Z,0.19875329
2021-12-21T00:00:00Z,0.19933997
2021-12-20T00:00:00Z,0.19033083
2021-12-19T00:00:00Z,0.18245748
2021-12-18T00:00:00Z,0.1812743
2021-12-17T00:00:00Z,0.18017366
2021-12-16T00:00:00Z,0.17918223
2021-12-15T00:00:00Z,0.17254457
2021-12-14T00:00:00Z,0.17251837
2021-12-13T00:00:00Z,0.17594251
2021-12-12T00:00:00Z,0.17310221
2021-12-11T00:00:00Z,0.16801221
2021-12-10T00:00:00Z,0.1689636
2021-12-09T00:00:00Z,0.1733957
2021-12-08T00:00:00Z,0.16755108
2021-12-07T00:00:00Z,0.1670327
2021-12-06T00:00:00Z,0.16091713
2021-12-05T00:00:00Z,0.16052035
2021-12-04T00:00:00Z,0.16326065
2021-12-03T00:00:00Z,0.20255466
2021-12-02T00:00:00Z,0.19864113
2021-12-01T00:00:00Z,0.19859449
2021-11-30T00:00:00Z,0.19282426
2021-11-29T00:00:00Z,0.19616358
2021-11-28T00:00:00Z,0.19487596
2021-11-27T00:00:00Z,0.20092329
2021-11-26T00:00:00Z,0.20977303
2021-11-25T00:00:00Z,0.19506534
2021-11-24T00:00:00Z,0.19363528
2021-11-23T00:00:00Z,0.18899062
2021-11-22T00:00:00Z,0.19494587
2021-11-21T00:00:00Z,0.1865794
2021-11-20T00:00:00Z,0.18654151
2021-11-19T00:00:00Z,0.19007573
2021-11-18T00:00:00Z,0.19749499
2021-11-17T00:00:00Z,0.19179373
2021-11-16T00:00:00Z,0.19290138
2021-11-15T00:00:00Z,0.19603365
2021-11-14T00:00:00Z,0.18524403
2021-11-13T00:00:00Z,0.18290571
2021-11-12T00:00:00Z,0.18260749
2021-11-11T00:00:00Z,0.18232943
2021-11-10T00:00:00Z,0.1873448
2021-11-09T00:00:00Z,0.19149922
2021-11-08T00:00:00Z,0.19143662
2021-11-07T00:00:00Z,0.18697388
2021-11-06T00:00:00Z,0.18895329
2021-11-05T00:00:00Z,0.18927856
2021-11-04T00:00:00Z,0.18738063
2021-11-03T00:00:00Z,0.18427185
2021-11-02T00:00:00Z,0.18407903
2021-11-01T00:00:00Z,0.18085291
2021-10-31T00:00:00Z,0.18333056
2021-10-30T00:00:00Z,0.17494944
2021-10-29T00:00:00Z,0.1753615
2021-10-28T00:00:00Z,0.17289206
2021-10-27T00:00:00Z,0.17853309
2021-10-26T00:00:00Z,0.18446776
2021-10-25T00:00:00Z,0.17822258
2021-10-24T00:00:00Z,0.18144214
2021-10-23T00:00:00Z,0.17710983
2021-10-22T00:00:00Z,0.18148869
2021-10-21T00:00:00Z,0.18092873
2021-10-20T00:00:00Z,0.17901129
2021-10-19T00:00:00Z,0.17603775
2021-10-18T00:00:00Z,0.16778922
2021-10-17T00:00:00Z,0.16983874
2021-10-16T00:00:00Z,0.17039559
2021-10-15T00:00:00Z,0.16818839
2021-10-14T00:00:00Z,0.16364688
2021-10-13T00:00:00Z,0.16276096
2021-10-12T00:00:00Z,0.16435581
2021-10-11T00:00:00Z,0.16630564
2021-10-10T00:00:00Z,0.16364058
2021-10-09T00:00:00Z,0.15889015
2021-10-08T00:00:00Z,0.1600395
2021-10-07T00:00:00Z,0.16105379
2021-10-06T00:00:00Z,0.15493229
2021-10-05T00:00:00Z,0.16650904
2021-10-04T00:00:00Z,0.1587281
2021-10-03T00:00:00Z,0.15730003
2021-10-02T00:00:00Z,0.15844787
2021-10-01T00:00:00Z,0.15894207
2021-09-30T00:00:00Z,0.15867914
2021-09-29T00:00:00Z,0.16411501
2021-09-28T00:00:00Z,0.16028272
2021-09-27T00:00:00Z,0.15800584
2021-09-26T00:00:00Z,0.15487
2021-09-25T00:00:00Z,0.15651143
2021-09-24T00:00:00Z,0.15676019
2021-09-23T00:00:00Z,0.1565901
2021-09-22T00:00:00Z,0.15696048
2021-09-21T00:00:00Z,0.15775493
2021-09-20T00:00:00Z,0.16657418
2021-09-19T00:00:00Z,0.16862712
2021-09-18T00:00:00Z,0.16610484
2021-09-17T00:00:00Z,0.16634782
2021-09-16T00:00:00Z,0.16382636
2021-09-15T00:00:00Z,0.1703799
2021-09-14T00:00:00Z,0.16214571
2021-09-13T00:00:00Z,0.1584175
2021-09-12T00:00:00Z,0.15425533
2021-09-11T00:00:00Z,0.15561267
2021-09-10T00:00:00Z,0.1569966
2021-09-09T00:00:00Z,0.14720279
2021-09-08T00:00:00Z,0.14622314
2021-09-07T00:00:00Z,0.1468346
2021-09-06T00:00:00Z,0.18530539
2021-09-05T00:00:00Z,0.18316054
2021-09-04T00:00:00Z,0.17243794
2021-09-03T00:00:00Z,0.17559537
2021-09-02T00:00:00Z,0.17623776
2021-09-01T00:00:00Z,0.16785935
2021-08-31T00:00:00Z,0.1698284
2021-08-30T00:00:00Z,0.16648942
2021-08-29T00:00:00Z,0.16176376
2021-08-28T00:00:00Z,0.16323569
2021-08-27T00:00:00Z,0.16067869
2021-08-26T00:00:00Z,0.16734736
2021-08-25T00:00:00Z,0.16410342
2021-08-24T00:00:00Z,0.17224634
2021-08-23T00:00:00Z,0.16385305
2021-08-22T00:00:00Z,0.16060023
2021-08-21T00:00:00Z,0.16147132
2021-08-20T00:00:00Z,0.16090086
2021-08-19T00:00:00Z,0.15346166
2021-08-18T00:00:00Z,0.15409675
2021-08-17T00:00:00Z,0.16038979
2021-08-16T00:00:00Z,0.15992447
2021-08-15T00:00:00Z,0.15165579
2021-08-14T00:00:00Z,0.15489837
2021-08-13T00:00:00Z,0.1548995
2021-08-12T00:00:00Z,0.15869861
2021-08-11T00:00:00Z,0.15715567
2021-08-10T00:00:00Z,0.15605458
2021-08-09T00:00:00Z,0.15459204
2021-08-08T00:00:00Z,0.15048115
2021-08-07T00:00:00Z,0.15427266
2021-08-06T00:00:00Z,0.15096074
2021-08-05T00:00:00Z,0.14352814
2021-08-04T00:00:00Z,0.15063477
2021-08-03T00:00:00Z,0.15224206
2021-08-02T00:00:00Z,0.145539
2021-08-01T00:00:00Z,0.14374937
2021-07-31T00:00:00Z,0.15301685
2021-07-30T00:00:00Z,0.15397991
2021-07-29T00:00:00Z,0.15445302
2021-07-28T00:00:00Z,0.14885786
2021-07-27T00:00:00Z,0.14472172
2021-07-26T00:00:00Z,0.14565493
2021-07-25T00:00:00Z,0.17619464
2021-07-24T00:00:00Z,0.17025209
2021-07-23T00:00:00Z,0.16671936
2021-07-22T00:00:00Z,0.16141429
2021-07-21T00:00:00Z,0.16260737
2021-07-20T00:00:00Z,0.17091023
2021-07-19T00:00:00Z,0.17230292
2021-07-18T00:00:00Z,0.15887385
2021-07-17T00:00:00Z,0.16165727
2021-07-16T00:00:00Z,0.15845173
2021-07-15T00:00:00Z,0.16327119
2021-07-14T00:00:00Z,0.15138891
2021-07-13T00:00:00Z,0.15444426
2021-07-12T00:00:00Z,0.15414931
2021-07-11T00:00:00Z,0.15181391
2021-07-10T00:00:00Z,0.14919325
2021-07-09T00:00:00Z,0.14791188
2021-07-08T00:00:00Z,0.15202173
2021-07-07T00:00:00Z,0.14618129
2021-07-06T00:00:00Z,0.14415333
2021-07-05T00:00:00Z,0.14464923
2021-07-04T00:00:00Z,0.14478415
2021-07-03T00:00:00Z,0.14491729
2021-07-02T00:00:00Z,0.14524798
2021-07-01T00:00:00Z,0.14330739
2021-06-30T00:00:00Z,0.13762019
2021-06-29T00:00:00Z,0.14165211
2021-06-28T00:00:00Z,0.13422969
2021-06-27T00:00:00Z,0.13584894
2021-06-26T00:00:00Z,0.13814876
2021-06-25T00:00:00Z,0.14164471
2021-06-24T00:00:00Z,0.13444684
2021-06-23T00:00:00Z,0.13326054
2021-06-22T00:00:00Z,0.13610223
2021-06-21T00:00:00Z,0.13852806
2021-06-20T00:00:00Z,0.13819438
2021-06-19T00:00:00Z,0.14315214
2021-06-18T00:00:00Z,0.14081308
2021-06-17T00:00:00Z,0.14176946
2021-06-16T00:00:00Z,0.13946128
2021-06-15T00:00:00Z,0.13423657
2021-06-14T00:00:00Z,0.13270237
2021-06-13T00:00:00Z,0.13364393
2021-06-12T00:00:00Z,0.12999988
2021-06-11T00:00:00Z,0.13125545
2021-06-10T00:00:00Z,0.12976188
2021-06-09T00:00:00Z,0.13925331
2021-06-08T00:00:00Z,0.13490849
2021-06-07T00:00:00Z,0.14073647
2021-06-06T00:00:00Z,0.12890096
2021-06-05T00:00:00Z,0.1268219
2021-06-04T00:00:00Z,0.12524577
2021-06-03T00:00:00Z,0.12267757
2021-06-02T00:00:00Z,0.11871265
2021-06-01T00:00:00Z,0.11551086
2021-05-31T00:00:00Z,0.11830062
2021-05-30T00:00:00Z,0.11664815
2021-05-29T00:00:00Z,0.11943925
2021-05-28T00:00:00Z,0.12269514
2021-05-27T00:00:00Z,0.10813843
2021-05-26T00:00:00Z,0.10911213
2021-05-25T00:00:00Z,0.10746722
2021-05-24T00:00:00Z,0.10762469
2021-05-23T00:00:00Z,0.11115065
2021-05-22T00:00:00Z,0.10815087
2021-05-21T00:00:00Z,0.11555156
2021-05-20T00:00:00Z,0.10957913
2021-05-19T00:00:00Z,0.11814816
2021-05-18T00:00:00Z,0.15643807
2021-05-17T00:00:00Z,0.15431235
2021-05-16T00:00:00Z,0.15287424
2021-05-15T00:00:00Z,0.15391757
2021-05-14T00:00:00Z,0.14182213
2021-05-13T00:00:00Z,0.14745768
2021-05-12T00:00:00Z,0.16381361
2021-05-11T00:00:00Z,0.14911391
2021-05-10T00:00:00Z,0.15266031
2021-05-09T00:00:00Z,0.14448656
2021-05-08T00:00:00Z,0.14456173
2021-05-07T00:00:00Z,0.14637075
2021-05-06T00:00:00Z,0.15129148
2021-05-05T00:00:00Z,0.1456714
2021-05-04T00:00:00Z,0.15846787
2021-05-03T00:00:00Z,0.15489328
2021-05-02T00:00:00Z,0.15407174
2021-05-01T00:00:00Z,0.15005351
2021-04-30T00:00:00Z,0.15080604
2021-04-29T00:00:00Z,0.15427978
2021-04-28T00:00:00Z,0.14748528
2021-04-27T00:00:00Z,0.15037883
2021-04-26T00:00:00Z,0.1499479
2021-04-25T00:00:00Z,0.17067978
2021-04-24T00:00:00Z,0.16732897
2021-04-23T00:00:00Z,0.16523624
2021-04-22T00:00:00Z,0.17055701
2021-04-21T00:00:00Z,0.17167155
2021-04-20T00:00:00Z,0.16674133
2021-04-19T00:00:00Z,0.16557228
2021-04-18T00:00:00Z,0.1669731
2021-04-17T00:00:00Z,0.1879009
2021-04-16T00:00:00Z,0.18234149
2021-04-15T00:00:00Z,0.17953307
2021-04-14T00:00:00Z,0.18141352
2021-04-13T00:00:00Z,0.18520042
2021-04-12T00:00:00Z,0.18190437
2021-04-11T00:00:00Z,0.17486892
2021-04-10T00:00:00Z,0.17198777
2021-04-09T00:00:00Z,0.17185118
2021-04-08T00:00:00Z,0.17334073
2021-04-07T00:00:00Z,0.17905575
2021-04-06T00:00:00Z,0.17729243
2021-04-05T00:00:00Z,0.16950948
2021-04-04T00:00:00Z,0.17098941
2021-04-03T00:00:00Z,0.17369162
2021-04-02T00:00:00Z,0.170079
2021-04-01T00:00:00Z,0.16546858
2021-03-31T00:00:00Z,0.16627574
2021-03-30T00:00:00Z,0.16581461
2021-03-29T00:00:00Z,0.15635247
2021-03-28T00:00:00Z,0.14990337
2021-03-27T00:00:00Z,0.15360444
2021-03-26T00:00:00Z,0.1532885
2021-03-25T00:00:00Z,0.15764005
2021-03-24T00:00:00Z,0.15894615
2021-03-23T00:00:00Z,0.15724178
2021-03-22T00:00:00Z,0.15906468
2021-03-21T00:00:00Z,0.15375027
2021-03-20T00:00:00Z,0.15271711
2021-03-19T00:00:00Z,0.14830959
2021-03-18T00:00:00Z,0.15307221
2021-03-17T00:00:00Z,0.14825277
2021-03-16T00:00:00Z,0.14928152
2021-03-15T00:00:00Z,0.15732341
2021-03-14T00:00:00Z,0.16231821
2021-03-13T00:00:00Z,0.16286906
2021-03-12T00:00:00Z,0.154378
2021-03-11T00:00:00Z,0.1601331
2021-03-10T00:00:00Z,0.1546615
2021-03-09T00:00:00Z,0.14751566
2021-03-08T00:00:00Z,0.14755346
2021-03-07T00:00:00Z,0.13544296
2021-03-06T00:00:00Z,0.13231693
2021-03-05T00:00:00Z,0.13173253
2021-03-04T00:00:00Z,0.13959708
2021-03-03T00:00:00Z,0.13694553
2021-03-02T00:00:00Z,0.13446565
2021-03-01T00:00:00Z,0.13414319
2021-02-28T00:00:00Z,0.13469559
2021-02-27T00:00:00Z,0.13116331
2021-02-26T00:00:00Z,0.12891994
2021-02-25T00:00:00Z,0.13503735
2021-02-24T00:00:00Z,0.12763931
2021-02-23T00:00:00Z,0.12653856
2021-02-22T00:00:00Z,0.12944667
2021-02-21T00:00:00Z,0.13834778
2021-02-20T00:00:00Z,0.13488308
2021-02-19T00:00:00Z,0.13895733
2021-02-18T00:00:00Z,0.14704645
2021-02-17T00:00:00Z,0.1484141
2021-02-16T00:00:00Z,0.14428285
2021-02-15T00:00:00Z,0.14305975
2021-02-14T00:00:00Z,0.14669765
2021-02-13T00:00:00Z,0.14120904
2021-02-12T00:00:00Z,0.14009935
2021-02-11T00:00:00Z,0.14148759
2021-02-10T00:00:00Z,0.13914258
2021-02-09T00:00:00Z,0.13615119
2021-02-08T00:00:00Z,0.13704493
2021-02-07T00:00:00Z,0.13993386
2021-02-06T00:00:00Z,0.13842917
2021-02-05T00:00:00Z,0.13116591
2021-02-04T00:00:00Z,0.12630018
2021-02-03T00:00:00Z,0.12447706
2021-02-02T00:00:00Z,0.1261787
2021-02-01T00:00:00Z,0.12508811
2021-01-31T00:00:00Z,0.12884491
2021-01-30T00:00:00Z,0.12463894
2021-01-29T00:00:00Z,0.12626979
2021-01-28T00:00:00Z,0.12747409
2021-01-27T00:00:00Z,0.13114295
2021-01-26T00:00:00Z,0.12481828
2021-01-25T00:00:00Z,0.12599209
2021-01-24T00:00:00Z,0.1232011
2021-01-23T00:00:00Z,0.12123151
2021-01-22T00:00:00Z,0.12201294
2021-01-21T00:00:00Z,0.13745178
2021-01-20T00:00:00Z,0.128006
2021-01-19T00:00:00Z,0.13375301
2021-01-18T00:00:00Z,0.12555941
2021-01-17T00:00:00Z,0.12414443
2021-01-16T00:00:00Z,0.12960578
2021-01-15T00:00:00Z,0.13025329
2021-01-14T00:00:00Z,0.12995172
2021-01-13T00:00:00Z,0.12724012
2021-01-12T00:00:00Z,0.12655312
2021-01-11T00:00:00Z,0.13112982
2021-01-10T00:00:00Z,0.13310996
2021-01-09T00:00:00Z,0.1312955
2021-01-08T00:00:00Z,0.12607382
2021-01-07T00:00:00Z,0.13025623
2021-01-06T00:00:00Z,0.12912601
2021-01-05T00:00:00Z,0.12846096
2021-01-04T00:00:00Z,0.12974374
2021-01-03T00:00:00Z,0.13941718
2021-01-02T00:00:00Z,0.14062191
2021-01-01T00:00:00Z,0.14406846
2020-12-31T00:00:00Z,0.14279998
2020-12-30T00:00:00Z,0.14440722
2020-12-29T00:00:00Z,0.14649918
2020-12-28T00:00:00Z,0.14722903
2020-12-27T00:00:00Z,0.146446
2020-12-26T00:00:00Z,0.14810899
2020-12-25T00:00:00Z,0.14877503
2020-12-24T00:00:00Z,0.14398843
2020-12-23T00:00:00Z,0.14032634
2020-12-22T00:00:00Z,0.14802444
2020-12-21T00:00:00Z,0.14686603
2020-12-20T00:00:00Z,0.15300227
2020-12-19T00:00:00Z,0.15277484
2020-12-18T00:00:00Z,0.14947642
2020-12-17T00:00:00Z,0.14238567
2020-12-16T00:00:00Z,0.16069434
2020-12-15T00:00:00Z,0.16520087
2020-12-14T00:00:00Z,0.16330611
2020-12-13T00:00:00Z,0.15926187
2020-12-12T00:00:00Z,0.15966345
2020-12-11T00:00:00Z,0.16433463
2020-12-10T00:00:00Z,0.16954898
2020-12-09T00:00:00Z,0.16797772
2020-12-08T00:00:00Z,0.16947243
2020-12-07T00:00:00Z,0.16362611
2020-12-06T00:00:00Z,0.16137211
2020-12-05T00:00:00Z,0.15882132
2020-12-04T00:00:00Z,0.16031358
2020-12-03T00:00:00Z,0.15677021
2020-12-02T00:00:00Z,0.15184508
2020-12-01T00:00:00Z,0.15191225
2020-11-30T00:00:00Z,0.15892124
2020-11-29T00:00:00Z,0.15424439
2020-11-28T00:00:00Z,0.15148303
2020-11-27T00:00:00Z,0.15068037
2020-11-26T00:00:00Z,0.14960338
2020-11-25T00:00:00Z,0.182233
2020-11-24T00:00:00Z,0.18208004
2020-11-23T00:00:00Z,0.19500541
2020-11-22T00:00:00Z,0.18878473
2020-11-21T00:00:00Z,0.18594792
2020-11-20T00:00:00Z,0.18456213
2020-11-19T00:00:00Z,0.17780279
2020-11-18T00:00:00Z,0.1704784
2020-11-17T00:00:00Z,0.17443887
2020-11-16T00:00:00Z,0.18213988
2020-11-15T00:00:00Z,0.17484196
2020-11-14T00:00:00Z,0.17224974
2020-11-13T00:00:00Z,0.17591298
2020-11-12T00:00:00Z,0.17686638
2020-11-11T00:00:00Z,0.17320558
2020-11-10T00:00:00Z,0.16201667
2020-11-09T00:00:00Z,0.16064003
2020-11-08T00:00:00Z,0.16078589
2020-11-07T00:00:00Z,0.15656745
2020-11-06T00:00:00Z,0.16474345
2020-11-05T00:00:00Z,0.16503381
2020-11-04T00:00:00Z,0.17895967
2020-11-03T00:00:00Z,0.17743359
2020-11-02T00:00:00Z,0.17664831
2020-11-01T00:00:00Z,0.17645998
2020-10-31T00:00:00Z,0.17818431
2020-10-30T00:00:00Z,0.17166857
2020-10-29T00:00:00Z,0.17293152
2020-10-28T00:00:00Z,0.1645006
2020-10-27T00:00:00Z,0.17541593
2020-10-26T00:00:00Z,0.17321902
2020-10-25T00:00:00Z,0.17071923
2020-10-24T00:00:00Z,0.17568225
2020-10-23T00:00:00Z,0.17007107
2020-10-22T00:00:00Z,0.16647527
2020-10-21T00:00:00Z,0.16169007
2020-10-20T00:00:00Z,0.17361838
2020-10-19T00:00:00Z,0.1705891
2020-10-18T00:00:00Z,0.16023497
2020-10-17T00:00:00Z,0.157992
2020-10-16T00:00:00Z,0.1584309
2020-10-15T00:00:00Z,0.15680242
2020-10-14T00:00:00Z,0.1549438
2020-10-13T00:00:00Z,0.15800742
2020-10-12T00:00:00Z,0.15810008
2020-10-11T00:00:00Z,0.1620231
2020-10-10T00:00:00Z,0.16200401
2020-10-09T00:00:00Z,0.16803432
2020-10-08T00:00:00Z,0.16510325
2020-10-07T00:00:00Z,0.16228402
2020-10-06T00:00:00Z,0.16238366
2020-10-05T00:00:00Z,0.16126351
2020-10-04T00:00:00Z,0.15559592
2020-10-03T00:00:00Z,0.15503922
2020-10-02T00:00:00Z,0.15422582
2020-10-01T00:00:00Z,0.15125348
2020-09-30T00:00:00Z,0.1533509
2020-09-29T00:00:00Z,0.15041882
2020-09-28T00:00:00Z,0.14873665
2020-09-27T00:00:00Z,0.15114499
2020-09-26T00:00:00Z,0.15179236
2020-09-25T00:00:00Z,0.14997082
2020-09-24T00:00:00Z,0.14713023
2020-09-23T00:00:00Z,0.15489674
2020-09-22T00:00:00Z,0.15016433
2020-09-21T00:00:00Z,0.15264513
2020-09-20T00:00:00Z,0.15081289
2020-09-19T00:00:00Z,0.15395706
2020-09-18T00:00:00Z,0.15296592
2020-09-17T00:00:00Z,0.14983945
2020-09-16T00:00:00Z,0.15177948
2020-09-15T00:00:00Z,0.14477066
2020-09-14T00:00:00Z,0.14768358
2020-09-13T00:00:00Z,0.14634953
2020-09-12T00:00:00Z,0.14154077
2020-09-11T00:00:00Z,0.14084311
2020-09-10T00:00:00Z,0.14164732
2020-09-09T00:00:00Z,0.1395917
2020-09-08T00:00:00Z,0.14177216
2020-09-07T00:00:00Z,0.13729774
2020-09-06T00:00:00Z,0.13603559
2020-09-05T00:00:00Z,0.13442232
2020-09-04T00:00:00Z,0.13413042
2020-09-03T00:00:00Z,0.15072328
2020-09-02T00:00:00Z,0.16242117
2020-09-01T00:00:00Z,0.16059454
2020-08-31T00:00:00Z,0.15860036
2020-08-30T00:00:00Z,0.15552104
2020-08-29T00:00:00Z,0.15433461
2020-08-28T00:00:00Z,0.1542906
2020-08-27T00:00:00Z,0.15890241
2020-08-26T00:00:00Z,0.15432803
2020-08-25T00:00:00Z,0.16534978
2020-08-24T00:00:00Z,0.15454613
2020-08-23T00:00:00Z,0.15191384
2020-08-22T00:00:00Z,0.15109125
2020-08-21T00:00:00Z,0.15853146
2020-08-20T00:00:00Z,0.1520871
2020-08-19T00:00:00Z,0.15383545
2020-08-18T00:00:00Z,0.15886858
2020-08-17T00:00:00Z,0.15727699
2020-08-16T00:00:00Z,0.15347073
2020-08-15T00:00:00Z,0.15188007
2020-08-14T00:00:00Z,0.14894273
2020-08-13T00:00:00Z,0.14545642
2020-08-12T00:00:00Z,0.14751264
2020-08-11T00:00:00Z,0.15463533
2020-08-10T00:00:00Z,0.1489742
2020-08-09T00:00:00Z,0.14679693
2020-08-08T00:00:00Z,0.14157123
2020-08-07T00:00:00Z,0.14623612
2020-08-06T00:00:00Z,0.14784439
2020-08-05T00:00:00Z,0.14272083
2020-08-04T00:00:00Z,0.140398
2020-08-03T00:00:00Z,0.13994609
2020-08-02T00:00:00Z,0.14022067
2020-08-01T00:00:00Z,0.15861116
2020-07-31T00:00:00Z,0.15762616
2020-07-30T00:00:00Z,0.15535101
2020-07-29T00:00:00Z,0.15441727
2020-07-28T00:00:00Z,0.15044025
2020-07-27T00:00:00Z,0.15305915
2020-07-26T00:00:00Z,0.17238616
2020-07-25T00:00:00Z,0.18803415
2020-07-24T00:00:00Z,0.18158863
2020-07-23T00:00:00Z,0.1857459
2020-07-22T00:00:00Z,0.18650446
2020-07-21T00:00:00Z,0.18892947
2020-07-20T00:00:00Z,0.17759091
2020-07-19T00:00:00Z,0.17986298
2020-07-18T00:00:00Z,0.17890554
2020-07-17T00:00:00Z,0.18237286
2020-07-16T00:00:00Z,0.18458939
2020-07-15T00:00:00Z,0.17815199
2020-07-14T00:00:00Z,0.17011392
2020-07-13T00:00:00Z,0.17250959
2020-07-12T00:00:00Z,0.16405768
2020-07-11T00:00:00Z,0.16515325
2020-07-10T00:00:00Z,0.16310011
2020-07-09T00:00:00Z,0.16644854
2020-07-08T00:00:00Z,0.17027872
2020-07-07T00:00:00Z,0.16318513
2020-07-06T00:00:00Z,0.16519225
2020-07-05T00:00:00Z,0.16203796
2020-07-04T00:00:00Z,0.16066196
2020-07-03T00:00:00Z,0.16588799
2020-07-02T00:00:00Z,0.16382686
2020-07-01T00:00:00Z,0.16287627
2020-06-30T00:00:00Z,0.1570469
2020-06-29T00:00:00Z,0.15765977
2020-06-28T00:00:00Z,0.15946799
2020-06-27T00:00:00Z,0.16439265
2020-06-26T00:00:00Z,0.15908196
2020-06-25T00:00:00Z,0.15180751
2020-06-24T00:00:00Z,0.15476233
2020-06-23T00:00:00Z,0.15020376
2020-06-22T00:00:00Z,0.13348826
2020-06-21T00:00:00Z,0.1320144
2020-06-20T00:00:00Z,0.13218752
2020-06-19T00:00:00Z,0.13470467
2020-06-18T00:00:00Z,0.13599726
2020-06-17T00:00:00Z,0.13162622
2020-06-16T00:00:00Z,0.13015725
2020-06-15T00:00:00Z,0.1328843
2020-06-14T00:00:00Z,0.13042029
2020-06-13T00:00:00Z,0.12440813
2020-06-12T00:00:00Z,0.1248562
2020-06-11T00:00:00Z,0.12975488
2020-06-10T00:00:00Z,0.12221068
2020-06-09T00:00:00Z,0.12204471
2020-06-08T00:00:00Z,0.12330688
2020-06-07T00:00:00Z,0.11843268
2020-06-06T00:00:00Z,0.11996412
2020-06-05T00:00:00Z,0.12128255
2020-06-04T00:00:00Z,0.11887063
2020-06-03T00:00:00Z,0.11686982
2020-06-02T00:00:00Z,0.11799804
2020-06-01T00:00:00Z,0.12977564
2020-05-31T00:00:00Z,0.12154534
2020-05-30T00:00:00Z,0.12104554
2020-05-29T00:00:00Z,0.12541979
2020-05-28T00:00:00Z,0.12367929
2020-05-27T00:00:00Z,0.12446848
2020-05-26T00:00:00Z,0.12588411
2020-05-25T00:00:00Z,0.12441037
2020-05-24T00:00:00Z,0.12290692
2020-05-23T00:00:00Z,0.11681421
2020-05-22T00:00:00Z,0.11958723
2020-05-21T00:00:00Z,0.11748946
2020-05-20T00:00:00Z,0.11698279
2020-05-19T00:00:00Z,0.11140448
2020-05-18T00:00:00Z,0.11342979
2020-05-17T00:00:00Z,0.11309595
2020-05-16T00:00:00Z,0.11116648
2020-05-15T00:00:00Z,0.11361339
2020-05-14T00:00:00Z,0.11062301
2020-05-13T00:00:00Z,0.11176392
2020-05-12T00:00:00Z,0.09662344
2020-05-11T00:00:00Z,0.09463051
2020-05-10T00:00:00Z,0.09423002
2020-05-09T00:00:00Z,0.11476524
2020-05-08T00:00:00Z,0.10699971
2020-05-07T00:00:00Z,0.09993573
2020-05-06T00:00:00Z,0.10148611
2020-05-05T00:00:00Z,0.0937564
2020-05-04T00:00:00Z,0.09327531
2020-05-03T00:00:00Z,0.09405059
2020-05-02T00:00:00Z,0.08996913
2020-05-01T00:00:00Z,0.08966331
2020-04-30T00:00:00Z,0.08653005
2020-04-29T00:00:00Z,0.08889236
2020-04-28T00:00:00Z,0.09938688
2020-04-27T00:00:00Z,0.09515561
2020-04-26T00:00:00Z,0.09707722
2020-04-25T00:00:00Z,0.09699943
2020-04-24T00:00:00Z,0.09429846
2020-04-23T00:00:00Z,0.09610908
2020-04-22T00:00:00Z,0.11338695
2020-04-21T00:00:00Z,0.11261923
2020-04-20T00:00:00Z,0.11177947
2020-04-19T00:00:00Z,0.10349092
2020-04-18T00:00:00Z,0.10450246
2020-04-17T00:00:00Z,0.10334017
2020-04-16T00:00:00Z,0.10107095
2020-04-15T00:00:00Z,0.11726775
2020-04-14T00:00:00Z,0.10653419
2020-04-13T00:00:00Z,0.10461702
2020-04-12T00:00:00Z,0.10135757
2020-04-11T00:00:00Z,0.10498161
2020-04-10T00:00:00Z,0.10189946
2020-04-09T00:00:00Z,0.09310997
2020-04-08T00:00:00Z,0.08766729
2020-04-07T00:00:00Z,0.08965237
2020-04-06T00:00:00Z,0.09064613
2020-04-05T00:00:00Z,0.08960907
2020-04-04T00:00:00Z,0.08910642
2020-04-03T00:00:00Z,0.08850972
2020-04-02T00:00:00Z,0.08548713
2020-04-01T00:00:00Z,0.09418059
2020-03-31T00:00:00Z,0.09382941
2020-03-30T00:00:00Z,0.08841553
2020-03-29T00:00:00Z,0.09858374
2020-03-28T00:00:00Z,0.0862487
2020-03-27T00:00:00Z,0.07772467
2020-03-26T00:00:00Z,0.07208328
2020-03-25T00:00:00Z,0.07226203
2020-03-24T00:00:00Z,0.06826829
2020-03-23T00:00:00Z,0.07165447
2020-03-22T00:00:00Z,0.08693816
2020-03-21T00:00:00Z,0.07495931
2020-03-20T00:00:00Z,0.07231107
2020-03-19T00:00:00Z,0.07754936
2020-03-18T00:00:00Z,0.08322514
2020-03-17T00:00:00Z,0.08147922
2020-03-16T00:00:00Z,0.08326296
2020-03-15T00:00:00Z,0.0810295
2020-03-14T00:00:00Z,0.08582839
2020-03-13T00:00:00Z,0.08125541
2020-03-12T00:00:00Z,0.09510647
2020-03-11T00:00:00Z,0.10787848
2020-03-10T00:00:00Z,0.11008573
2020-03-09T00:00:00Z,0.1093348
2020-03-08T00:00:00Z,0.11916528
2020-03-07T00:00:00Z,0.11726771
2020-03-06T00:00:00Z,0.11174987
2020-03-05T00:00:00Z,0.11124487
2020-03-04T00:00:00Z,0.109984
2020-03-03T00:00:00Z,0.10991267
2020-03-02T00:00:00Z,0.10846454
2020-03-01T00:00:00Z,0.11528451
2020-02-29T00:00:00Z,0.11296803
2020-02-28T00:00:00Z,0.11322016
2020-02-27T00:00:00Z,0.11257622
2020-02-26T00:00:00Z,0.12140747
2020-02-25T00:00:00Z,0.12285489
2020-02-24T00:00:00Z,0.11828365
2020-02-23T00:00:00Z,0.10886743
2020-02-22T00:00:00Z,0.11096117
2020-02-21T00:00:00Z,0.10894126
2020-02-20T00:00:00Z,0.109668
2020-02-19T00:00:00Z,0.10978561
2020-02-18T00:00:00Z,0.11490992
2020-02-17T00:00:00Z,0.1199707
2020-02-16T00:00:00Z,0.11536157
2020-02-15T00:00:00Z,0.11636526
2020-02-14T00:00:00Z,0.11366122
2020-02-13T00:00:00Z,0.11470448
2020-02-12T00:00:00Z,0.1109358
2020-02-11T00:00:00Z,0.11173836
2020-02-10T00:00:00Z,0.11371719
2020-02-09T00:00:00Z,0.11232432
2020-02-08T00:00:00Z,0.11134263
2020-02-07T00:00:00Z,0.11299775
2020-02-06T00:00:00Z,0.11135907
2020-02-05T00:00:00Z,0.11562701
2020-02-04T00:00:00Z,0.11516866
2020-02-03T00:00:00Z,0.1138732
2020-02-02T00:00:00Z,0.11277617
2020-02-01T00:00:00Z,0.10746935
2020-01-31T00:00:00Z,0.10767082
2020-01-30T00:00:00Z,0.10713875
2020-01-29T00:00:00Z,0.10796725
2020-01-28T00:00:00Z,0.10399862
2020-01-27T00:00:00Z,0.11052785
2020-01-26T00:00:00Z,0.10716129
2020-01-25T00:00:00Z,0.103525
2020-01-24T00:00:00Z,0.10547991
2020-01-23T00:00:00Z,0.10878994
2020-01-22T00:00:00Z,0.10140245
2020-01-21T00:00:00Z,0.10077933
2020-01-20T00:00:00Z,0.10003604
2020-01-19T00:00:00Z,0.09795887
2020-01-18T00:00:00Z,0.10426264
2020-01-17T00:00:00Z,0.10550384
2020-01-16T00:00:00Z,0.10295454
2020-01-15T00:00:00Z,0.10270148
2020-01-14T00:00:00Z,0.09992611
2020-01-13T00:00:00Z,0.10028297
2020-01-12T00:00:00Z,0.09905068
2020-01-11T00:00:00Z,0.09920863
2020-01-10T00:00:00Z,0.09757567
2020-01-09T00:00:00Z,0.0986116
2020-01-08T00:00:00Z,0.09594968
2020-01-07T00:00:00Z,0.09593354
2020-01-06T00:00:00Z,0.09972631
2020-01-05T00:00:00Z,0.09845138
2020-01-04T00:00:00Z,0.097761
2020-01-03T00:00:00Z,0.09447178
2020-01-02T00:00:00Z,0.10576295
2020-01-01T00:00:00Z,0.10182626
2019-12-31T00:00:00Z,0.10088767
2019-12-30T00:00:00Z,0.0992968
2019-12-29T00:00:00Z,0.09518761
2019-12-28T00:00:00Z,0.09475091
2019-12-27T00:00:00Z,0.09495399
2019-12-26T00:00:00Z,0.09335681
2019-12-25T00:00:00Z,0.09236593
2019-12-24T00:00:00Z,0.09134816
2019-12-23T00:00:00Z,0.09233415
2019-12-22T00:00:00Z,0.09367154
2019-12-21T00:00:00Z,0.09505312
2019-12-20T00:00:00Z,0.09515461
2019-12-19T00:00:00Z,0.09348044
2019-12-18T00:00:00Z,0.08926343
2019-12-17T00:00:00Z,0.11123404
2019-12-16T00:00:00Z,0.10827795
2019-12-15T00:00:00Z,0.10413843
2019-12-14T00:00:00Z,0.10825071
2019-12-13T00:00:00Z,0.10168826
2019-12-12T00:00:00Z,0.1010544
2019-12-11T00:00:00Z,0.10523726
2019-12-10T00:00:00Z,0.10109143
2019-12-09T00:00:00Z,0.09516173
2019-12-08T00:00:00Z,0.09307743
2019-12-07T00:00:00Z,0.09263261
2019-12-06T00:00:00Z,0.09051134
2019-12-05T00:00:00Z,0.08981227
2019-12-04T00:00:00Z,0.09598852
2019-12-03T00:00:00Z,0.09765328
2019-12-02T00:00:00Z,0.09551705
2019-12-01T00:00:00Z,0.09275131
2019-11-30T00:00:00Z,0.09062955
2019-11-29T00:00:00Z,0.08793692
2019-11-28T00:00:00Z,0.08806128
2019-11-27T00:00:00Z,0.08646862
2019-11-26T00:00:00Z,0.09164853
2019-11-25T00:00:00Z,0.09204964
2019-11-24T00:00:00Z,0.10204454
2019-11-23T00:00:00Z,0.09641727
2019-11-22T00:00:00Z,0.09572058
2019-11-21T00:00:00Z,0.10358365
2019-11-20T00:00:00Z,0.11078603
2019-11-19T00:00:00Z,0.10971627
2019-11-18T00:00:00Z,0.10768348
2019-11-17T00:00:00Z,0.10403795
2019-11-16T00:00:00Z,0.10388154
2019-11-15T00:00:00Z,0.10354732
2019-11-14T00:00:00Z,0.10526376
2019-11-13T00:00:00Z,0.10085534
2019-11-12T00:00:00Z,0.09640862
2019-11-11T00:00:00Z,0.09772793
2019-11-10T00:00:00Z,0.09733805
2019-11-09T00:00:00Z,0.0991296
2019-11-08T00:00:00Z,0.10057917
2019-11-07T00:00:00Z,0.09613295
2019-11-06T00:00:00Z,0.07938415
2019-11-05T00:00:00Z,0.07804618
2019-11-04T00:00:00Z,0.07839745
2019-11-03T00:00:00Z,0.07733608
2019-11-02T00:00:00Z,0.0770942
2019-11-01T00:00:00Z,0.07557719
2019-10-31T00:00:00Z,0.07455252
2019-10-30T00:00:00Z,0.07573337
2019-10-29T00:00:00Z,0.07605951
2019-10-28T00:00:00Z,0.07177243
2019-10-27T00:00:00Z,0.06897142
2019-10-26T00:00:00Z,0.06655963
2019-10-25T00:00:00Z,0.07563031
2019-10-24T00:00:00Z,0.09819288
2019-10-23T00:00:00Z,0.0965619
2019-10-22T00:00:00Z,0.09485769
2019-10-21T00:00:00Z,0.08823312
2019-10-20T00:00:00Z,0.08787019
2019-10-19T00:00:00Z,0.09155672
2019-10-18T00:00:00Z,0.0926798
2019-10-17T00:00:00Z,0.09201018
2019-10-16T00:00:00Z,0.09395206
2019-10-15T00:00:00Z,0.09084484
2019-10-14T00:00:00Z,0.08583948
2019-10-13T00:00:00Z,0.08521257
2019-10-12T00:00:00Z,0.08682506
2019-10-11T00:00:00Z,0.08681739
2019-10-10T00:00:00Z,0.08436612
2019-10-09T00:00:00Z,0.08224553
2019-10-08T00:00:00Z,0.08413309
2019-10-07T00:00:00Z,0.08349739
2019-10-06T00:00:00Z,0.09013519
2019-10-05T00:00:00Z,0.08405289
2019-10-04T00:00:00Z,0.08372644
2019-10-03T00:00:00Z,0.08256195
2019-10-02T00:00:00Z,0.08423202
2019-10-01T00:00:00Z,0.08532733
2019-09-30T00:00:00Z,0.08319331
2019-09-29T00:00:00Z,0.08497536
2019-09-28T00:00:00Z,0.08095796
2019-09-27T00:00:00Z,0.08244105
2019-09-26T00:00:00Z,0.08269035
2019-09-25T00:00:00Z,0.08070407
2019-09-24T00:00:00Z,0.08870175
2019-09-23T00:00:00Z,0.09770419
2019-09-22T00:00:00Z,0.09228683
2019-09-21T00:00:00Z,0.09197523
2019-09-20T00:00:00Z,0.09000801
2019-09-19T00:00:00Z,0.08823618
2019-09-18T00:00:00Z,0.09672646
2019-09-17T00:00:00Z,0.09446426
2019-09-16T00:00:00Z,0.09423098
2019-09-15T00:00:00Z,0.09543666
2019-09-14T00:00:00Z,0.09458538
2019-09-13T00:00:00Z,0.09319972
2019-09-12T00:00:00Z,0.09126408
2019-09-11T00:00:00Z,0.09119407
2019-09-10T00:00:00Z,0.0916141
2019-09-09T00:00:00Z,0.09010772
2019-09-08T00:00:00Z,0.09033561
2019-09-07T00:00:00Z,0.08961166
2019-09-06T00:00:00Z,0.08949591
2019-09-05T00:00:00Z,0.08790933
2019-09-04T00:00:00Z,0.07526559
2019-09-03T00:00:00Z,0.07269065
2019-09-02T00:00:00Z,0.0730585
2019-09-01T00:00:00Z,0.07688473
2019-08-31T00:00:00Z,0.07810491
2019-08-30T00:00:00Z,0.07807064
2019-08-29T00:00:00Z,0.07887919
2019-08-28T00:00:00Z,0.07901093
2019-08-27T00:00:00Z,0.07071099
2019-08-26T00:00:00Z,0.06786132
2019-08-25T00:00:00Z,0.07242794
2019-08-24T00:00:00Z,0.0718315
2019-08-23T00:00:00Z,0.0740469
2019-08-22T00:00:00Z,0.07305376
2019-08-21T00:00:00Z,0.07020861
2019-08-20T00:00:00Z,0.06850039
2019-08-19T00:00:00Z,0.06577586
2019-08-18T00:00:00Z,0.06612981
2019-08-17T00:00:00Z,0.06724457
2019-08-16T00:00:00Z,0.0657661
2019-08-15T00:00:00Z,0.06621454
2019-08-14T00:00:00Z,0.07407787
2019-08-13T00:00:00Z,0.07645919
2019-08-12T00:00:00Z,0.07166273
2019-08-11T00:00:00Z,0.07029978
2019-08-10T00:00:00Z,0.07283874
2019-08-09T00:00:00Z,0.07291888
2019-08-08T00:00:00Z,0.06744487
2019-08-07T00:00:00Z,0.06647086
2019-08-06T00:00:00Z,0.06650975
2019-08-05T00:00:00Z,0.06328633
2019-08-04T00:00:00Z,0.06480235
2019-08-03T00:00:00Z,0.0642486
2019-08-02T00:00:00Z,0.06374208
2019-08-01T00:00:00Z,0.06187514
2019-07-31T00:00:00Z,0.06107853
2019-07-30T00:00:00Z,0.06214499
2019-07-29T00:00:00Z,0.06082061
2019-07-28T00:00:00Z,0.06058048
2019-07-27T00:00:00Z,0.06527355
2019-07-26T00:00:00Z,0.060018
2019-07-25T00:00:00Z,0.06008126
2019-07-24T00:00:00Z,0.05824516
2019-07-23T00:00:00Z,0.05963868
2019-07-22T00:00:00Z,0.05665137
2019-07-21T00:00:00Z,0.05591352
2019-07-20T00:00:00Z,0.0546491
2019-07-19T00:00:00Z,0.05303301
2019-07-18T00:00:00Z,0.05454151
2019-07-17T00:00:00Z,0.05825335
2019-07-16T00:00:00Z,0.06479741
2019-07-15T00:00:00Z,0.06126355
2019-07-14T00:00:00Z,0.0644166
2019-07-13T00:00:00Z,0.06156174
2019-07-12T00:00:00Z,0.0612106
2019-07-11T00:00:00Z,0.062002
2019-07-10T00:00:00Z,0.06370078
2019-07-09T00:00:00Z,0.06556122
2019-07-08T00:00:00Z,0.06272679
2019-07-07T00:00:00Z,0.05953239
2019-07-06T00:00:00Z,0.05832827
2019-07-05T00:00:00Z,0.05845772
2019-07-04T00:00:00Z,0.0591523
2019-07-03T00:00:00Z,0.05637408
2019-07-02T00:00:00Z,0.05574115
2019-07-01T00:00:00Z,0.0599115
2019-06-30T00:00:00Z,0.05682554
2019-06-29T00:00:00Z,0.05538935
2019-06-28T00:00:00Z,0.05626218
2019-06-27T00:00:00Z,0.05691087
2019-06-26T00:00:00Z,0.05798328
2019-06-25T00:00:00Z,0.06921741
2019-06-24T00:00:00Z,0.06691409
2019-06-23T00:00:00Z,0.07006424
2019-06-22T00:00:00Z,0.06588806
2019-06-21T00:00:00Z,0.07305998
2019-06-20T00:00:00Z,0.0762363
2019-06-19T00:00:00Z,0.07406283
2019-06-18T00:00:00Z,0.07268404
2019-06-17T00:00:00Z,0.06883884
2019-06-16T00:00:00Z,0.06592764
2019-06-15T00:00:00Z,0.06923546
2019-06-14T00:00:00Z,0.06183652
2019-06-13T00:00:00Z,0.06403038
2019-06-12T00:00:00Z,0.06227865
2019-06-11T00:00:00Z,0.06006184
2019-06-10T00:00:00Z,0.06059124
2019-06-09T00:00:00Z,0.06614341
2019-06-08T00:00:00Z,0.06058152
2019-06-07T00:00:00Z,0.05742283
2019-06-06T00:00:00Z,0.06075722
2019-06-05T00:00:00Z,0.06203342
2019-06-04T00:00:00Z,0.06378335
2019-06-03T00:00:00Z,0.06669472
2019-06-02T00:00:00Z,0.06700982
2019-06-01T00:00:00Z,0.065637
2019-05-31T00:00:00Z,0.06450092
2019-05-30T00:00:00Z,0.06761351
2019-05-29T00:00:00Z,0.07290524
2019-05-28T00:00:00Z,0.07356395
2019-05-27T00:00:00Z,0.07086815
2019-05-26T00:00:00Z,0.07111738
2019-05-25T00:00:00Z,0.06774615
2019-05-24T00:00:00Z,0.06434393
2019-05-23T00:00:00Z,0.05793066
2019-05-22T00:00:00Z,0.0613192
2019-05-21T00:00:00Z,0.06031826
2019-05-20T00:00:00Z,0.05935746
2019-05-19T00:00:00Z,0.05980384
2019-05-18T00:00:00Z,0.06089366
2019-05-17T00:00:00Z,0.05607898
2019-05-16T00:00:00Z,0.0716479
2019-05-15T00:00:00Z,0.06715163
2019-05-14T00:00:00Z,0.06665447
2019-05-13T00:00:00Z,0.06862591
2019-05-12T00:00:00Z,0.07010768
2019-05-11T00:00:00Z,0.07558175
2019-05-10T00:00:00Z,0.09745469
2019-05-09T00:00:00Z,0.08854652
2019-05-08T00:00:00Z,0.08844669
2019-05-07T00:00:00Z,0.08826446
2019-05-06T00:00:00Z,0.09198269
2019-05-05T00:00:00Z,0.08815617
2019-05-04T00:00:00Z,0.08164616
2019-05-03T00:00:00Z,0.08875721
2019-05-02T00:00:00Z,0.10212238
2019-05-01T00:00:00Z,0.10065709
2019-04-30T00:00:00Z,0.09888386
2019-04-29T00:00:00Z,0.09715075
2019-04-28T00:00:00Z,0.09676028
2019-04-27T00:00:00Z,0.0915
2019-04-26T00:00:00Z,0.09150245
2019-04-25T00:00:00Z,0.08689841
2019-04-24T00:00:00Z,0.08878052
2019-04-23T00:00:00Z,0.08571017
2019-04-22T00:00:00Z,0.08290665
2019-04-21T00:00:00Z,0.08309753
2019-04-20T00:00:00Z,0.08248735
2019-04-19T00:00:00Z,0.08096395
2019-04-18T00:00:00Z,0.07857311
2019-04-17T00:00:00Z,0.07841342
2019-04-16T00:00:00Z,0.07817876
2019-04-15T00:00:00Z,0.08069619
2019-04-14T00:00:00Z,0.08115298
2019-04-13T00:00:00Z,0.08189388
2019-04-12T00:00:00Z,0.07651309
2019-04-11T00:00:00Z,0.0792608
2019-04-10T00:00:00Z,0.0776835
2019-04-09T00:00:00Z,0.08006267
2019-04-08T00:00:00Z,0.07522893
2019-04-07T00:00:00Z,0.07349434
2019-04-06T00:00:00Z,0.07404965
2019-04-05T00:00:00Z,0.07463428
2019-04-04T00:00:00Z,0.07870853
2019-04-03T00:00:00Z,0.07088391
2019-04-02T00:00:00Z,0.07591423
2019-04-01T00:00:00Z,0.12442489
2019-03-31T00:00:00Z,0.11904454
2019-03-30T00:00:00Z,0.11725685
