Datetime,Open Interest
2025-05-06T00:00:00Z,32393304702
2025-05-05T00:00:00Z,31172092082.692497
2025-05-04T00:00:00Z,31547788019
2025-05-03T00:00:00Z,32180617710.345993
2025-05-02T00:00:00Z,33320769919.357742
2025-05-01T00:00:00Z,33799629215.728275
2025-04-30T00:00:00Z,30889613578.005745
2025-04-29T00:00:00Z,31435939606.356766
2025-04-28T00:00:00Z,31566788218.623093
2025-04-27T00:00:00Z,31657852369.27421
2025-04-26T00:00:00Z,32263012874
2025-04-25T00:00:00Z,33499878025.268364
2025-04-24T00:00:00Z,32257055665.642403
2025-04-23T00:00:00Z,31758128922.001446
2025-04-22T00:00:00Z,33305430657.707897
2025-04-21T00:00:00Z,29566018416.366764
2025-04-20T00:00:00Z,27276508181.87339
2025-04-19T00:00:00Z,27702138357.98469
2025-04-18T00:00:00Z,26790231059.726086
2025-04-17T00:00:00Z,27301915149.62424
2025-04-16T00:00:00Z,26566504213.29316
2025-04-15T00:00:00Z,26814051520.73061
2025-04-14T00:00:00Z,26696366928.699707
2025-04-13T00:00:00Z,26469657552.938423
2025-04-12T00:00:00Z,28555630285.318493
2025-04-11T00:00:00Z,27257480151.365158
2025-04-10T00:00:00Z,24457763954.320038
2025-04-09T00:00:00Z,26285280516.84506
2025-04-08T00:00:00Z,24576440058.792305
2025-04-07T00:00:00Z,24232401715.00165
2025-04-06T00:00:00Z,25860693712.646423
2025-04-05T00:00:00Z,25418709833.110268
2025-04-04T00:00:00Z,26010579518.271194
2025-04-03T00:00:00Z,25543614148.424824
2025-04-02T00:00:00Z,25448655412.771435
2025-04-01T00:00:00Z,27582203889.59246
2025-03-31T00:00:00Z,25769948603.72026
2025-03-30T00:00:00Z,26755501600.864555
2025-03-29T00:00:00Z,27491848140.71076
2025-03-28T00:00:00Z,29021086176.530796
2025-03-27T00:00:00Z,28153272841.116745
2025-03-26T00:00:00Z,27842718516
2025-03-25T00:00:00Z,28825177713.547684
2025-03-24T00:00:00Z,29485697505.713978
2025-03-23T00:00:00Z,27804156614.67915
2025-03-22T00:00:00Z,26142199031.69944
2025-03-21T00:00:00Z,26390439893.293373
2025-03-20T00:00:00Z,26345126269.58613
2025-03-19T00:00:00Z,28649237032.744785
2025-03-18T00:00:00Z,26536520652.274296
2025-03-17T00:00:00Z,26498107730.409283
2025-03-16T00:00:00Z,25883220213.85059
2025-03-15T00:00:00Z,27239553855.545013
2025-03-14T00:00:00Z,27144297407.053806
2025-03-13T00:00:00Z,25881596871.66246
2025-03-12T00:00:00Z,25467954352.855785
2025-03-11T00:00:00Z,25121855069.747074
2025-03-10T00:00:00Z,24901404261.11819
2025-03-09T00:00:00Z,25683692285.219948
2025-03-08T00:00:00Z,25912691091.894836
2025-03-07T00:00:00Z,26172178453.36689
2025-03-06T00:00:00Z,26726397960
2025-03-05T00:00:00Z,26937919179.368507
2025-03-04T00:00:00Z,25351023188.63725
2025-03-03T00:00:00Z,26248703641.088924
2025-03-02T00:00:00Z,30061692291.288403
2025-03-01T00:00:00Z,27560542863.454918
2025-02-28T00:00:00Z,27429302791.46652
2025-02-27T00:00:00Z,28703810806.909645
2025-02-26T00:00:00Z,28759536351.835487
2025-02-25T00:00:00Z,31002605071.45776
2025-02-24T00:00:00Z,32194868351.509773
2025-02-23T00:00:00Z,31240208082.66211
2025-02-22T00:00:00Z,31002396650.920628
2025-02-21T00:00:00Z,31362591621.275642
2025-02-20T00:00:00Z,34966880154.97904
2025-02-19T00:00:00Z,32607113730.693356
2025-02-18T00:00:00Z,33143669238.50703
2025-02-17T00:00:00Z,32246756720.98691
2025-02-16T00:00:00Z,31937727296.226227
2025-02-15T00:00:00Z,32206145731.18149
2025-02-14T00:00:00Z,32224590833.845978
2025-02-13T00:00:00Z,32322457441.094772
2025-02-12T00:00:00Z,32588060746
2025-02-11T00:00:00Z,32333339464.72252
2025-02-10T00:00:00Z,31496512220.87114
2025-02-09T00:00:00Z,30613252691.99176
2025-02-08T00:00:00Z,30852519425.16948
2025-02-07T00:00:00Z,30666791767.546917
2025-02-06T00:00:00Z,30608967588.872868
2025-02-05T00:00:00Z,30585668764.92638
2025-02-04T00:00:00Z,30396509168.51087
2025-02-03T00:00:00Z,32492357213.168186
2025-02-02T00:00:00Z,33254304683.75059
2025-02-01T00:00:00Z,33930367895.019447
2025-01-31T00:00:00Z,34453415758.28511
2025-01-30T00:00:00Z,34686056588.772026
2025-01-29T00:00:00Z,33902789966.44076
2025-01-28T00:00:00Z,32918378100.10733
2025-01-27T00:00:00Z,33398984989.03628
2025-01-26T00:00:00Z,33557810397.062386
2025-01-25T00:00:00Z,33854242617.14667
2025-01-24T00:00:00Z,34421186496.64893
2025-01-23T00:00:00Z,33961070015.249214
2025-01-22T00:00:00Z,34611495337
2025-01-21T00:00:00Z,35917184367.56788
2025-01-20T00:00:00Z,34169472757.035904
2025-01-19T00:00:00Z,34045057875.150784
2025-01-18T00:00:00Z,35489608390.625534
2025-01-17T00:00:00Z,36752040955.24482
2025-01-16T00:00:00Z,33782988215.087673
2025-01-15T00:00:00Z,34209249625.329613
2025-01-14T00:00:00Z,32566266395.248493
2025-01-13T00:00:00Z,31883162296.204338
2025-01-12T00:00:00Z,32299570867.922863
2025-01-11T00:00:00Z,32186151351.288513
2025-01-10T00:00:00Z,32150753114.566658
2025-01-09T00:00:00Z,31492186176.70602
2025-01-08T00:00:00Z,32627888225.504284
2025-01-07T00:00:00Z,33482009885.204773
2025-01-06T00:00:00Z,35594523369.10105
2025-01-05T00:00:00Z,33006322287.594997
2025-01-04T00:00:00Z,32735693683.27801
2025-01-03T00:00:00Z,33136756758.746376
2025-01-02T00:00:00Z,33053722145.454426
2025-01-01T00:00:00Z,31755353151.559677
2024-12-31T00:00:00Z,31204884865.56113
2024-12-30T00:00:00Z,31278846701.23175
2024-12-29T00:00:00Z,31534693738.36507
2024-12-28T00:00:00Z,31777119644.143703
2024-12-27T00:00:00Z,31426102136.191196
2024-12-26T00:00:00Z,31426251419.427094
2024-12-25T00:00:00Z,32348679563.315968
2024-12-24T00:00:00Z,31953685861.73187
2024-12-23T00:00:00Z,30945685862.833035
2024-12-22T00:00:00Z,29897217146.886436
2024-12-21T00:00:00Z,30363810345.26985
2024-12-20T00:00:00Z,30395832347.67416
2024-12-19T00:00:00Z,30898636265.50879
2024-12-18T00:00:00Z,31898815674.184364
2024-12-17T00:00:00Z,33358654576.005253
2024-12-16T00:00:00Z,33505254210.907516
2024-12-15T00:00:00Z,33810099684.39782
2024-12-14T00:00:00Z,31207007309.548958
2024-12-13T00:00:00Z,31056477483.487118
2024-12-12T00:00:00Z,30718241838.776657
2024-12-11T00:00:00Z,30220849211.55456
2024-12-10T00:00:00Z,28064485216.659985
2024-12-09T00:00:00Z,28905356577.62641
2024-12-08T00:00:00Z,29632096474.653736
2024-12-07T00:00:00Z,29306525786.465393
2024-12-06T00:00:00Z,29044617518
2024-12-05T00:00:00Z,29283357228.944412
2024-12-04T00:00:00Z,30506916842.976078
2024-12-03T00:00:00Z,28460364233.264637
2024-12-02T00:00:00Z,28501661656.172268
2024-12-01T00:00:00Z,28953331069.150005
2024-11-30T00:00:00Z,28805518469.90269
2024-11-29T00:00:00Z,29608964887.076424
2024-11-28T00:00:00Z,28821403268.79416
2024-11-27T00:00:00Z,29145532392.287243
2024-11-26T00:00:00Z,28530639690.94565
2024-11-25T00:00:00Z,29713496110.25467
2024-11-24T00:00:00Z,30123446476.079372
2024-11-23T00:00:00Z,30544091273.692413
2024-11-22T00:00:00Z,30879514361.68669
2024-11-21T00:00:00Z,30866552286.29944
2024-11-20T00:00:00Z,29718479930.59281
2024-11-19T00:00:00Z,28188985779.854637
2024-11-18T00:00:00Z,27273361357.250187
2024-11-17T00:00:00Z,26784365836.68054
2024-11-16T00:00:00Z,26771837436.19392
2024-11-15T00:00:00Z,26788969201.44658
2024-11-14T00:00:00Z,26347244556.145676
2024-11-13T00:00:00Z,26157139145.74964
2024-11-12T00:00:00Z,25860400790.182472
2024-11-11T00:00:00Z,26282057808.979607
2024-11-10T00:00:00Z,24360739600.47892
2024-11-09T00:00:00Z,23663081054.340378
2024-11-08T00:00:00Z,24195462751.694946
2024-11-07T00:00:00Z,23926637742.643322
2024-11-06T00:00:00Z,24037719808.52992
2024-11-05T00:00:00Z,20696346170.14814
2024-11-04T00:00:00Z,20419596262.30949
2024-11-03T00:00:00Z,20633914318.97624
2024-11-02T00:00:00Z,21106535602.105324
2024-11-01T00:00:00Z,20987554120.023556
2024-10-31T00:00:00Z,22225320144.053288
2024-10-30T00:00:00Z,22991172546.54348
2024-10-29T00:00:00Z,23171410773.54479
2024-10-28T00:00:00Z,22081647375.78657
2024-10-27T00:00:00Z,20365904607.81074
2024-10-26T00:00:00Z,19775595432.257843
2024-10-25T00:00:00Z,19605639980.990196
2024-10-24T00:00:00Z,20881330085.807285
2024-10-23T00:00:00Z,20457265769.88231
2024-10-22T00:00:00Z,20613168217.440655
2024-10-21T00:00:00Z,20493273568.16829
2024-10-20T00:00:00Z,20891231835.945522
2024-10-19T00:00:00Z,20775280151.724136
2024-10-18T00:00:00Z,20831502161.58124
2024-10-17T00:00:00Z,19691162276.765305
2024-10-16T00:00:00Z,20354027617.596706
2024-10-15T00:00:00Z,19419159008
2024-10-14T00:00:00Z,19750642033.00379
2024-10-13T00:00:00Z,18493309730.76741
2024-10-12T00:00:00Z,19056311934.40553
2024-10-11T00:00:00Z,18616756083.28973
2024-10-10T00:00:00Z,17566616412.331135
2024-10-09T00:00:00Z,17731139342.340923
2024-10-08T00:00:00Z,17709759256
2024-10-07T00:00:00Z,17562225621.99028
2024-10-06T00:00:00Z,18005675981.039284
2024-10-05T00:00:00Z,17512782300.758614
2024-10-04T00:00:00Z,17551033905.361156
2024-10-03T00:00:00Z,17274527339.037445
2024-10-02T00:00:00Z,16932173614.35136
2024-10-01T00:00:00Z,17360598458.42605
2024-09-30T00:00:00Z,18162276476.228626
2024-09-29T00:00:00Z,18679000965.897057
2024-09-28T00:00:00Z,18671295807.550568
2024-09-27T00:00:00Z,18756668514
2024-09-26T00:00:00Z,18773328959.421215
2024-09-25T00:00:00Z,18163108641.624626
2024-09-24T00:00:00Z,18576641670.99895
2024-09-23T00:00:00Z,17911545726.82074
2024-09-22T00:00:00Z,17789530364.62654
2024-09-21T00:00:00Z,17962564873.429493
2024-09-20T00:00:00Z,17826713811.134796
2024-09-19T00:00:00Z,18224313519.217068
2024-09-18T00:00:00Z,17418269248.94646
2024-09-17T00:00:00Z,16976702665.983822
2024-09-16T00:00:00Z,16192064103.832613
2024-09-15T00:00:00Z,16696517627.973913
2024-09-14T00:00:00Z,17140494040.247375
2024-09-13T00:00:00Z,17587979237.03474
2024-09-12T00:00:00Z,16364108185.683529
2024-09-11T00:00:00Z,16028443783.53895
2024-09-10T00:00:00Z,16181119365.11926
2024-09-09T00:00:00Z,16188962418.963192
2024-09-08T00:00:00Z,15293697372.002874
2024-09-07T00:00:00Z,15027299461.532467
2024-09-06T00:00:00Z,15102224378.422482
2024-09-05T00:00:00Z,15261618224.354069
2024-09-04T00:00:00Z,15381197626.635712
2024-09-03T00:00:00Z,15670746381.53058
2024-09-02T00:00:00Z,15691443083.877861
2024-09-01T00:00:00Z,15220094655.01305
2024-08-31T00:00:00Z,15559663678.104216
2024-08-30T00:00:00Z,15522818459.43867
2024-08-29T00:00:00Z,15673663926.350592
2024-08-28T00:00:00Z,15433404484.14127
2024-08-27T00:00:00Z,15737918944.719637
2024-08-26T00:00:00Z,16993709222.753712
2024-08-25T00:00:00Z,17889324239.766914
2024-08-24T00:00:00Z,17673493126
2024-08-23T00:00:00Z,17532889282.312702
2024-08-22T00:00:00Z,16219344334.043606
2024-08-21T00:00:00Z,16573765293.61574
2024-08-20T00:00:00Z,15524571356.146898
2024-08-19T00:00:00Z,15482326364.84303
2024-08-18T00:00:00Z,15474479735.661919
2024-08-17T00:00:00Z,15710323308.522703
2024-08-16T00:00:00Z,15471729059.953289
2024-08-15T00:00:00Z,15327673513.583067
2024-08-14T00:00:00Z,15182887511.017368
2024-08-13T00:00:00Z,15224425850.541147
2024-08-12T00:00:00Z,14313384355.878353
2024-08-11T00:00:00Z,14593405726.94599
2024-08-10T00:00:00Z,14994997422.898132
2024-08-09T00:00:00Z,14834999012.731918
2024-08-08T00:00:00Z,15333869910.001251
2024-08-07T00:00:00Z,14281191991.80023
2024-08-06T00:00:00Z,14342435122.423254
2024-08-05T00:00:00Z,13615751469.475039
2024-08-04T00:00:00Z,16736037224.94129
2024-08-03T00:00:00Z,17349613395.921066
2024-08-02T00:00:00Z,17778326002.907753
2024-08-01T00:00:00Z,18803323558.14575
2024-07-31T00:00:00Z,18778042292.89898
2024-07-30T00:00:00Z,19124816898.42104
2024-07-29T00:00:00Z,19437692037.70283
2024-07-28T00:00:00Z,19600259205.179695
2024-07-27T00:00:00Z,19365790263.368217
2024-07-26T00:00:00Z,19049024564.31969
2024-07-25T00:00:00Z,18126225385.86255
2024-07-24T00:00:00Z,17865596713.764133
2024-07-23T00:00:00Z,18009490190.37039
2024-07-22T00:00:00Z,18500367850.944866
2024-07-21T00:00:00Z,18735630563.917564
2024-07-20T00:00:00Z,18640413152.28281
2024-07-19T00:00:00Z,18719783879.619522
2024-07-18T00:00:00Z,17128043125.02393
2024-07-17T00:00:00Z,17091250066.19345
2024-07-16T00:00:00Z,17376145376.07747
2024-07-15T00:00:00Z,17354336484.422115
2024-07-14T00:00:00Z,16459514902.190592
2024-07-13T00:00:00Z,15887396468.194883
2024-07-12T00:00:00Z,15193584004.43701
2024-07-11T00:00:00Z,15367083098.200008
2024-07-10T00:00:00Z,15102181004.114702
2024-07-09T00:00:00Z,15151294612.873102
2024-07-08T00:00:00Z,14409980731.65962
2024-07-07T00:00:00Z,14707943715.679316
2024-07-06T00:00:00Z,15112090355.678324
2024-07-05T00:00:00Z,15006202703.71579
2024-07-04T00:00:00Z,16188931390.446737
2024-07-03T00:00:00Z,17481325257.555344
2024-07-02T00:00:00Z,17741436592.180912
2024-07-01T00:00:00Z,17367372355.24257
2024-06-30T00:00:00Z,17791094279.539856
2024-06-29T00:00:00Z,16971421342.010815
2024-06-28T00:00:00Z,16774228196.11439
2024-06-27T00:00:00Z,16484064851.051363
2024-06-26T00:00:00Z,16361905950.154814
2024-06-25T00:00:00Z,16561592328.755405
2024-06-24T00:00:00Z,16532099801.373526
2024-06-23T00:00:00Z,17330342546.439537
2024-06-22T00:00:00Z,17520224800.148697
2024-06-21T00:00:00Z,17367090589.891632
2024-06-20T00:00:00Z,17153638056.848106
2024-06-19T00:00:00Z,17254140803.455345
2024-06-18T00:00:00Z,17394874720.012913
2024-06-17T00:00:00Z,17952034232.454132
2024-06-16T00:00:00Z,18157090066.548603
2024-06-15T00:00:00Z,17941220256.166542
2024-06-14T00:00:00Z,17935416407.415016
2024-06-13T00:00:00Z,18262524553.599056
2024-06-12T00:00:00Z,18409592674.79186
2024-06-11T00:00:00Z,18309468307.951405
2024-06-10T00:00:00Z,19047292669.11337
2024-06-09T00:00:00Z,19006002037.458576
2024-06-08T00:00:00Z,18656244456.05948
2024-06-07T00:00:00Z,18739928088.04007
2024-06-06T00:00:00Z,19144490784.709015
2024-06-05T00:00:00Z,19183050522.628777
2024-06-04T00:00:00Z,18678499452.746845
2024-06-03T00:00:00Z,17644186019.330917
2024-06-02T00:00:00Z,16952582159.873617
2024-06-01T00:00:00Z,16906226267.56421
2024-05-31T00:00:00Z,17004266732.077429
2024-05-30T00:00:00Z,16787292042.641151
2024-05-29T00:00:00Z,17024608737.31169
2024-05-28T00:00:00Z,16715973920.984993
2024-05-27T00:00:00Z,16700339650.410408
2024-05-26T00:00:00Z,16243993829.815342
2024-05-25T00:00:00Z,16445481998.067322
2024-05-24T00:00:00Z,16055457240.670666
2024-05-23T00:00:00Z,15981139962.497877
2024-05-22T00:00:00Z,16604453190.156813
2024-05-21T00:00:00Z,16758158408.653784
2024-05-20T00:00:00Z,16522179382.059977
2024-05-19T00:00:00Z,15898482051.826616
2024-05-18T00:00:00Z,16114695868.050358
2024-05-17T00:00:00Z,16032392417.038168
2024-05-16T00:00:00Z,15551208790.044582
2024-05-15T00:00:00Z,16205088456.11576
2024-05-14T00:00:00Z,14352369457.06481
2024-05-13T00:00:00Z,15023917310.248596
2024-05-12T00:00:00Z,14537380063
2024-05-11T00:00:00Z,14562429915.603413
2024-05-10T00:00:00Z,14701981280.773493
2024-05-09T00:00:00Z,14565300717.521795
2024-05-08T00:00:00Z,14383511698.257065
2024-05-07T00:00:00Z,14690473174.467972
2024-05-06T00:00:00Z,14695354414.669716
2024-05-05T00:00:00Z,15034031251.923054
2024-05-04T00:00:00Z,15085952548.202602
2024-05-03T00:00:00Z,14885903391.296774
2024-05-02T00:00:00Z,13861941255.766323
2024-05-01T00:00:00Z,13948733527.176647
2024-04-30T00:00:00Z,14880385880.615686
2024-04-29T00:00:00Z,14797725515.518814
2024-04-28T00:00:00Z,14488834014.441776
2024-04-27T00:00:00Z,14882905071.954542
2024-04-26T00:00:00Z,14647252963.277933
2024-04-25T00:00:00Z,14779173540.669275
2024-04-24T00:00:00Z,15075984522.098385
2024-04-23T00:00:00Z,15044169503.075739
2024-04-22T00:00:00Z,15278142715.142683
2024-04-21T00:00:00Z,14545434361.15425
2024-04-20T00:00:00Z,14561961590.370718
2024-04-19T00:00:00Z,14116037372.107702
2024-04-18T00:00:00Z,14278148802.305996
2024-04-17T00:00:00Z,14037740429.855701
2024-04-16T00:00:00Z,14137855736.46118
2024-04-15T00:00:00Z,14616158719.46499
2024-04-14T00:00:00Z,14679843694.949314
2024-04-13T00:00:00Z,14285961461.180788
2024-04-12T00:00:00Z,16725941155.282513
2024-04-11T00:00:00Z,17080717027.793846
2024-04-10T00:00:00Z,17124994070.361841
2024-04-09T00:00:00Z,17259620360.60484
2024-04-08T00:00:00Z,17865700714.40222
2024-04-07T00:00:00Z,16787099611.139225
2024-04-06T00:00:00Z,16320899495.926113
2024-04-05T00:00:00Z,15900017867.110605
2024-04-04T00:00:00Z,16555229080.120876
2024-04-03T00:00:00Z,16334102092.461382
2024-04-02T00:00:00Z,16160741791.28197
2024-04-01T00:00:00Z,17449949894.17262
2024-03-31T00:00:00Z,17647622532.912277
2024-03-30T00:00:00Z,17038656277.530476
2024-03-29T00:00:00Z,17048452861.164669
2024-03-28T00:00:00Z,17762564906.170322
2024-03-27T00:00:00Z,17366441250.89947
2024-03-26T00:00:00Z,17190987272.47634
2024-03-25T00:00:00Z,17064397589.464188
2024-03-24T00:00:00Z,15934334542.458012
2024-03-23T00:00:00Z,15081830667.163822
2024-03-22T00:00:00Z,15022491652.211449
2024-03-21T00:00:00Z,15304581101.831705
2024-03-20T00:00:00Z,16006364277.86964
2024-03-19T00:00:00Z,14891078601.363146
2024-03-18T00:00:00Z,16243352946.270218
2024-03-17T00:00:00Z,16367999821.569744
2024-03-16T00:00:00Z,15738830732.645254
2024-03-15T00:00:00Z,16594648857.783077
2024-03-14T00:00:00Z,18275465879.680748
2024-03-13T00:00:00Z,17877259569.872868
2024-03-12T00:00:00Z,17692282373.04003
2024-03-11T00:00:00Z,17950314331.58725
2024-03-10T00:00:00Z,16601530061.996655
2024-03-09T00:00:00Z,15725036212.83929
2024-03-08T00:00:00Z,15673631451.362768
2024-03-07T00:00:00Z,15502315634.202309
2024-03-06T00:00:00Z,15266967989.697245
2024-03-05T00:00:00Z,14918323522.280636
2024-03-04T00:00:00Z,16602081839.426851
2024-03-03T00:00:00Z,14774048338.734756
2024-03-02T00:00:00Z,14179858028.800856
2024-03-01T00:00:00Z,14329230660.87094
2024-02-29T00:00:00Z,13912492710.357315
2024-02-28T00:00:00Z,14242631319.201824
2024-02-27T00:00:00Z,13767402338.407764
2024-02-26T00:00:00Z,13791206250.05823
2024-02-25T00:00:00Z,12956451166.841576
2024-02-24T00:00:00Z,13120323008.306046
2024-02-23T00:00:00Z,12946912208.913568
2024-02-22T00:00:00Z,12757006972.629736
2024-02-21T00:00:00Z,13076069464.203201
2024-02-20T00:00:00Z,13087797529.723248
2024-02-19T00:00:00Z,13346459767.148304
2024-02-18T00:00:00Z,13194384096.421015
2024-02-17T00:00:00Z,13357606393.659485
2024-02-16T00:00:00Z,13322716410.759676
2024-02-15T00:00:00Z,13286262472.69389
2024-02-14T00:00:00Z,13583535019.549519
2024-02-13T00:00:00Z,12797178984.506466
2024-02-12T00:00:00Z,13312728702.399033
2024-02-11T00:00:00Z,12501360389.885468
2024-02-10T00:00:00Z,12079551248.49015
2024-02-09T00:00:00Z,11694258315.00625
2024-02-08T00:00:00Z,11728835689.192701
2024-02-07T00:00:00Z,11180871013.53896
2024-02-06T00:00:00Z,10603714178.96485
2024-02-05T00:00:00Z,10415330232.99112
2024-02-04T00:00:00Z,10108884063.318632
2024-02-03T00:00:00Z,10175490573.416534
2024-02-02T00:00:00Z,10106007808.391096
2024-02-01T00:00:00Z,10128244229.789263
2024-01-31T00:00:00Z,9983227444.908703
2024-01-30T00:00:00Z,10124063898.970695
2024-01-29T00:00:00Z,10358204438.268635
2024-01-28T00:00:00Z,9950632810.597706
2024-01-27T00:00:00Z,10201712357.092571
2024-01-26T00:00:00Z,10305868433.771643
2024-01-25T00:00:00Z,9777518936
2024-01-24T00:00:00Z,9675558108.735895
2024-01-23T00:00:00Z,9480610928.157034
2024-01-22T00:00:00Z,9531739190.987415
2024-01-21T00:00:00Z,9912120711.948492
2024-01-20T00:00:00Z,9911270435.530136
2024-01-19T00:00:00Z,9906722341.627476
2024-01-18T00:00:00Z,10109215849.249327
2024-01-17T00:00:00Z,10131465287.060167
2024-01-16T00:00:00Z,10072747643.381435
2024-01-15T00:00:00Z,10050226246.707287
2024-01-14T00:00:00Z,10254327074.287453
2024-01-13T00:00:00Z,10308166533.930273
2024-01-12T00:00:00Z,10314334602.384232
2024-01-11T00:00:00Z,10613297668.130898
2024-01-10T00:00:00Z,10274329658.87962
2024-01-09T00:00:00Z,10355614055.811287
2024-01-08T00:00:00Z,10913579654.166458
2024-01-07T00:00:00Z,10023179372.742338
2024-01-06T00:00:00Z,9921854899.548414
2024-01-05T00:00:00Z,9820375035.399014
2024-01-04T00:00:00Z,10209308823.046026
2024-01-03T00:00:00Z,9868389874.738544
2024-01-02T00:00:00Z,11233487997.988005
2024-01-01T00:00:00Z,10915397676.461193
2023-12-31T00:00:00Z,10322413109.124924
2023-12-30T00:00:00Z,10496076159
2023-12-29T00:00:00Z,10436652152.993546
2023-12-28T00:00:00Z,10586605398.511156
2023-12-27T00:00:00Z,10780130558.433783
2023-12-26T00:00:00Z,10718282398.287487
2023-12-25T00:00:00Z,10644812912.892746
2023-12-24T00:00:00Z,10497354203.083126
2023-12-23T00:00:00Z,10651440995.512104
2023-12-22T00:00:00Z,10738254970.068808
2023-12-21T00:00:00Z,10905790820.672255
2023-12-20T00:00:00Z,10962088579.30398
2023-12-19T00:00:00Z,10463086572.85075
2023-12-18T00:00:00Z,10352697059.736897
2023-12-17T00:00:00Z,10160736737.259155
2023-12-16T00:00:00Z,10304614139.120667
2023-12-15T00:00:00Z,10223782723.70817
2023-12-14T00:00:00Z,10586487896.59206
2023-12-13T00:00:00Z,10765215398.29731
2023-12-12T00:00:00Z,10394848983.281857
2023-12-11T00:00:00Z,10369146999.573265
2023-12-10T00:00:00Z,11289518651.69212
2023-12-09T00:00:00Z,11082030072.154274
2023-12-08T00:00:00Z,11289610939.477951
2023-12-07T00:00:00Z,11441391225.243479
2023-12-06T00:00:00Z,11499467731.02004
2023-12-05T00:00:00Z,11607843923.293617
2023-12-04T00:00:00Z,11083225185.818638
2023-12-03T00:00:00Z,10664726108.22228
2023-12-02T00:00:00Z,10644187797.122253
2023-12-01T00:00:00Z,11104713065.82116
2023-11-30T00:00:00Z,9998522654.826836
2023-11-29T00:00:00Z,10025079201.596214
2023-11-28T00:00:00Z,9895753385.265131
2023-11-27T00:00:00Z,9574369256.161585
2023-11-26T00:00:00Z,9598324361.648157
2023-11-25T00:00:00Z,9736012508.704195
2023-11-24T00:00:00Z,9760608318
2023-11-23T00:00:00Z,9709192047.077574
2023-11-22T00:00:00Z,9608551650.140724
2023-11-21T00:00:00Z,9308190245.060991
2023-11-20T00:00:00Z,9843651362
2023-11-19T00:00:00Z,9734858603.126225
2023-11-18T00:00:00Z,9380342586.625566
2023-11-17T00:00:00Z,9269898306.472668
2023-11-16T00:00:00Z,9466177688.554531
2023-11-15T00:00:00Z,9935486880.725506
2023-11-14T00:00:00Z,9078667684.638788
2023-11-13T00:00:00Z,9545024189.907568
2023-11-12T00:00:00Z,9627156842.871387
2023-11-11T00:00:00Z,9538164789.552065
2023-11-10T00:00:00Z,9616925812.058592
2023-11-09T00:00:00Z,9615329440.005676
2023-11-08T00:00:00Z,10140983472.07156
2023-11-07T00:00:00Z,10005602930.008688
2023-11-06T00:00:00Z,9744758753
2023-11-05T00:00:00Z,9720542161
2023-11-04T00:00:00Z,9567211562.589993
2023-11-03T00:00:00Z,9373615964.330591
2023-11-02T00:00:00Z,9474089659.691902
2023-11-01T00:00:00Z,9839777084.975307
2023-10-31T00:00:00Z,9673502039.300346
2023-10-30T00:00:00Z,9528499042.159996
2023-10-29T00:00:00Z,9725347221
2023-10-28T00:00:00Z,9325529483.427773
2023-10-27T00:00:00Z,9183458593.532455
2023-10-26T00:00:00Z,9325159856
2023-10-25T00:00:00Z,9387949999.008102
2023-10-24T00:00:00Z,8832562127.981163
2023-10-23T00:00:00Z,8891804249.538946
2023-10-22T00:00:00Z,8932910816.430319
2023-10-21T00:00:00Z,9046842741
2023-10-20T00:00:00Z,8797721881.197485
2023-10-19T00:00:00Z,8627207565.279358
2023-10-18T00:00:00Z,8237499571
2023-10-17T00:00:00Z,8490178658
2023-10-16T00:00:00Z,8368627111.678736
2023-10-15T00:00:00Z,8700942695.598574
2023-10-14T00:00:00Z,8497083913.267618
2023-10-13T00:00:00Z,8467319635.599111
2023-10-12T00:00:00Z,8491728163
2023-10-11T00:00:00Z,8582831249.714147
2023-10-10T00:00:00Z,8492383377.515307
2023-10-09T00:00:00Z,8477678012
2023-10-08T00:00:00Z,8655803275.515371
2023-10-07T00:00:00Z,8681505243.940428
2023-10-06T00:00:00Z,8711729020.106655
2023-10-05T00:00:00Z,8379867266
2023-10-04T00:00:00Z,8404391666.618463
2023-10-03T00:00:00Z,8081967325.4295845
2023-10-02T00:00:00Z,8076466670
2023-10-01T00:00:00Z,8148200986.764073
2023-09-30T00:00:00Z,8036632264.390574
2023-09-29T00:00:00Z,7975582153
2023-09-28T00:00:00Z,8210313423.292898
2023-09-27T00:00:00Z,7809118322.974894
2023-09-26T00:00:00Z,7831005519.977148
2023-09-25T00:00:00Z,7677022039.543836
2023-09-24T00:00:00Z,7517551676.094842
2023-09-23T00:00:00Z,7591606895.176315
2023-09-22T00:00:00Z,7635957815.871508
2023-09-21T00:00:00Z,7685125957
2023-09-20T00:00:00Z,7793473516.628977
2023-09-19T00:00:00Z,8003681722.401044
2023-09-18T00:00:00Z,7737788839.570271
2023-09-17T00:00:00Z,7458166251.299907
2023-09-16T00:00:00Z,7552150993.236392
2023-09-15T00:00:00Z,7571624076.025136
2023-09-14T00:00:00Z,7829221789
2023-09-13T00:00:00Z,7525890936.946295
2023-09-12T00:00:00Z,7305910678.735618
2023-09-11T00:00:00Z,7280578538.6905365
2023-09-10T00:00:00Z,7077530274.248413
2023-09-09T00:00:00Z,7203328509.143534
2023-09-08T00:00:00Z,7239175931.807704
2023-09-07T00:00:00Z,7304459803.973949
2023-09-06T00:00:00Z,7121885757.474158
2023-09-05T00:00:00Z,7132569735.703341
2023-09-04T00:00:00Z,6981415481.796871
2023-09-03T00:00:00Z,7087576497.851367
2023-09-02T00:00:00Z,7024409094.188541
2023-09-01T00:00:00Z,7040881499.832634
2023-08-31T00:00:00Z,7034239087
2023-08-30T00:00:00Z,7747954052.565336
2023-08-29T00:00:00Z,8122889385.214555
2023-08-28T00:00:00Z,7174827647.335779
2023-08-27T00:00:00Z,7220202278.829707
2023-08-26T00:00:00Z,7130583519.679253
2023-08-25T00:00:00Z,7104092590.805319
2023-08-24T00:00:00Z,7198342998.006228
2023-08-23T00:00:00Z,7159917201.435935
2023-08-22T00:00:00Z,7189442174.455307
2023-08-21T00:00:00Z,7435269855.387025
2023-08-20T00:00:00Z,7427555380.308718
2023-08-19T00:00:00Z,7261928643.791413
2023-08-18T00:00:00Z,7441130071.871318
2023-08-17T00:00:00Z,7927640474.080662
2023-08-16T00:00:00Z,10069792179.430103
2023-08-15T00:00:00Z,9980862185
2023-08-14T00:00:00Z,9687610854.823023
2023-08-13T00:00:00Z,9873877110
2023-08-12T00:00:00Z,9984906846
2023-08-11T00:00:00Z,10029073809.79278
2023-08-10T00:00:00Z,10070140023.385199
2023-08-09T00:00:00Z,9983437033.954782
2023-08-08T00:00:00Z,10428994540.150919
2023-08-07T00:00:00Z,9841510550.053576
2023-08-06T00:00:00Z,9731861966.343185
2023-08-05T00:00:00Z,9846533750.393808
2023-08-04T00:00:00Z,9911910284.121761
2023-08-03T00:00:00Z,9851143193.245049
2023-08-02T00:00:00Z,9774097875.891176
2023-08-01T00:00:00Z,9855028393.370226
2023-07-31T00:00:00Z,9845067266
2023-07-30T00:00:00Z,9656512210.257961
2023-07-29T00:00:00Z,9732221100.792545
2023-07-28T00:00:00Z,9720944458.095964
2023-07-27T00:00:00Z,9648632425
2023-07-26T00:00:00Z,9588715853.979158
2023-07-25T00:00:00Z,9620733509.298725
2023-07-24T00:00:00Z,9780705785
2023-07-23T00:00:00Z,9223409235
2023-07-22T00:00:00Z,9356068480.817804
2023-07-21T00:00:00Z,9430950800.415838
2023-07-20T00:00:00Z,9596334079.184326
2023-07-19T00:00:00Z,9479569221.203672
2023-07-18T00:00:00Z,9607355598.315155
2023-07-17T00:00:00Z,9434024092.046272
2023-07-16T00:00:00Z,9362947679.658281
2023-07-15T00:00:00Z,9324464453.504343
2023-07-14T00:00:00Z,8948987603.652264
2023-07-13T00:00:00Z,9707914648.634834
2023-07-12T00:00:00Z,9416877264.205854
2023-07-11T00:00:00Z,9194979016.473877
2023-07-10T00:00:00Z,9455788336
2023-07-09T00:00:00Z,9178680544
2023-07-08T00:00:00Z,9174273640.134829
2023-07-07T00:00:00Z,9257767463
2023-07-06T00:00:00Z,9210823286.904549
2023-07-05T00:00:00Z,9727973661.570818
2023-07-04T00:00:00Z,9792556247.146473
2023-07-03T00:00:00Z,10051871973.840618
2023-07-02T00:00:00Z,9361273630.188717
2023-07-01T00:00:00Z,9424098440
2023-06-30T00:00:00Z,9212816396.353832
2023-06-29T00:00:00Z,9999816787.151514
2023-06-28T00:00:00Z,9779826579.455528
2023-06-27T00:00:00Z,10073921718.41526
2023-06-26T00:00:00Z,9875271654
2023-06-25T00:00:00Z,9875434903.634495
2023-06-24T00:00:00Z,9872397790.288841
2023-06-23T00:00:00Z,9953236558.496546
2023-06-22T00:00:00Z,9777732552.782228
2023-06-21T00:00:00Z,9701219616
2023-06-20T00:00:00Z,9708538252
2023-06-19T00:00:00Z,8597445235
2023-06-18T00:00:00Z,8331698395
2023-06-17T00:00:00Z,8327149911.380667
2023-06-16T00:00:00Z,8470217744.504834
2023-06-15T00:00:00Z,8044209346.8993225
2023-06-14T00:00:00Z,7881644181.522688
2023-06-13T00:00:00Z,8100336880.0454235
2023-06-12T00:00:00Z,7954595644.441764
2023-06-11T00:00:00Z,7845447663.719576
2023-06-10T00:00:00Z,7882525507.557227
2023-06-09T00:00:00Z,8008401108.715753
2023-06-08T00:00:00Z,8001595910.523702
2023-06-07T00:00:00Z,7889570947.335083
2023-06-06T00:00:00Z,8425683870.9316845
2023-06-05T00:00:00Z,8549585365.397387
2023-06-04T00:00:00Z,8369260416
2023-06-03T00:00:00Z,8538271386.454711
2023-06-02T00:00:00Z,8560596259.181443
2023-06-01T00:00:00Z,8482884743.098759
2023-05-31T00:00:00Z,8457011044.474089
2023-05-30T00:00:00Z,8725676166.230453
2023-05-29T00:00:00Z,8691415120.101955
2023-05-28T00:00:00Z,8811796035
2023-05-27T00:00:00Z,8231409186.345096
2023-05-26T00:00:00Z,8196379487.624687
2023-05-25T00:00:00Z,8316939037.222382
2023-05-24T00:00:00Z,8380365160.189091
2023-05-23T00:00:00Z,8391890242.135802
2023-05-22T00:00:00Z,8162597932.469394
2023-05-21T00:00:00Z,8120816777.776859
2023-05-20T00:00:00Z,8171637246
2023-05-19T00:00:00Z,7999493922.616662
2023-05-18T00:00:00Z,8061121758.207653
2023-05-17T00:00:00Z,8338791055.277177
2023-05-16T00:00:00Z,8271853408
2023-05-15T00:00:00Z,8235765531.298735
2023-05-14T00:00:00Z,8061113720.070546
2023-05-13T00:00:00Z,7956708873.318108
2023-05-12T00:00:00Z,7917080508.344784
2023-05-11T00:00:00Z,8215766997.125457
2023-05-10T00:00:00Z,7871322482.592301
2023-05-09T00:00:00Z,8336629445.344042
2023-05-08T00:00:00Z,8310169252.312883
2023-05-07T00:00:00Z,8069914311.036968
2023-05-06T00:00:00Z,8092079314.723341
2023-05-05T00:00:00Z,8561031498.719108
2023-05-04T00:00:00Z,8223616162.803822
2023-05-03T00:00:00Z,8040568286.640104
2023-05-02T00:00:00Z,8160386306.010047
2023-05-01T00:00:00Z,7960027158.646053
2023-04-30T00:00:00Z,8040185313.127136
2023-04-29T00:00:00Z,8183745774
2023-04-28T00:00:00Z,8158367822.295252
2023-04-27T00:00:00Z,8070124503.755377
2023-04-26T00:00:00Z,7457284714.217011
2023-04-25T00:00:00Z,8198930142.163876
2023-04-24T00:00:00Z,7962199740.200544
2023-04-23T00:00:00Z,8004667666.141316
2023-04-22T00:00:00Z,8273989160.901071
2023-04-21T00:00:00Z,7996641144.5964365
2023-04-20T00:00:00Z,8282204875.896203
2023-04-19T00:00:00Z,8209349110.451884
2023-04-18T00:00:00Z,8934247520.765055
2023-04-17T00:00:00Z,8630487289.885836
2023-04-16T00:00:00Z,8779596124.458685
2023-04-15T00:00:00Z,8891993118.190199
2023-04-14T00:00:00Z,8867074031.564297
2023-04-13T00:00:00Z,9515774301.498516
2023-04-12T00:00:00Z,9352707603.519072
2023-04-11T00:00:00Z,9495525129
2023-04-10T00:00:00Z,9399079689
2023-04-09T00:00:00Z,8142426524.534432
2023-04-08T00:00:00Z,7958269335.931042
2023-04-07T00:00:00Z,7989991165.812011
2023-04-06T00:00:00Z,7855179520.8629875
2023-04-05T00:00:00Z,7731691689.203916
2023-04-04T00:00:00Z,7807857979.239472
2023-04-03T00:00:00Z,7555056186.504243
2023-04-02T00:00:00Z,8107756828.308509
2023-04-01T00:00:00Z,8198453313.857606
2023-03-31T00:00:00Z,8244577953.850548
2023-03-30T00:00:00Z,8007070797.197574
2023-03-29T00:00:00Z,8456226582.045148
2023-03-28T00:00:00Z,7895560645.378447
2023-03-27T00:00:00Z,7727676518.257548
2023-03-26T00:00:00Z,7930464608.073378
2023-03-25T00:00:00Z,7538844660.871386
2023-03-24T00:00:00Z,7525375326
2023-03-23T00:00:00Z,8023316207.917808
2023-03-22T00:00:00Z,8216404659.359104
2023-03-21T00:00:00Z,8337328779.035355
2023-03-20T00:00:00Z,8333772148.151431
2023-03-19T00:00:00Z,8461530698.046332
2023-03-18T00:00:00Z,7898275866.803811
2023-03-17T00:00:00Z,8020917096.243862
2023-03-16T00:00:00Z,7148991214
2023-03-15T00:00:00Z,6940007153.141726
2023-03-14T00:00:00Z,7062520302.791799
2023-03-13T00:00:00Z,6892718178.989944
2023-03-12T00:00:00Z,5962973813.239983
2023-03-11T00:00:00Z,6053021515.883205
2023-03-10T00:00:00Z,6225140498.729878
2023-03-09T00:00:00Z,6377037050.347904
2023-03-08T00:00:00Z,6982633513.989519
2023-03-07T00:00:00Z,7018974378
2023-03-06T00:00:00Z,7101971862.842501
2023-03-05T00:00:00Z,6994980229.176959
2023-03-04T00:00:00Z,7089527707.578569
2023-03-03T00:00:00Z,7157085302.124111
2023-03-02T00:00:00Z,7819556331.763086
2023-03-01T00:00:00Z,7567959871.245868
2023-02-28T00:00:00Z,7574037551.238838
2023-02-27T00:00:00Z,7494304519.912901
2023-02-26T00:00:00Z,7671744077.356099
2023-02-25T00:00:00Z,7677403160.224848
2023-02-24T00:00:00Z,7569929622.737765
2023-02-23T00:00:00Z,7833341558.721745
2023-02-22T00:00:00Z,7918108855.285394
2023-02-21T00:00:00Z,8062031266.340904
2023-02-20T00:00:00Z,8119036752.433787
2023-02-19T00:00:00Z,7826370852.421241
2023-02-18T00:00:00Z,7970468904.008189
2023-02-17T00:00:00Z,7748783242.094896
2023-02-16T00:00:00Z,7557436137.904287
2023-02-15T00:00:00Z,7898004893.380589
2023-02-14T00:00:00Z,7227102165
2023-02-13T00:00:00Z,6934230566
2023-02-12T00:00:00Z,6924552891.957996
2023-02-11T00:00:00Z,7002176032.691003
2023-02-10T00:00:00Z,6978897461.447326
2023-02-09T00:00:00Z,6967908648.136898
2023-02-08T00:00:00Z,7565298852
2023-02-07T00:00:00Z,7461053498.223758
2023-02-06T00:00:00Z,7397007358.124893
2023-02-05T00:00:00Z,7475053731.277572
2023-02-04T00:00:00Z,7350934126.433924
2023-02-03T00:00:00Z,7352797639.620617
2023-02-02T00:00:00Z,7363626651.238947
2023-02-01T00:00:00Z,7498797354.147685
2023-01-31T00:00:00Z,7228067449.060497
2023-01-30T00:00:00Z,7029132335.665368
2023-01-29T00:00:00Z,7559652491.093148
2023-01-28T00:00:00Z,6909415714.912564
2023-01-27T00:00:00Z,6866564938.4435215
2023-01-26T00:00:00Z,6845591491.725559
2023-01-25T00:00:00Z,6725071337.0140915
2023-01-24T00:00:00Z,6991001002.109716
2023-01-23T00:00:00Z,6983768742
2023-01-22T00:00:00Z,6948056372.434069
2023-01-21T00:00:00Z,7000197461.670634
2023-01-20T00:00:00Z,7166578325.747983
2023-01-19T00:00:00Z,7141228059.429225
2023-01-18T00:00:00Z,6813103662.259395
2023-01-17T00:00:00Z,6982313983.111615
2023-01-16T00:00:00Z,6872036122.804953
2023-01-15T00:00:00Z,6625108972.409775
2023-01-14T00:00:00Z,6567789135.253107
2023-01-13T00:00:00Z,7218483079.596907
2023-01-12T00:00:00Z,6751881036.725646
2023-01-11T00:00:00Z,6562103230.707164
2023-01-10T00:00:00Z,6635488789.787832
2023-01-09T00:00:00Z,6241014537.204444
2023-01-08T00:00:00Z,6212151657.527488
2023-01-07T00:00:00Z,6299140249.976479
2023-01-06T00:00:00Z,6239325444.304295
2023-01-05T00:00:00Z,6310394264.391431
2023-01-04T00:00:00Z,6220281049.572672
2023-01-03T00:00:00Z,6336705184.271287
2023-01-02T00:00:00Z,6312366415
2023-01-01T00:00:00Z,6379258915.821008
2022-12-31T00:00:00Z,6258379217.532435
2022-12-30T00:00:00Z,6330783022.602476
2022-12-29T00:00:00Z,6343966354.104863
2022-12-28T00:00:00Z,6239899853.6392765
2022-12-27T00:00:00Z,6141357486.085891
2022-12-26T00:00:00Z,5971803990.795639
2022-12-25T00:00:00Z,5957117618.880561
2022-12-24T00:00:00Z,5953963269.477634
2022-12-23T00:00:00Z,5969525648.709279
2022-12-22T00:00:00Z,5982482774.045934
2022-12-21T00:00:00Z,5860373545.684349
2022-12-20T00:00:00Z,5801996490.787079
2022-12-19T00:00:00Z,5818663528.9241705
2022-12-18T00:00:00Z,5874991427
2022-12-17T00:00:00Z,5951494826.404498
2022-12-16T00:00:00Z,5827323170.164766
2022-12-15T00:00:00Z,6287346287.907335
2022-12-14T00:00:00Z,6460865792.084543
2022-12-13T00:00:00Z,6288887742.225405
2022-12-12T00:00:00Z,6046318543
2022-12-11T00:00:00Z,6081904218.757119
2022-12-10T00:00:00Z,6111206433.311347
2022-12-09T00:00:00Z,6028014110.239588
2022-12-08T00:00:00Z,6096947748.956119
2022-12-07T00:00:00Z,5964082420.242369
2022-12-06T00:00:00Z,6059661148.398506
2022-12-05T00:00:00Z,6243899364.670795
2022-12-04T00:00:00Z,6443780830.957288
2022-12-03T00:00:00Z,6260862126.781438
2022-12-02T00:00:00Z,6276937150.181879
2022-12-01T00:00:00Z,6312105832.814172
2022-11-30T00:00:00Z,6697463871.740324
2022-11-29T00:00:00Z,6550594380.566695
2022-11-28T00:00:00Z,6401976509.663339
2022-11-27T00:00:00Z,6558965999.5119915
2022-11-26T00:00:00Z,6518694454
2022-11-25T00:00:00Z,6490111257.780482
2022-11-24T00:00:00Z,6482336223.557884
2022-11-23T00:00:00Z,6444517437
2022-11-22T00:00:00Z,6449331959.786906
2022-11-21T00:00:00Z,6311263723.523083
2022-11-20T00:00:00Z,6348322376.508495
2022-11-19T00:00:00Z,6377868733.131983
2022-11-18T00:00:00Z,6382802577.366065
2022-11-17T00:00:00Z,6380047094.492669
2022-11-16T00:00:00Z,6231278571.916557
2022-11-15T00:00:00Z,6166148131.656012
2022-11-14T00:00:00Z,5974672700.118294
2022-11-13T00:00:00Z,6135227745
2022-11-12T00:00:00Z,6302329361.166937
2022-11-11T00:00:00Z,6385703458.282579
2022-11-10T00:00:00Z,6705779288.983338
2022-11-09T00:00:00Z,6794489659.070595
2022-11-08T00:00:00Z,7136798291.047242
2022-11-07T00:00:00Z,8935749697
2022-11-06T00:00:00Z,9663440861.900177
2022-11-05T00:00:00Z,10221875522.63777
2022-11-04T00:00:00Z,9852548652.719128
2022-11-03T00:00:00Z,8948752582.230442
2022-11-02T00:00:00Z,8875517516.227095
2022-11-01T00:00:00Z,9162133785
2022-10-31T00:00:00Z,9156617545.797718
2022-10-30T00:00:00Z,9470550415.861559
2022-10-29T00:00:00Z,9897482134.718445
2022-10-28T00:00:00Z,9673294195.181246
2022-10-27T00:00:00Z,9710112906.416164
2022-10-26T00:00:00Z,10652948835.439312
2022-10-25T00:00:00Z,10526976653.661274
2022-10-24T00:00:00Z,9628540740.549276
2022-10-23T00:00:00Z,10197351789.082478
2022-10-22T00:00:00Z,9850351297
2022-10-21T00:00:00Z,9871655438.634132
2022-10-20T00:00:00Z,10094425410.679375
2022-10-19T00:00:00Z,10022074996.138388
2022-10-18T00:00:00Z,9900193578.255663
2022-10-17T00:00:00Z,10177131321.473125
2022-10-16T00:00:00Z,9534341724.356073
2022-10-15T00:00:00Z,9694178516.344137
2022-10-14T00:00:00Z,9639945030.487295
2022-10-13T00:00:00Z,10042334518.591795
2022-10-12T00:00:00Z,9732996096.290443
2022-10-11T00:00:00Z,10219216152.704409
2022-10-10T00:00:00Z,10007468864.259151
2022-10-09T00:00:00Z,9892147822.601824
2022-10-08T00:00:00Z,9730713755.406836
2022-10-07T00:00:00Z,9744232850.243395
2022-10-06T00:00:00Z,9972570747.792664
2022-10-05T00:00:00Z,10103718686.121239
2022-10-04T00:00:00Z,10501482887.59804
2022-10-03T00:00:00Z,9097299382.041513
2022-10-02T00:00:00Z,8525165059.423117
2022-10-01T00:00:00Z,8587382395.827391
2022-09-30T00:00:00Z,8428234888.681075
2022-09-29T00:00:00Z,8652922169.380854
2022-09-28T00:00:00Z,8721078138.629498
2022-09-27T00:00:00Z,8393529226.807136
2022-09-26T00:00:00Z,8395517782.184257
2022-09-25T00:00:00Z,8049652483.875005
2022-09-24T00:00:00Z,8019732614
2022-09-23T00:00:00Z,8038192552.375911
2022-09-22T00:00:00Z,8131254079.483042
2022-09-21T00:00:00Z,7611230424.463025
2022-09-20T00:00:00Z,7820297269.142225
2022-09-19T00:00:00Z,7983881773.477218
2022-09-18T00:00:00Z,8227880842.068019
2022-09-17T00:00:00Z,8445051345.961144
2022-09-16T00:00:00Z,8230536589.128698
2022-09-15T00:00:00Z,8120118111.485255
2022-09-14T00:00:00Z,8255793263.611525
2022-09-13T00:00:00Z,8354033915.883476
2022-09-12T00:00:00Z,10125511382.87188
2022-09-11T00:00:00Z,9800516855.919102
2022-09-10T00:00:00Z,9570779691.173117
2022-09-09T00:00:00Z,9389255867
2022-09-08T00:00:00Z,8291883188.771701
2022-09-07T00:00:00Z,8347525033.847409
2022-09-06T00:00:00Z,8539034897.867056
2022-09-05T00:00:00Z,8757814927.654503
2022-09-04T00:00:00Z,8614520077.442461
2022-09-03T00:00:00Z,8665986876.440144
2022-09-02T00:00:00Z,8265808284.841192
2022-09-01T00:00:00Z,8381720188.704729
2022-08-31T00:00:00Z,8086140377.669003
2022-08-30T00:00:00Z,8501508162.961964
2022-08-29T00:00:00Z,8558744720.191356
2022-08-28T00:00:00Z,8360190662.763513
2022-08-27T00:00:00Z,8462427919
2022-08-26T00:00:00Z,8340650715.506487
2022-08-25T00:00:00Z,8431625147.375735
2022-08-24T00:00:00Z,8429675491.629257
2022-08-23T00:00:00Z,8493039449.624844
2022-08-22T00:00:00Z,8412464819.920876
2022-08-21T00:00:00Z,8449368674.692338
2022-08-20T00:00:00Z,8322938257.999029
2022-08-19T00:00:00Z,8293802559.830904
2022-08-18T00:00:00Z,9374912671.728106
2022-08-17T00:00:00Z,9451442634.292894
2022-08-16T00:00:00Z,9126990788.379108
2022-08-15T00:00:00Z,9121367347.862808
2022-08-14T00:00:00Z,9378535729.652237
2022-08-13T00:00:00Z,9580065867.022064
2022-08-12T00:00:00Z,9451938073
2022-08-11T00:00:00Z,9177257714.284391
2022-08-10T00:00:00Z,9070542437.792175
2022-08-09T00:00:00Z,9262415989.927427
2022-08-08T00:00:00Z,9462758151.933073
2022-08-07T00:00:00Z,8835613482
2022-08-06T00:00:00Z,8740555725.490234
2022-08-05T00:00:00Z,8664349082
2022-08-04T00:00:00Z,8655024184
2022-08-03T00:00:00Z,8858755529.130392
2022-08-02T00:00:00Z,8678823676
2022-08-01T00:00:00Z,8884692869.243973
2022-07-31T00:00:00Z,8991726716.668167
2022-07-30T00:00:00Z,9303175859.760536
2022-07-29T00:00:00Z,9373187469.966253
2022-07-28T00:00:00Z,9344923393.520828
2022-07-27T00:00:00Z,9309708466.894547
2022-07-26T00:00:00Z,8240122414.653143
2022-07-25T00:00:00Z,8125725136.385972
2022-07-24T00:00:00Z,8824043946.693132
2022-07-23T00:00:00Z,8846703668.317465
2022-07-22T00:00:00Z,8890099729.021748
2022-07-21T00:00:00Z,9025239674.776497
2022-07-20T00:00:00Z,9029214189
2022-07-19T00:00:00Z,9489527780.585556
2022-07-18T00:00:00Z,8709167686
2022-07-17T00:00:00Z,8330499644
2022-07-16T00:00:00Z,8352833783.261237
2022-07-15T00:00:00Z,8334595032.583286
2022-07-14T00:00:00Z,8147163386.420922
2022-07-13T00:00:00Z,7884261937.408181
2022-07-12T00:00:00Z,7593210521.839374
2022-07-11T00:00:00Z,7650163006.463092
2022-07-10T00:00:00Z,7948004929.832877
2022-07-09T00:00:00Z,8289158961.261456
2022-07-08T00:00:00Z,8398288195.821982
2022-07-07T00:00:00Z,8840215201.688757
2022-07-06T00:00:00Z,7905800423.322593
2022-07-05T00:00:00Z,7613285232.660302
2022-07-04T00:00:00Z,7760454835.205941
2022-07-03T00:00:00Z,7079742093.519459
2022-07-02T00:00:00Z,7116436501.266396
2022-07-01T00:00:00Z,6967649127.931936
2022-06-30T00:00:00Z,7231200358.410809
2022-06-29T00:00:00Z,7389893304.165809
2022-06-28T00:00:00Z,7434790737.015963
2022-06-27T00:00:00Z,7466975189.555078
2022-06-26T00:00:00Z,7480131858.845371
2022-06-25T00:00:00Z,7717098759.605352
2022-06-24T00:00:00Z,7302772634.034258
2022-06-23T00:00:00Z,7228714142.996231
2022-06-22T00:00:00Z,7000776080
2022-06-21T00:00:00Z,7164661442.326641
2022-06-20T00:00:00Z,7049400302.269423
2022-06-19T00:00:00Z,7003050105.3425865
2022-06-18T00:00:00Z,6840246768.762803
2022-06-17T00:00:00Z,7443646214.927419
2022-06-16T00:00:00Z,7415235553.5311575
2022-06-15T00:00:00Z,7842884152.807233
2022-06-14T00:00:00Z,8038612913.038428
2022-06-13T00:00:00Z,7944323778.633769
2022-06-12T00:00:00Z,10102224635.609896
2022-06-11T00:00:00Z,10710714396.604416
2022-06-10T00:00:00Z,10723725137.415886
2022-06-09T00:00:00Z,10602441464.404388
2022-06-08T00:00:00Z,10281668048.54151
2022-06-07T00:00:00Z,11050060739.654192
2022-06-06T00:00:00Z,11916946817.06814
2022-06-05T00:00:00Z,10598881410.976538
2022-06-04T00:00:00Z,10871621689.48181
2022-06-03T00:00:00Z,11164691357.83295
2022-06-02T00:00:00Z,11335352439.338993
2022-06-01T00:00:00Z,11070134712.924526
2022-05-31T00:00:00Z,11996954022.29245
2022-05-30T00:00:00Z,11770326079.63051
2022-05-29T00:00:00Z,11161517632.672874
2022-05-28T00:00:00Z,10659026636.01408
2022-05-27T00:00:00Z,10462219574.225758
2022-05-26T00:00:00Z,10624087814.480001
2022-05-25T00:00:00Z,10565269709.418606
2022-05-24T00:00:00Z,10607866804.662512
2022-05-23T00:00:00Z,10428589154.17512
2022-05-22T00:00:00Z,10720197778.011406
2022-05-21T00:00:00Z,10171351183.444466
2022-05-20T00:00:00Z,10264521545.840815
2022-05-19T00:00:00Z,10597170599.708591
2022-05-18T00:00:00Z,9797254554.264004
2022-05-17T00:00:00Z,9869196830.889105
2022-05-16T00:00:00Z,9709833499.816051
2022-05-15T00:00:00Z,9994977131.014528
2022-05-14T00:00:00Z,9409717372.493725
2022-05-13T00:00:00Z,9531445012.955502
2022-05-12T00:00:00Z,9224504525.803505
2022-05-11T00:00:00Z,9702860575.517681
2022-05-10T00:00:00Z,10023717412.145401
2022-05-09T00:00:00Z,10080835754.885359
2022-05-08T00:00:00Z,11772381660.269989
2022-05-07T00:00:00Z,12305672253.731739
2022-05-06T00:00:00Z,12284106204.785303
2022-05-05T00:00:00Z,12576112510.400179
2022-05-04T00:00:00Z,13005850812.608116
2022-05-03T00:00:00Z,13072887932.78448
2022-05-02T00:00:00Z,12344630169.535305
2022-05-01T00:00:00Z,12481118133.70192
2022-04-30T00:00:00Z,12451027892.64029
2022-04-29T00:00:00Z,12567358855.638536
2022-04-28T00:00:00Z,12592194535.95255
2022-04-27T00:00:00Z,12621738045.770283
2022-04-26T00:00:00Z,12885457978.971245
2022-04-25T00:00:00Z,12907323860.495047
2022-04-24T00:00:00Z,12837164752.45224
2022-04-23T00:00:00Z,13032632421.974348
2022-04-22T00:00:00Z,12983816211.142803
2022-04-21T00:00:00Z,12533743490.964201
2022-04-20T00:00:00Z,12733224669.705309
2022-04-19T00:00:00Z,12901937348.04821
2022-04-18T00:00:00Z,12593603933.450123
2022-04-17T00:00:00Z,12763204629.132256
2022-04-16T00:00:00Z,12709964242.739029
2022-04-15T00:00:00Z,12710786731.994143
2022-04-14T00:00:00Z,12771808635.19481
2022-04-13T00:00:00Z,12706426978.618483
2022-04-12T00:00:00Z,12700315996.120333
2022-04-11T00:00:00Z,12559245907.336502
2022-04-10T00:00:00Z,13376526561.051407
2022-04-09T00:00:00Z,13407974754.62273
2022-04-08T00:00:00Z,13176817200.395288
2022-04-07T00:00:00Z,13344694092.688786
2022-04-06T00:00:00Z,13286210464.118347
2022-04-05T00:00:00Z,13787888106.567068
2022-04-04T00:00:00Z,13813656986.661194
2022-04-03T00:00:00Z,13579125758.297403
2022-04-02T00:00:00Z,13384251879.915834
2022-04-01T00:00:00Z,13619466637.112848
2022-03-31T00:00:00Z,13690526835.180855
2022-03-30T00:00:00Z,14171494820.464954
2022-03-29T00:00:00Z,14187220892.984545
2022-03-28T00:00:00Z,14082787954.410357
2022-03-27T00:00:00Z,14494831892.862255
2022-03-26T00:00:00Z,14029646135.400171
2022-03-25T00:00:00Z,13948295763.523252
2022-03-24T00:00:00Z,13577803964.413385
2022-03-23T00:00:00Z,11904252377.138004
2022-03-22T00:00:00Z,11752544030.648872
2022-03-21T00:00:00Z,11339945167.230265
2022-03-20T00:00:00Z,11412711552.718735
2022-03-19T00:00:00Z,11856194892.333872
2022-03-18T00:00:00Z,11672552170.11523
2022-03-17T00:00:00Z,11328297530.96928
2022-03-16T00:00:00Z,11319024706.56001
2022-03-15T00:00:00Z,11047029294.465843
2022-03-14T00:00:00Z,10839435801.303093
2022-03-13T00:00:00Z,10551318633.28465
2022-03-12T00:00:00Z,10438737743.884258
2022-03-11T00:00:00Z,10266275403.959715
2022-03-10T00:00:00Z,10268218693.402084
2022-03-09T00:00:00Z,11092611163.137512
2022-03-08T00:00:00Z,9894366806.330584
2022-03-07T00:00:00Z,9573911870.041504
2022-03-06T00:00:00Z,9952941611.834696
2022-03-05T00:00:00Z,10431330384.16793
2022-03-04T00:00:00Z,10227914449.814743
2022-03-03T00:00:00Z,11093771644.87325
2022-03-02T00:00:00Z,11317356605.98458
2022-03-01T00:00:00Z,11501446994.250149
2022-02-28T00:00:00Z,10900360609.789673
2022-02-27T00:00:00Z,9682393046.149382
2022-02-26T00:00:00Z,10088721606.203592
2022-02-25T00:00:00Z,10054690322.001848
2022-02-24T00:00:00Z,9663309357.767267
2022-02-23T00:00:00Z,10015253617.972872
2022-02-22T00:00:00Z,10380305167.741785
2022-02-21T00:00:00Z,9939661497.868587
2022-02-20T00:00:00Z,10465138522.856497
2022-02-19T00:00:00Z,10900414335.013144
2022-02-18T00:00:00Z,10776310425.028576
2022-02-17T00:00:00Z,11001378376.88347
2022-02-16T00:00:00Z,12016630936.435612
2022-02-15T00:00:00Z,12363166832.819029
2022-02-14T00:00:00Z,11483314517.631207
2022-02-13T00:00:00Z,11060178927.265959
2022-02-12T00:00:00Z,11089185649.868387
2022-02-11T00:00:00Z,11127062780.554632
2022-02-10T00:00:00Z,11402313934.304188
2022-02-09T00:00:00Z,11798731622.780668
2022-02-08T00:00:00Z,11774857555.296368
2022-02-07T00:00:00Z,12144349388.054708
2022-02-06T00:00:00Z,11765385302.021492
2022-02-05T00:00:00Z,11427139228.433302
2022-02-04T00:00:00Z,11511232294.886805
2022-02-03T00:00:00Z,10237732837.956562
2022-02-02T00:00:00Z,10185253519.55906
2022-02-01T00:00:00Z,10665990804.306002
2022-01-31T00:00:00Z,10983053994.457872
2022-01-30T00:00:00Z,10273627563.119492
2022-01-29T00:00:00Z,10306414340.682316
2022-01-28T00:00:00Z,10190146319.597445
2022-01-27T00:00:00Z,9974869177.402317
2022-01-26T00:00:00Z,9986315949.079235
2022-01-25T00:00:00Z,10280768562
2022-01-24T00:00:00Z,9975870299
2022-01-23T00:00:00Z,10084131593.914415
2022-01-22T00:00:00Z,9684593530
2022-01-21T00:00:00Z,10084561710.904686
2022-01-20T00:00:00Z,11738303406.957296
2022-01-19T00:00:00Z,11928933696.63889
2022-01-18T00:00:00Z,12044600748.960417
2022-01-17T00:00:00Z,12086897069.716484
2022-01-16T00:00:00Z,12001604594.54407
2022-01-15T00:00:00Z,12147520488.55787
2022-01-14T00:00:00Z,12104839736.261024
2022-01-13T00:00:00Z,12254008682
2022-01-12T00:00:00Z,12506804642.81864
2022-01-11T00:00:00Z,12299343435.774054
2022-01-10T00:00:00Z,12015582853.914825
2022-01-09T00:00:00Z,12211527350.637802
2022-01-08T00:00:00Z,12095095128.082535
2022-01-07T00:00:00Z,12214783121.432947
2022-01-06T00:00:00Z,12827115102.11391
2022-01-05T00:00:00Z,12746511539.372238
2022-01-04T00:00:00Z,13491629257.396301
2022-01-03T00:00:00Z,13509612025.933884
2022-01-02T00:00:00Z,13018148733.732397
2022-01-01T00:00:00Z,13090906344.186852
2021-12-31T00:00:00Z,12999196431.773289
2021-12-30T00:00:00Z,13064699998.238358
2021-12-29T00:00:00Z,12931319468.271929
2021-12-28T00:00:00Z,13198702488.556078
2021-12-27T00:00:00Z,13787585751.954884
2021-12-26T00:00:00Z,13581492854.58101
2021-12-25T00:00:00Z,13548292969.643118
2021-12-24T00:00:00Z,13592136249.639303
2021-12-23T00:00:00Z,13577946459.589235
2021-12-22T00:00:00Z,12898614969.698391
2021-12-21T00:00:00Z,13055022063
2021-12-20T00:00:00Z,11953148775.60026
2021-12-19T00:00:00Z,11312150881.055784
2021-12-18T00:00:00Z,11266575574.361475
2021-12-17T00:00:00Z,11011276606.53983
2021-12-16T00:00:00Z,11304574602.394566
2021-12-15T00:00:00Z,11157346442.07428
2021-12-14T00:00:00Z,10991443986.64146
2021-12-13T00:00:00Z,10833153634.31276
2021-12-12T00:00:00Z,11430055602
2021-12-11T00:00:00Z,10958189416.41038
2021-12-10T00:00:00Z,10446094330.214338
2021-12-09T00:00:00Z,10813141812.828405
2021-12-08T00:00:00Z,11078285529.945574
2021-12-07T00:00:00Z,11070089795.525137
2021-12-06T00:00:00Z,10787317783
2021-12-05T00:00:00Z,10479353650.815025
2021-12-04T00:00:00Z,10658617212.885118
2021-12-03T00:00:00Z,14420231036.38107
2021-12-02T00:00:00Z,14891165523.033072
2021-12-01T00:00:00Z,15088750170.362646
2021-11-30T00:00:00Z,14562252731.553518
2021-11-29T00:00:00Z,15028223251.673273
2021-11-28T00:00:00Z,14834570643.601736
2021-11-27T00:00:00Z,14583586477.654743
2021-11-26T00:00:00Z,14905774943.393774
2021-11-25T00:00:00Z,15049241105.065277
2021-11-24T00:00:00Z,14491848977.274368
2021-11-23T00:00:00Z,14210136351.761736
2021-11-22T00:00:00Z,14292954658.86681
2021-11-21T00:00:00Z,14274563125.377356
2021-11-20T00:00:00Z,14499917647.451332
2021-11-19T00:00:00Z,14329629004.466272
2021-11-18T00:00:00Z,14509511270.86243
2021-11-17T00:00:00Z,14899164535.583256
2021-11-16T00:00:00Z,14883924341.55258
2021-11-15T00:00:00Z,16117593520.048164
2021-11-14T00:00:00Z,15663034043.473652
2021-11-13T00:00:00Z,15179957509.89967
2021-11-12T00:00:00Z,15100563747.269896
2021-11-11T00:00:00Z,15244724794.934658
2021-11-10T00:00:00Z,15662691882.625298
2021-11-09T00:00:00Z,16511995126.07473
2021-11-08T00:00:00Z,16654188480.88413
2021-11-07T00:00:00Z,15190655032.491766
2021-11-06T00:00:00Z,14898077208.483446
2021-11-05T00:00:00Z,14799094444.765379
2021-11-04T00:00:00Z,14758734810.888615
2021-11-03T00:00:00Z,14880243898.606943
2021-11-02T00:00:00Z,14988418485.95371
2021-11-01T00:00:00Z,14204836586.807114
2021-10-31T00:00:00Z,14475280102.874266
2021-10-30T00:00:00Z,13943583366.05058
2021-10-29T00:00:00Z,14045974351.657457
2021-10-28T00:00:00Z,13518457488.589516
2021-10-27T00:00:00Z,13468457636.545088
2021-10-26T00:00:00Z,14362604354.030783
2021-10-25T00:00:00Z,14540151148.324526
2021-10-24T00:00:00Z,14284534642.090298
2021-10-23T00:00:00Z,14037559333.174757
2021-10-22T00:00:00Z,14216837150.960749
2021-10-21T00:00:00Z,14580622181.879564
2021-10-20T00:00:00Z,15337485318.237272
2021-10-19T00:00:00Z,14677052041.232841
2021-10-18T00:00:00Z,13532235879.236357
2021-10-17T00:00:00Z,13627514343.791243
2021-10-16T00:00:00Z,13534185260.56223
2021-10-15T00:00:00Z,13466987559.076374
2021-10-14T00:00:00Z,12160273792.319838
2021-10-13T00:00:00Z,12098735644.61916
2021-10-12T00:00:00Z,11951636329.228966
2021-10-11T00:00:00Z,12377024313.703243
2021-10-10T00:00:00Z,11578707192.470648
2021-10-09T00:00:00Z,11303504057.613554
2021-10-08T00:00:00Z,11168677187.44175
2021-10-07T00:00:00Z,11208266273.752623
2021-10-06T00:00:00Z,11097394788.381262
2021-10-05T00:00:00Z,11038109561.769432
2021-10-04T00:00:00Z,10101065663.169067
2021-10-03T00:00:00Z,9812315324.131304
2021-10-02T00:00:00Z,9771038248
2021-10-01T00:00:00Z,9900669537.368204
2021-09-30T00:00:00Z,8998961804.482803
2021-09-29T00:00:00Z,8808609967.571396
2021-09-28T00:00:00Z,8488700157.306503
2021-09-27T00:00:00Z,8606459339.409487
2021-09-26T00:00:00Z,8657121919.680265
2021-09-25T00:00:00Z,8662720519.907515
2021-09-24T00:00:00Z,8722029269.913881
2021-09-23T00:00:00Z,9147245720.932981
2021-09-22T00:00:00Z,8896114893.131678
2021-09-21T00:00:00Z,8368404021.039905
2021-09-20T00:00:00Z,9297763786.626818
2021-09-19T00:00:00Z,10291321053.372446
2021-09-18T00:00:00Z,10364675480.21831
2021-09-17T00:00:00Z,10166884493.416136
2021-09-16T00:00:00Z,10111419718.771225
2021-09-15T00:00:00Z,10576700673.517387
2021-09-14T00:00:00Z,9898059391.270863
2021-09-13T00:00:00Z,9234802643
2021-09-12T00:00:00Z,9216532900.914925
2021-09-11T00:00:00Z,9132362632.694738
2021-09-10T00:00:00Z,9167261131
2021-09-09T00:00:00Z,9209027153.362047
2021-09-08T00:00:00Z,9094888711
2021-09-07T00:00:00Z,9311092103.672823
2021-09-06T00:00:00Z,13160401030.526482
2021-09-05T00:00:00Z,12866405512.812101
2021-09-04T00:00:00Z,11668147547.49323
2021-09-03T00:00:00Z,11975108731.77337
2021-09-02T00:00:00Z,11942270576.124756
2021-09-01T00:00:00Z,11321435019.370964
2021-08-31T00:00:00Z,11079666471.925419
2021-08-30T00:00:00Z,10881561177.025982
2021-08-29T00:00:00Z,10961202978.178528
2021-08-28T00:00:00Z,11096701205.868217
2021-08-27T00:00:00Z,10945581426.278954
2021-08-26T00:00:00Z,10889464362.407856
2021-08-25T00:00:00Z,10950991466.373392
2021-08-24T00:00:00Z,11217607527.825151
2021-08-23T00:00:00Z,11069814104.302921
2021-08-22T00:00:00Z,10690990829.638094
2021-08-21T00:00:00Z,10659998914.25165
2021-08-20T00:00:00Z,10641860285.957088
2021-08-19T00:00:00Z,9713660563.675621
2021-08-18T00:00:00Z,9320983676
2021-08-17T00:00:00Z,9684974643.370396
2021-08-16T00:00:00Z,9924177911.866613
2021-08-15T00:00:00Z,9614864035.340042
2021-08-14T00:00:00Z,9820720764.368351
2021-08-13T00:00:00Z,9959388926.592897
2021-08-12T00:00:00Z,9452358671
2021-08-11T00:00:00Z,9586605775
2021-08-10T00:00:00Z,9606417196.853384
2021-08-09T00:00:00Z,9602237886
2021-08-08T00:00:00Z,8860830805.458511
2021-08-07T00:00:00Z,9255466364.921013
2021-08-06T00:00:00Z,8694212732.161034
2021-08-05T00:00:00Z,7835217080.850725
2021-08-04T00:00:00Z,7968564538.705511
2021-08-03T00:00:00Z,7728259509.313212
2021-08-02T00:00:00Z,7562241952
2021-08-01T00:00:00Z,7629799663.286915
2021-07-31T00:00:00Z,8427913664.341478
2021-07-30T00:00:00Z,8643630824.600203
2021-07-29T00:00:00Z,8250729270
2021-07-28T00:00:00Z,8124952646.653512
2021-07-27T00:00:00Z,7904741932.935214
2021-07-26T00:00:00Z,7506380589.714154
2021-07-25T00:00:00Z,8545600610.672115
2021-07-24T00:00:00Z,8028878041.533302
2021-07-23T00:00:00Z,7719515820.696391
2021-07-22T00:00:00Z,7176206681.644192
2021-07-21T00:00:00Z,7179046459.408104
2021-07-20T00:00:00Z,7004447818.550786
2021-07-19T00:00:00Z,7318570942.996337
2021-07-18T00:00:00Z,6912431858.701489
2021-07-17T00:00:00Z,6911039107
2021-07-16T00:00:00Z,6734098500.8958435
2021-07-15T00:00:00Z,7046210377.671355
2021-07-14T00:00:00Z,6737159205.126182
2021-07-13T00:00:00Z,6859390477.407466
2021-07-12T00:00:00Z,6931176694.684178
2021-07-11T00:00:00Z,7072662820.574183
2021-07-10T00:00:00Z,6803054799.824671
2021-07-09T00:00:00Z,6797650973
2021-07-08T00:00:00Z,6787281401.9374485
2021-07-07T00:00:00Z,6735996246.5411825
2021-07-06T00:00:00Z,6741162262
2021-07-05T00:00:00Z,6672979819.165403
2021-07-04T00:00:00Z,6996618472.914934
2021-07-03T00:00:00Z,6876215234.789233
2021-07-02T00:00:00Z,6716341869.276169
2021-07-01T00:00:00Z,6587256155.169994
2021-06-30T00:00:00Z,6660502136.448981
2021-06-29T00:00:00Z,7048775342.9244995
2021-06-28T00:00:00Z,6404340096.276684
2021-06-27T00:00:00Z,6540327578.318708
2021-06-26T00:00:00Z,6146832883.432375
2021-06-25T00:00:00Z,6183902731
2021-06-24T00:00:00Z,6489679920.465937
2021-06-23T00:00:00Z,6249371840.087531
2021-06-22T00:00:00Z,6161397912
2021-06-21T00:00:00Z,6083236472.165585
2021-06-20T00:00:00Z,6864627295.560325
2021-06-19T00:00:00Z,7068309006.738226
2021-06-18T00:00:00Z,7013671747.230275
2021-06-17T00:00:00Z,7525881750.520547
2021-06-16T00:00:00Z,7461350018.824375
2021-06-15T00:00:00Z,7512226250.754755
2021-06-14T00:00:00Z,7483075531.127392
2021-06-13T00:00:00Z,7246456564.083921
2021-06-12T00:00:00Z,6417888741.146486
2021-06-11T00:00:00Z,6794034028.895558
2021-06-10T00:00:00Z,6556508033.949305
2021-06-09T00:00:00Z,7122968173.976267
2021-06-08T00:00:00Z,6198576362.497066
2021-06-07T00:00:00Z,6491497685.958958
2021-06-06T00:00:00Z,6353633917.249316
2021-06-05T00:00:00Z,6230876922.808555
2021-06-04T00:00:00Z,6377723089.798515
2021-06-03T00:00:00Z,6662890100.213392
2021-06-02T00:00:00Z,6197709329.766351
2021-06-01T00:00:00Z,5885478694.303017
2021-05-31T00:00:00Z,6127571836.039107
2021-05-30T00:00:00Z,5746129524.867704
2021-05-29T00:00:00Z,5712681328.960341
2021-05-28T00:00:00Z,6051751325.231662
2021-05-27T00:00:00Z,5737956174.002445
2021-05-26T00:00:00Z,5852606839.119334
2021-05-25T00:00:00Z,5631018426
2021-05-24T00:00:00Z,5691652260.691931
2021-05-23T00:00:00Z,5284990258.587378
2021-05-22T00:00:00Z,5574102723.692958
2021-05-21T00:00:00Z,5900723737.432398
2021-05-20T00:00:00Z,6117380183.737494
2021-05-19T00:00:00Z,6015937620
2021-05-18T00:00:00Z,9115774830.935612
2021-05-17T00:00:00Z,9113053716.861666
2021-05-16T00:00:00Z,9491824366.790102
2021-05-15T00:00:00Z,9580067521.747078
2021-05-14T00:00:00Z,9374898094.231133
2021-05-13T00:00:00Z,9657253586.609644
2021-05-12T00:00:00Z,10603924294.224075
2021-05-11T00:00:00Z,10825717784.315987
2021-05-10T00:00:00Z,10964320241.086876
2021-05-09T00:00:00Z,10768786939.85044
2021-05-08T00:00:00Z,10830780740.780504
2021-05-07T00:00:00Z,10590681642.729706
2021-05-06T00:00:00Z,10746361762.441381
2021-05-05T00:00:00Z,10561714702.797577
2021-05-04T00:00:00Z,10623731259.96016
2021-05-03T00:00:00Z,11108338715.998371
2021-05-02T00:00:00Z,10966807752.71552
2021-05-01T00:00:00Z,10901126641.72826
2021-04-30T00:00:00Z,10932280387.931953
2021-04-29T00:00:00Z,10260906571.737753
2021-04-28T00:00:00Z,10063137205.041729
2021-04-27T00:00:00Z,10247506453.669205
2021-04-26T00:00:00Z,10037431423.51936
2021-04-25T00:00:00Z,10400182220.591785
2021-04-24T00:00:00Z,10406759482.26339
2021-04-23T00:00:00Z,10491331998.127424
2021-04-22T00:00:00Z,10884686874.438864
2021-04-21T00:00:00Z,11208535436.108297
2021-04-20T00:00:00Z,11406146886.12868
2021-04-19T00:00:00Z,11170628619.844332
2021-04-18T00:00:00Z,11503199220.528349
2021-04-17T00:00:00Z,14028548375.341694
2021-04-16T00:00:00Z,13957030998.07349
2021-04-15T00:00:00Z,14312167960.915842
2021-04-14T00:00:00Z,14427498319.627434
2021-04-13T00:00:00Z,14807103015.095917
2021-04-12T00:00:00Z,13615807642.790792
2021-04-11T00:00:00Z,13090234526.954325
2021-04-10T00:00:00Z,12815552208.253418
2021-04-09T00:00:00Z,12283532539.760618
2021-04-08T00:00:00Z,12341274934.111628
2021-04-07T00:00:00Z,12334794479.172369
2021-04-06T00:00:00Z,12693916434.948656
2021-04-05T00:00:00Z,12630844031.44894
2021-04-04T00:00:00Z,12513019320.706362
2021-04-03T00:00:00Z,12537438903.053217
2021-04-02T00:00:00Z,12644448356.07042
2021-04-01T00:00:00Z,12205074329.247784
2021-03-31T00:00:00Z,12235011355.611021
2021-03-30T00:00:00Z,12199965970.742346
2021-03-29T00:00:00Z,11205166883
2021-03-28T00:00:00Z,10403171647.295065
2021-03-27T00:00:00Z,10649527699.245739
2021-03-26T00:00:00Z,10454958900.633743
2021-03-25T00:00:00Z,10055245329.763962
2021-03-24T00:00:00Z,10339214251
2021-03-23T00:00:00Z,10614004002.54411
2021-03-22T00:00:00Z,10793882576.269876
2021-03-21T00:00:00Z,11119919611.284992
2021-03-20T00:00:00Z,11250018103.113297
2021-03-19T00:00:00Z,10923752111.680006
2021-03-18T00:00:00Z,11195044518.367546
2021-03-17T00:00:00Z,11035655892.233244
2021-03-16T00:00:00Z,10751050027.91833
2021-03-15T00:00:00Z,11081603955.583454
2021-03-14T00:00:00Z,12238241881.424646
2021-03-13T00:00:00Z,12655719092.211323
2021-03-12T00:00:00Z,11184330400.289675
2021-03-11T00:00:00Z,11742098122.401773
2021-03-10T00:00:00Z,10917093911.092964
2021-03-09T00:00:00Z,10224428098.881577
2021-03-08T00:00:00Z,9747828386
2021-03-07T00:00:00Z,8727067576
2021-03-06T00:00:00Z,8152412625.797789
2021-03-05T00:00:00Z,8072153175.964862
2021-03-04T00:00:00Z,8352749771.516292
2021-03-03T00:00:00Z,8535449812.586721
2021-03-02T00:00:00Z,8040374270.173623
2021-03-01T00:00:00Z,8189175459.257399
2021-02-28T00:00:00Z,7566058433.330736
2021-02-27T00:00:00Z,7476662305.599015
2021-02-26T00:00:00Z,7358405184.819186
2021-02-25T00:00:00Z,7825706865.357997
2021-02-24T00:00:00Z,7814128521.758102
2021-02-23T00:00:00Z,7649297038.719359
2021-02-22T00:00:00Z,8640997157.680798
2021-02-21T00:00:00Z,9852058258.615068
2021-02-20T00:00:00Z,9318354170.980612
2021-02-19T00:00:00Z,9608940881.114304
2021-02-18T00:00:00Z,9360850532.354908
2021-02-17T00:00:00Z,9605960428
2021-02-16T00:00:00Z,8798694992.379509
2021-02-15T00:00:00Z,8461273012.903102
2021-02-14T00:00:00Z,8843788041.584784
2021-02-13T00:00:00Z,8238256300
2021-02-12T00:00:00Z,8206991149.938179
2021-02-11T00:00:00Z,8423458268.415104
2021-02-10T00:00:00Z,7728157320.048107
2021-02-09T00:00:00Z,7825444914.230133
2021-02-08T00:00:00Z,7883527982.154195
2021-02-07T00:00:00Z,6689564858.575712
2021-02-06T00:00:00Z,6723976691.440746
2021-02-05T00:00:00Z,6149651703.1055565
2021-02-04T00:00:00Z,5709707089.182437
2021-02-03T00:00:00Z,5729399346.201497
2021-02-02T00:00:00Z,5467362864.914609
2021-02-01T00:00:00Z,5099563128.870916
2021-01-31T00:00:00Z,5201665572.388888
2021-01-30T00:00:00Z,5221665516.646236
2021-01-29T00:00:00Z,5296887892.237244
2021-01-28T00:00:00Z,5153000846.211793
2021-01-27T00:00:00Z,4821426400.965962
2021-01-26T00:00:00Z,4937337243.0248785
2021-01-25T00:00:00Z,4938683611
2021-01-24T00:00:00Z,4829239898.439674
2021-01-23T00:00:00Z,4724810419.270973
2021-01-22T00:00:00Z,4876430765.859998
2021-01-21T00:00:00Z,5138241147.137119
2021-01-20T00:00:00Z,5503088456.990473
2021-01-19T00:00:00Z,5830639155
2021-01-18T00:00:00Z,5572804275.653217
2021-01-17T00:00:00Z,5372295909.855066
2021-01-16T00:00:00Z,5643653041
2021-01-15T00:00:00Z,5786094235.066635
2021-01-14T00:00:00Z,6137499256
2021-01-13T00:00:00Z,5751064810.476403
2021-01-12T00:00:00Z,5210185146.064702
2021-01-11T00:00:00Z,5600022318.352535
2021-01-10T00:00:00Z,6070271845.499189
2021-01-09T00:00:00Z,6269390912.946045
2021-01-08T00:00:00Z,6070940353.345109
2021-01-07T00:00:00Z,6071265989.173087
2021-01-06T00:00:00Z,5626082247.584465
2021-01-05T00:00:00Z,5203500821.787388
2021-01-04T00:00:00Z,4929256852.626506
2021-01-03T00:00:00Z,5442322587.392475
2021-01-02T00:00:00Z,5281929907
2021-01-01T00:00:00Z,4941423846.122144
2020-12-31T00:00:00Z,4832767929.525109
2020-12-30T00:00:00Z,4921785465.4326725
2020-12-29T00:00:00Z,4732749708.685783
2020-12-28T00:00:00Z,4737397778.038377
2020-12-27T00:00:00Z,4587547797.168109
2020-12-26T00:00:00Z,4667230708.412772
2020-12-25T00:00:00Z,4363116669.646623
2020-12-24T00:00:00Z,4022602643.378542
2020-12-23T00:00:00Z,3834510302.508022
2020-12-22T00:00:00Z,4181022131.997794
2020-12-21T00:00:00Z,3987241751.4255743
2020-12-20T00:00:00Z,4268828720.5846486
2020-12-19T00:00:00Z,4341726572
2020-12-18T00:00:00Z,4102167143.2452245
2020-12-17T00:00:00Z,3849360894
2020-12-16T00:00:00Z,4038463848.7735825
2020-12-15T00:00:00Z,3745283563.018139
2020-12-14T00:00:00Z,3691147714.402581
2020-12-13T00:00:00Z,3574276234.824955
2020-12-12T00:00:00Z,3489831871.3863487
2020-12-11T00:00:00Z,3410085473.4712543
2020-12-10T00:00:00Z,3505139419.6736317
2020-12-09T00:00:00Z,3508736866.827836
2020-12-08T00:00:00Z,3511824335.9840555
2020-12-07T00:00:00Z,3570478702.411304
2020-12-06T00:00:00Z,3547228021.3023663
2020-12-05T00:00:00Z,3456726734
2020-12-04T00:00:00Z,3389211447.7643533
2020-12-03T00:00:00Z,3495013772.0084677
2020-12-02T00:00:00Z,3349603211.9715595
2020-12-01T00:00:00Z,3272989847.0219517
2020-11-30T00:00:00Z,3556079349.3178983
2020-11-29T00:00:00Z,3169481617.371529
2020-11-28T00:00:00Z,3050292656.3870945
2020-11-27T00:00:00Z,2942717036
2020-11-26T00:00:00Z,2914786686.7018657
2020-11-25T00:00:00Z,3812425211.9447947
2020-11-24T00:00:00Z,3883733293.3759956
2020-11-23T00:00:00Z,3969564342.330984
2020-11-22T00:00:00Z,3848816342.905845
2020-11-21T00:00:00Z,3850986296.165168
2020-11-20T00:00:00Z,3801017699.879092
2020-11-19T00:00:00Z,3495527217.769372
2020-11-18T00:00:00Z,3344679388.0961924
2020-11-17T00:00:00Z,3375647905
2020-11-16T00:00:00Z,3315418854.161026
2020-11-15T00:00:00Z,3048419547
2020-11-14T00:00:00Z,3044571621.720805
2020-11-13T00:00:00Z,3163793011.9493814
2020-11-12T00:00:00Z,3194021177.7119665
2020-11-11T00:00:00Z,3018971870.283782
2020-11-10T00:00:00Z,2756150491.151703
2020-11-09T00:00:00Z,2760900977.821399
2020-11-08T00:00:00Z,2793248326.8285065
2020-11-07T00:00:00Z,2616293417.9744153
2020-11-06T00:00:00Z,2892966730.150141
2020-11-05T00:00:00Z,2875544704.591467
2020-11-04T00:00:00Z,2799175659.496742
2020-11-03T00:00:00Z,2765736239.5497255
2020-11-02T00:00:00Z,2692488055.9416394
2020-11-01T00:00:00Z,2799826988.626862
2020-10-31T00:00:00Z,2831588761.2199526
2020-10-30T00:00:00Z,2671475963.820237
2020-10-29T00:00:00Z,2683697745.579041
2020-10-28T00:00:00Z,2529147990.420475
2020-10-27T00:00:00Z,2777045600.7776165
2020-10-26T00:00:00Z,2646337760.8691707
2020-10-25T00:00:00Z,2614564926.4376626
2020-10-24T00:00:00Z,2717019602.4804206
2020-10-23T00:00:00Z,2599546768.2274065
2020-10-22T00:00:00Z,2557168595.612183
2020-10-21T00:00:00Z,2462627086.3168674
2020-10-20T00:00:00Z,2446772886.7894616
2020-10-19T00:00:00Z,2368983070.9645834
2020-10-18T00:00:00Z,2186796742.9313073
2020-10-17T00:00:00Z,2136079232.8728213
2020-10-16T00:00:00Z,2148666396.0099874
2020-10-15T00:00:00Z,2188020214.1123304
2020-10-14T00:00:00Z,2165364087.6305532
2020-10-13T00:00:00Z,2204685421.184209
2020-10-12T00:00:00Z,2231472108.4859676
2020-10-11T00:00:00Z,2246910136.6638536
2020-10-10T00:00:00Z,2237244131.658562
2020-10-09T00:00:00Z,2260215994.1955266
2020-10-08T00:00:00Z,2184116746.9990916
2020-10-07T00:00:00Z,2099055290.8143084
2020-10-06T00:00:00Z,2105457004.7109525
2020-10-05T00:00:00Z,2129217097.7009046
2020-10-04T00:00:00Z,2040417393.7997143
2020-10-03T00:00:00Z,2012087078.3527634
2020-10-02T00:00:00Z,2006107548.6194727
2020-10-01T00:00:00Z,2025544255.7669468
2020-09-30T00:00:00Z,2091903510.4099643
2020-09-29T00:00:00Z,2066867124.7992864
2020-09-28T00:00:00Z,2025073882.4783006
2020-09-27T00:00:00Z,2075720029.0359569
2020-09-26T00:00:00Z,2078664006.5275857
2020-09-25T00:00:00Z,2047152506.1921334
2020-09-24T00:00:00Z,2023175263.2998948
2020-09-23T00:00:00Z,2034831550.4873028
2020-09-22T00:00:00Z,2030168606.437531
2020-09-21T00:00:00Z,2042572080.8757083
2020-09-20T00:00:00Z,2111956780.7362266
2020-09-19T00:00:00Z,2183167146.447426
2020-09-18T00:00:00Z,2147418691.678724
2020-09-17T00:00:00Z,2119708788.3606472
2020-09-16T00:00:00Z,2159603521.123898
2020-09-15T00:00:00Z,2024741634.0252817
2020-09-14T00:00:00Z,2047806203.0903544
2020-09-13T00:00:00Z,1971757495.2530646
2020-09-12T00:00:00Z,1936832152.6352122
2020-09-11T00:00:00Z,1921684062.6068718
2020-09-10T00:00:00Z,1924504245.092065
2020-09-09T00:00:00Z,1886131217.2464173
2020-09-08T00:00:00Z,1908318613.379132
2020-09-07T00:00:00Z,1889898038.8643029
2020-09-06T00:00:00Z,1858233934.8230753
2020-09-05T00:00:00Z,1820539377.8437035
2020-09-04T00:00:00Z,1866277935.3897512
2020-09-03T00:00:00Z,2043786734.4926522
2020-09-02T00:00:00Z,2478505786.4913635
2020-09-01T00:00:00Z,2578123690.0981636
2020-08-31T00:00:00Z,2483116021.281352
2020-08-30T00:00:00Z,2452127724.179145
2020-08-29T00:00:00Z,2380734330.9893236
2020-08-28T00:00:00Z,2392978738.396982
2020-08-27T00:00:00Z,2422744772.367052
2020-08-26T00:00:00Z,2382311060.8174314
2020-08-25T00:00:00Z,2531834224
2020-08-24T00:00:00Z,2458243367.023818
2020-08-23T00:00:00Z,2394310679
2020-08-22T00:00:00Z,2391137030.6212254
2020-08-21T00:00:00Z,2480181595.8497615
2020-08-20T00:00:00Z,2453946124.403603
2020-08-19T00:00:00Z,2464464702.6643353
2020-08-18T00:00:00Z,2594575736.8800106
2020-08-17T00:00:00Z,2642186898.1730075
2020-08-16T00:00:00Z,2499231783.312755
2020-08-15T00:00:00Z,2467539844.808439
2020-08-14T00:00:00Z,2403867696.8184805
2020-08-13T00:00:00Z,2362480857.3499074
2020-08-12T00:00:00Z,2351409161.4284725
2020-08-11T00:00:00Z,2436359523.1222095
2020-08-10T00:00:00Z,2450994184.8943405
2020-08-09T00:00:00Z,2378943516.9755244
2020-08-08T00:00:00Z,2319486598.819687
2020-08-07T00:00:00Z,2361147769.627642
2020-08-06T00:00:00Z,2441019037.4526415
2020-08-05T00:00:00Z,2358437116.4183702
2020-08-04T00:00:00Z,2216009203.078281
2020-08-03T00:00:00Z,2221483489.7289205
2020-08-02T00:00:00Z,2200750623.098319
2020-08-01T00:00:00Z,2654884254
2020-07-31T00:00:00Z,2524595917.266585
2020-07-30T00:00:00Z,2434131162.428855
2020-07-29T00:00:00Z,2416477125
2020-07-28T00:00:00Z,2313455712.0887227
2020-07-27T00:00:00Z,2366639187.087964
2020-07-26T00:00:00Z,2367750011.0380473
2020-07-25T00:00:00Z,2510510764.6923723
2020-07-24T00:00:00Z,2386552950.3106966
2020-07-23T00:00:00Z,2457367364.7027917
2020-07-22T00:00:00Z,2449107932.7908597
2020-07-21T00:00:00Z,2435766512.585166
2020-07-20T00:00:00Z,2236903517.0867615
2020-07-19T00:00:00Z,2283986139.5236683
2020-07-18T00:00:00Z,2258205534.7181377
2020-07-17T00:00:00Z,2293205738.790997
2020-07-16T00:00:00Z,2312760116.4068675
2020-07-15T00:00:00Z,2243362606.713392
2020-07-14T00:00:00Z,2169198447.329641
2020-07-13T00:00:00Z,2193121623.6891484
2020-07-12T00:00:00Z,2103249736.4371288
2020-07-11T00:00:00Z,2102498460.2171297
2020-07-10T00:00:00Z,2084130183.9299338
2020-07-09T00:00:00Z,2114120679.395433
2020-07-08T00:00:00Z,2204016447.9356513
2020-07-07T00:00:00Z,2068607701.1637597
2020-07-06T00:00:00Z,2108859795.8618226
2020-07-05T00:00:00Z,2004252166.4277513
2020-07-04T00:00:00Z,1998643213.1116672
2020-07-03T00:00:00Z,2042924625.5032763
2020-07-02T00:00:00Z,2025619796.7046363
2020-07-01T00:00:00Z,2041583129.1862392
2020-06-30T00:00:00Z,1945958263
2020-06-29T00:00:00Z,1966566308.7422698
2020-06-28T00:00:00Z,1976734545.2542157
2020-06-27T00:00:00Z,2010333479.1836321
2020-06-26T00:00:00Z,1975756151.7066355
2020-06-25T00:00:00Z,1905870289.802257
2020-06-24T00:00:00Z,1954293052.9693763
2020-06-23T00:00:00Z,1961637895.265457
2020-06-22T00:00:00Z,1749194123.105908
2020-06-21T00:00:00Z,1657144345.4332712
2020-06-20T00:00:00Z,1669536031.167162
2020-06-19T00:00:00Z,1693465141.5740385
2020-06-18T00:00:00Z,1720437673.8287168
2020-06-17T00:00:00Z,1693628789
2020-06-16T00:00:00Z,1686914915.1352327
2020-06-15T00:00:00Z,1705113717.4339986
2020-06-14T00:00:00Z,1659916100.840194
2020-06-13T00:00:00Z,1606749427.5838826
2020-06-12T00:00:00Z,1610948005.9634938
2020-06-11T00:00:00Z,1644359771.1006553
2020-06-10T00:00:00Z,1641407567.2391038
2020-06-09T00:00:00Z,1623770800.3552563
2020-06-08T00:00:00Z,1642919817.5522292
2020-06-07T00:00:00Z,1578002803.9543154
2020-06-06T00:00:00Z,1588749027.0835648
2020-06-05T00:00:00Z,1596433758.084386
2020-06-04T00:00:00Z,1593029771.9343708
2020-06-03T00:00:00Z,1546172842.0982666
2020-06-02T00:00:00Z,1544696703.8798707
2020-06-01T00:00:00Z,1812656778.0451045
2020-05-31T00:00:00Z,1564899165.2746902
2020-05-30T00:00:00Z,1598614426.8198798
2020-05-29T00:00:00Z,1606254421.8837497
2020-05-28T00:00:00Z,1604214332
2020-05-27T00:00:00Z,1548242821.8624701
2020-05-26T00:00:00Z,1497598605
2020-05-25T00:00:00Z,1492736728
2020-05-24T00:00:00Z,1458530949.4492803
2020-05-23T00:00:00Z,1461284491.2921698
2020-05-22T00:00:00Z,1495027327
2020-05-21T00:00:00Z,1451403037
2020-05-20T00:00:00Z,1509202722.8939002
2020-05-19T00:00:00Z,1476974804
2020-05-18T00:00:00Z,1506813207
2020-05-17T00:00:00Z,1488539627
2020-05-16T00:00:00Z,1418032646.3801198
2020-05-15T00:00:00Z,1438721127
2020-05-14T00:00:00Z,1468352447
2020-05-13T00:00:00Z,1414835004
2020-05-12T00:00:00Z,1161916244
2020-05-11T00:00:00Z,1123389901
2020-05-10T00:00:00Z,1145194774
2020-05-09T00:00:00Z,1526909743
2020-05-08T00:00:00Z,1467534245
2020-05-07T00:00:00Z,1397807200
2020-05-06T00:00:00Z,1302284093.9076002
2020-05-05T00:00:00Z,1190501270
2020-05-04T00:00:00Z,1167121712
2020-05-03T00:00:00Z,1183204267.0927498
2020-05-02T00:00:00Z,1138039101
2020-05-01T00:00:00Z,1113769744
2020-04-30T00:00:00Z,1044153106
2020-04-29T00:00:00Z,1096359428
2020-04-28T00:00:00Z,1088577325
2020-04-27T00:00:00Z,1054179145.0850599
2020-04-26T00:00:00Z,1061692612
2020-04-25T00:00:00Z,1044760687
2020-04-24T00:00:00Z,1010656775
2020-04-23T00:00:00Z,1030713904
2020-04-22T00:00:00Z,1155533330
2020-04-21T00:00:00Z,1105971767
2020-04-20T00:00:00Z,1098347712.6595998
2020-04-19T00:00:00Z,1064277209
2020-04-18T00:00:00Z,1087910662
2020-04-17T00:00:00Z,1044174476
2020-04-16T00:00:00Z,1037079324
2020-04-15T00:00:00Z,1116098332.7484999
2020-04-14T00:00:00Z,1050859105.0940701
2020-04-13T00:00:00Z,1029098572
2020-04-12T00:00:00Z,1013024637
2020-04-11T00:00:00Z,1046870051.6573601
2020-04-10T00:00:00Z,1019491548
2020-04-09T00:00:00Z,987913860.9
2020-04-08T00:00:00Z,946056041.9
2020-04-07T00:00:00Z,946195329.3
2020-04-06T00:00:00Z,976671888.1
2020-04-05T00:00:00Z,893236545.4025201
2020-04-04T00:00:00Z,899626132.4
2020-04-03T00:00:00Z,881569628.3155601
2020-04-02T00:00:00Z,861094064.2
2020-04-01T00:00:00Z,929947929.1
2020-03-31T00:00:00Z,892838276.2889601
2020-03-30T00:00:00Z,840594984
2020-03-29T00:00:00Z,860274017.2
2020-03-28T00:00:00Z,798608783.5
2020-03-27T00:00:00Z,735874950.9077699
2020-03-26T00:00:00Z,725496590.6
2020-03-25T00:00:00Z,718874974
2020-03-24T00:00:00Z,694656343.6
2020-03-23T00:00:00Z,704339599
2020-03-22T00:00:00Z,766959416.8
2020-03-21T00:00:00Z,703675061.6
2020-03-20T00:00:00Z,682689878.2624301
2020-03-19T00:00:00Z,731265301.1141701
2020-03-18T00:00:00Z,694686876.8
2020-03-17T00:00:00Z,678137186.3
2020-03-16T00:00:00Z,663263291.6
2020-03-15T00:00:00Z,694297072.8
2020-03-14T00:00:00Z,709605378.5
2020-03-13T00:00:00Z,729771436.9
2020-03-12T00:00:00Z,740023419.7
2020-03-11T00:00:00Z,1342754777
2020-03-10T00:00:00Z,1360122967
2020-03-09T00:00:00Z,1356987375
2020-03-08T00:00:00Z,1485532473
2020-03-07T00:00:00Z,1606036606
2020-03-06T00:00:00Z,1577586336
2020-03-05T00:00:00Z,1565417268
2020-03-04T00:00:00Z,1504429554
2020-03-03T00:00:00Z,1509321221
2020-03-02T00:00:00Z,1528147935
2020-03-01T00:00:00Z,1544287141
2020-02-29T00:00:00Z,1515440983
2020-02-28T00:00:00Z,1548127573
2020-02-27T00:00:00Z,1561604144
2020-02-26T00:00:00Z,1677402207
2020-02-25T00:00:00Z,1786619738
2020-02-24T00:00:00Z,1786712554
2020-02-23T00:00:00Z,1698392299
2020-02-22T00:00:00Z,1677643800
2020-02-21T00:00:00Z,1650526315
2020-02-20T00:00:00Z,1654763860
2020-02-19T00:00:00Z,1654116241
2020-02-18T00:00:00Z,1838832561
2020-02-17T00:00:00Z,1827473532
2020-02-16T00:00:00Z,1791561346
2020-02-15T00:00:00Z,1800114906
2020-02-14T00:00:00Z,1833673962
2020-02-13T00:00:00Z,1827501916
2020-02-12T00:00:00Z,1781391709
2020-02-11T00:00:00Z,1777006420
2020-02-10T00:00:00Z,1729610258
2020-02-09T00:00:00Z,1766095287
2020-02-08T00:00:00Z,1700034984
2020-02-07T00:00:00Z,1710096398
2020-02-06T00:00:00Z,1679636723
2020-02-05T00:00:00Z,1714074171
2020-02-04T00:00:00Z,1625098174
2020-02-03T00:00:00Z,1622495868
2020-02-02T00:00:00Z,1619526144
2020-02-01T00:00:00Z,1548872184
2020-01-31T00:00:00Z,1542921376
2020-01-30T00:00:00Z,1567940605
2020-01-29T00:00:00Z,1541417829
2020-01-28T00:00:00Z,1494917787
2020-01-27T00:00:00Z,1500179035
2020-01-26T00:00:00Z,1401809226
2020-01-25T00:00:00Z,1310651758
2020-01-24T00:00:00Z,1351161023
2020-01-23T00:00:00Z,1386453148.5288801
2020-01-22T00:00:00Z,1335207126
2020-01-21T00:00:00Z,1339890046
2020-01-20T00:00:00Z,1312604258
2020-01-19T00:00:00Z,1299685261
2020-01-18T00:00:00Z,1415803617
2020-01-17T00:00:00Z,1428763964
2020-01-16T00:00:00Z,1366891374
2020-01-15T00:00:00Z,1379810907
2020-01-14T00:00:00Z,1335100481
2020-01-13T00:00:00Z,1225369008
2020-01-12T00:00:00Z,1217740704
2020-01-11T00:00:00Z,1195109923
2020-01-10T00:00:00Z,1199966112
2020-01-09T00:00:00Z,1156363807
2020-01-08T00:00:00Z,1155616049.6904001
2020-01-07T00:00:00Z,1165390751
2020-01-06T00:00:00Z,1150154811
2020-01-05T00:00:00Z,1075979871
2020-01-04T00:00:00Z,1067237140
2020-01-03T00:00:00Z,1031552879
2020-01-02T00:00:00Z,1094250018
2020-01-01T00:00:00Z,1086420503
2019-12-31T00:00:00Z,1071826472
2019-12-30T00:00:00Z,1062287937
2019-12-29T00:00:00Z,1044814547
2019-12-28T00:00:00Z,1029333116
2019-12-27T00:00:00Z,1028733766
2019-12-26T00:00:00Z,1001194855
2019-12-25T00:00:00Z,988665798
2019-12-24T00:00:00Z,988158471
2019-12-23T00:00:00Z,1008440311
2019-12-22T00:00:00Z,1047001078
2019-12-21T00:00:00Z,1008123087
2019-12-20T00:00:00Z,1020007519
2019-12-19T00:00:00Z,994352955
2019-12-18T00:00:00Z,971593524
2019-12-17T00:00:00Z,1092227688
2019-12-16T00:00:00Z,1100570877
2019-12-15T00:00:00Z,1093438385
2019-12-14T00:00:00Z,1127042543
2019-12-13T00:00:00Z,1083712300
2019-12-12T00:00:00Z,1071170065
2019-12-11T00:00:00Z,1116397493
2019-12-10T00:00:00Z,1073093244
2019-12-09T00:00:00Z,1024358443
2019-12-08T00:00:00Z,1024864464
2019-12-07T00:00:00Z,1021643089
2019-12-06T00:00:00Z,997545430
2019-12-05T00:00:00Z,976120591
2019-12-04T00:00:00Z,1010703840
2019-12-03T00:00:00Z,1038578588
2019-12-02T00:00:00Z,1017279542
2019-12-01T00:00:00Z,1000974286
2019-11-30T00:00:00Z,996873669
2019-11-29T00:00:00Z,1003175068
2019-11-28T00:00:00Z,963564857
2019-11-27T00:00:00Z,961392509
2019-11-26T00:00:00Z,970574629
2019-11-25T00:00:00Z,971480374
2019-11-24T00:00:00Z,1042502108
2019-11-23T00:00:00Z,1037306065
2019-11-22T00:00:00Z,1028427559
2019-11-21T00:00:00Z,1165963572
2019-11-20T00:00:00Z,1315294957
2019-11-19T00:00:00Z,1308232715
2019-11-18T00:00:00Z,1290040684
2019-11-17T00:00:00Z,1292675089
2019-11-16T00:00:00Z,1289977285
2019-11-15T00:00:00Z,1281910243
2019-11-14T00:00:00Z,1324732152
2019-11-13T00:00:00Z,1291954346
2019-11-12T00:00:00Z,1237540543
2019-11-11T00:00:00Z,1244562811
2019-11-10T00:00:00Z,1282564693
2019-11-09T00:00:00Z,1274841360
2019-11-08T00:00:00Z,1285042890
2019-11-07T00:00:00Z,1296785248
2019-11-06T00:00:00Z,1084785086
2019-11-05T00:00:00Z,1059128680
2019-11-04T00:00:00Z,1072878582
2019-11-03T00:00:00Z,1032548671
2019-11-02T00:00:00Z,1039846515
2019-11-01T00:00:00Z,1015471776
2019-10-31T00:00:00Z,990353540
2019-10-30T00:00:00Z,1005308786
2019-10-29T00:00:00Z,1037118808
2019-10-28T00:00:00Z,957267976
2019-10-27T00:00:00Z,950037828
2019-10-26T00:00:00Z,888354562
2019-10-25T00:00:00Z,934022012
2019-10-24T00:00:00Z,1036943415
2019-10-23T00:00:00Z,1025044229
2019-10-22T00:00:00Z,1076460058
2019-10-21T00:00:00Z,1023102967
2019-10-20T00:00:00Z,1019212136
2019-10-19T00:00:00Z,1025527968
2019-10-18T00:00:00Z,1037283768
2019-10-17T00:00:00Z,1044080671
2019-10-16T00:00:00Z,1052711575
2019-10-15T00:00:00Z,1036612501
2019-10-14T00:00:00Z,1000020426
2019-10-13T00:00:00Z,984659232
2019-10-12T00:00:00Z,1005751920
2019-10-11T00:00:00Z,1002079811
2019-10-10T00:00:00Z,1009712595
2019-10-09T00:00:00Z,984682960
2019-10-08T00:00:00Z,956659469
2019-10-07T00:00:00Z,955145723
2019-10-06T00:00:00Z,986794939
2019-10-05T00:00:00Z,951973412
2019-10-04T00:00:00Z,949648464
2019-10-03T00:00:00Z,947888505
2019-10-02T00:00:00Z,983460620
2019-10-01T00:00:00Z,986102722
2019-09-30T00:00:00Z,963467469
2019-09-29T00:00:00Z,954056238
2019-09-28T00:00:00Z,928137194
2019-09-27T00:00:00Z,942101065
2019-09-26T00:00:00Z,931666501
2019-09-25T00:00:00Z,948900082
2019-09-24T00:00:00Z,1048403634
2019-09-23T00:00:00Z,1295471059
2019-09-22T00:00:00Z,1266723302
2019-09-21T00:00:00Z,1255312445
2019-09-20T00:00:00Z,1249188576
2019-09-19T00:00:00Z,1233362218
2019-09-18T00:00:00Z,1338375696
2019-09-17T00:00:00Z,1308286178
2019-09-16T00:00:00Z,1311306360
2019-09-15T00:00:00Z,1330599449
2019-09-14T00:00:00Z,1321629769
2019-09-13T00:00:00Z,1302238121
2019-09-12T00:00:00Z,1284305501
2019-09-11T00:00:00Z,1249309580
2019-09-10T00:00:00Z,1246638624
2019-09-09T00:00:00Z,1255251243
2019-09-08T00:00:00Z,1267507347
2019-09-07T00:00:00Z,1267351497
2019-09-06T00:00:00Z,1244301566
2019-09-05T00:00:00Z,1250290638
2019-09-04T00:00:00Z,1064722243
2019-09-03T00:00:00Z,1031853934
2019-09-02T00:00:00Z,1009123627
2019-09-01T00:00:00Z,993867060
2019-08-31T00:00:00Z,996396405
2019-08-30T00:00:00Z,997202632
2019-08-29T00:00:00Z,998570582
2019-08-28T00:00:00Z,1028102683
2019-08-27T00:00:00Z,964632748
2019-08-26T00:00:00Z,940750112
2019-08-25T00:00:00Z,978844051
2019-08-24T00:00:00Z,970374603
2019-08-23T00:00:00Z,1024704093
2019-08-22T00:00:00Z,983730146
2019-08-21T00:00:00Z,947646240
2019-08-20T00:00:00Z,980583714
2019-08-19T00:00:00Z,955698313
2019-08-18T00:00:00Z,907313612
2019-08-17T00:00:00Z,912340414
2019-08-16T00:00:00Z,902901144
2019-08-15T00:00:00Z,906364921
2019-08-14T00:00:00Z,986913992
2019-08-13T00:00:00Z,1099724363
2019-08-12T00:00:00Z,1081440691
2019-08-11T00:00:00Z,1073256819
2019-08-10T00:00:00Z,1090338544
2019-08-09T00:00:00Z,1143616013
2019-08-08T00:00:00Z,1067088183
2019-08-07T00:00:00Z,1048521242
2019-08-06T00:00:00Z,1017445191
2019-08-05T00:00:00Z,1023299550
2019-08-04T00:00:00Z,968117638
2019-08-03T00:00:00Z,948454942
2019-08-02T00:00:00Z,913414153
2019-08-01T00:00:00Z,871701863
2019-07-31T00:00:00Z,832980546
2019-07-30T00:00:00Z,805118270
2019-07-29T00:00:00Z,783414656
2019-07-28T00:00:00Z,780988015
2019-07-27T00:00:00Z,837372998
2019-07-26T00:00:00Z,799302466
2019-07-25T00:00:00Z,807326568
2019-07-24T00:00:00Z,776250364
2019-07-23T00:00:00Z,801325898
2019-07-22T00:00:00Z,802991274
2019-07-21T00:00:00Z,811011349
2019-07-20T00:00:00Z,805631281
2019-07-19T00:00:00Z,765712249
2019-07-18T00:00:00Z,796928027
2019-07-17T00:00:00Z,772533573
2019-07-16T00:00:00Z,836400641
2019-07-15T00:00:00Z,906774190
2019-07-14T00:00:00Z,894664104
2019-07-13T00:00:00Z,952912976
2019-07-12T00:00:00Z,981386697
2019-07-11T00:00:00Z,965474449
2019-07-10T00:00:00Z,1048720149
2019-07-09T00:00:00Z,1113546277
2019-07-08T00:00:00Z,1036258150
2019-07-07T00:00:00Z,907723899
2019-07-06T00:00:00Z,875616477
2019-07-05T00:00:00Z,858222230
2019-07-04T00:00:00Z,881962928
2019-07-03T00:00:00Z,900601876
2019-07-02T00:00:00Z,809925108
2019-07-01T00:00:00Z,845087965
2019-06-30T00:00:00Z,811299063
2019-06-29T00:00:00Z,861078387
2019-06-28T00:00:00Z,909012833
2019-06-27T00:00:00Z,825840492
2019-06-26T00:00:00Z,968498097
2019-06-25T00:00:00Z,1038839720
2019-06-24T00:00:00Z,941114490
2019-06-23T00:00:00Z,968535898
2019-06-22T00:00:00Z,897951934
2019-06-21T00:00:00Z,943756732
2019-06-20T00:00:00Z,920307699
2019-06-19T00:00:00Z,866285848
2019-06-18T00:00:00Z,833785227
2019-06-17T00:00:00Z,809935910
2019-06-16T00:00:00Z,750102218
2019-06-15T00:00:00Z,773719843
2019-06-14T00:00:00Z,678258654
2019-06-13T00:00:00Z,664190856
2019-06-12T00:00:00Z,638857762
2019-06-11T00:00:00Z,593989838
2019-06-10T00:00:00Z,609180382
2019-06-09T00:00:00Z,633117920
2019-06-08T00:00:00Z,600470005
2019-06-07T00:00:00Z,576331965
2019-06-06T00:00:00Z,594959376
2019-06-05T00:00:00Z,604277402
2019-06-04T00:00:00Z,612980697
2019-06-03T00:00:00Z,673906081
2019-06-02T00:00:00Z,728070220
2019-06-01T00:00:00Z,697507528
2019-05-31T00:00:00Z,686960730
2019-05-30T00:00:00Z,697547233
2019-05-29T00:00:00Z,783607318
2019-05-28T00:00:00Z,796420083
2019-05-27T00:00:00Z,770381316
2019-05-26T00:00:00Z,763432623
2019-05-25T00:00:00Z,668368049
2019-05-24T00:00:00Z,629960543
2019-05-23T00:00:00Z,555482114
2019-05-22T00:00:00Z,565712085
2019-05-21T00:00:00Z,579281670
2019-05-20T00:00:00Z,572078202
2019-05-19T00:00:00Z,590809790
2019-05-18T00:00:00Z,532537763
2019-05-17T00:00:00Z,499231622
2019-05-16T00:00:00Z,680070974
2019-05-15T00:00:00Z,660841873
2019-05-14T00:00:00Z,632956625
2019-05-13T00:00:00Z,643606449
2019-05-12T00:00:00Z,593760717
2019-05-11T00:00:00Z,654328788
2019-05-10T00:00:00Z,754672770
2019-05-09T00:00:00Z,673308917
2019-05-08T00:00:00Z,651126101
2019-05-07T00:00:00Z,634297258
2019-05-06T00:00:00Z,673460862
2019-05-05T00:00:00Z,651946957
2019-05-04T00:00:00Z,599317373
2019-05-03T00:00:00Z,632574638
2019-05-02T00:00:00Z,697291801
2019-05-01T00:00:00Z,663152034
2019-04-30T00:00:00Z,644632564
2019-04-29T00:00:00Z,636598725
2019-04-28T00:00:00Z,636776189
2019-04-27T00:00:00Z,610251971
2019-04-26T00:00:00Z,597874981
2019-04-25T00:00:00Z,563496003
2019-04-24T00:00:00Z,606469422
2019-04-23T00:00:00Z,593919694
2019-04-22T00:00:00Z,558621657
2019-04-21T00:00:00Z,554360048
2019-04-20T00:00:00Z,548334772
2019-04-19T00:00:00Z,538317368
2019-04-18T00:00:00Z,520380226
2019-04-17T00:00:00Z,513148753
2019-04-16T00:00:00Z,508753668
2019-04-15T00:00:00Z,509404405
2019-04-14T00:00:00Z,523535272
2019-04-13T00:00:00Z,521294039
2019-04-12T00:00:00Z,489387374
2019-04-11T00:00:00Z,500251192
2019-04-10T00:00:00Z,518491618
2019-04-09T00:00:00Z,517430300
2019-04-08T00:00:00Z,502035713
2019-04-07T00:00:00Z,480086863
2019-04-06T00:00:00Z,469307276
2019-04-05T00:00:00Z,469548602
2019-04-04T00:00:00Z,479793646
2019-04-03T00:00:00Z,438061129
2019-04-02T00:00:00Z,464153950
2019-04-01T00:00:00Z,650840580
2019-03-31T00:00:00Z,618514013
2019-03-30T00:00:00Z,605258083
